scene,seed,condition,method,frame,part_id,target,visible,predicted_present,gt_pixels,predicted_pixels,intersection_pixels,union_pixels,false_positive_pixels,false_negative_pixels,iou,pixel_precision,pixel_recall
calibration_long_occlusion_1000,1000,long_occlusion,sam2_1_tiny,1,1,car_A.front_door,True,True,3304,3302,3302,3304,0,2,0.9993946731234867,1.0,0.9993946731234867
calibration_long_occlusion_1000,1000,long_occlusion,sam2_1_tiny,2,1,car_A.front_door,True,True,3304,3302,3302,3304,0,2,0.9993946731234867,1.0,0.9993946731234867
calibration_long_occlusion_1000,1000,long_occlusion,sam2_1_tiny,3,1,car_A.front_door,True,True,3304,3302,3302,3304,0,2,0.9993946731234867,1.0,0.9993946731234867
calibration_long_occlusion_1000,1000,long_occlusion,sam2_1_tiny,4,1,car_A.front_door,True,True,3304,3339,3300,3343,39,4,0.9871373018247084,0.9883198562443846,0.9987893462469734
calibration_long_occlusion_1000,1000,long_occlusion,sam2_1_tiny,5,1,car_A.front_door,True,True,3304,3302,3302,3304,0,2,0.9993946731234867,1.0,0.9993946731234867
calibration_long_occlusion_1000,1000,long_occlusion,sam2_1_tiny,6,1,car_A.front_door,True,True,3304,3314,3300,3318,14,4,0.9945750452079566,0.995775497887749,0.9987893462469734
calibration_long_occlusion_1000,1000,long_occlusion,sam2_1_tiny,7,1,car_A.front_door,True,True,3304,3302,3302,3304,0,2,0.9993946731234867,1.0,0.9993946731234867
calibration_long_occlusion_1000,1000,long_occlusion,sam2_1_tiny,8,1,car_A.front_door,True,True,2856,2854,2854,2856,0,2,0.9992997198879552,1.0,0.9992997198879552
calibration_long_occlusion_1000,1000,long_occlusion,sam2_1_tiny,9,1,car_A.front_door,True,True,2128,2126,2126,2128,0,2,0.9990601503759399,1.0,0.9990601503759399
calibration_long_occlusion_1000,1000,long_occlusion,sam2_1_tiny,10,1,car_A.front_door,True,True,1344,1378,1343,1379,35,1,0.9738941261783901,0.974600870827286,0.9992559523809523
calibration_long_occlusion_1000,1000,long_occlusion,sam2_1_tiny,11,1,car_A.front_door,True,True,504,504,504,504,0,0,1.0,1.0,1.0
calibration_long_occlusion_1000,1000,long_occlusion,sam2_1_tiny,12,1,car_A.front_door,False,False,0,0,0,0,0,0,,,
calibration_long_occlusion_1000,1000,long_occlusion,sam2_1_tiny,13,1,car_A.front_door,False,False,0,0,0,0,0,0,,,
calibration_long_occlusion_1000,1000,long_occlusion,sam2_1_tiny,14,1,car_A.front_door,False,False,0,0,0,0,0,0,,,
calibration_long_occlusion_1000,1000,long_occlusion,sam2_1_tiny,15,1,car_A.front_door,False,False,0,0,0,0,0,0,,,
calibration_long_occlusion_1000,1000,long_occlusion,sam2_1_tiny,16,1,car_A.front_door,False,False,0,0,0,0,0,0,,,
calibration_long_occlusion_1000,1000,long_occlusion,sam2_1_tiny,17,1,car_A.front_door,False,False,0,0,0,0,0,0,,,
calibration_long_occlusion_1000,1000,long_occlusion,sam2_1_tiny,18,1,car_A.front_door,False,False,0,0,0,0,0,0,,,
calibration_long_occlusion_1000,1000,long_occlusion,sam2_1_tiny,19,1,car_A.front_door,False,False,0,0,0,0,0,0,,,
calibration_long_occlusion_1000,1000,long_occlusion,sam2_1_tiny,20,1,car_A.front_door,False,False,0,0,0,0,0,0,,,
calibration_long_occlusion_1000,1000,long_occlusion,sam2_1_tiny,21,1,car_A.front_door,False,False,0,0,0,0,0,0,,,
calibration_long_occlusion_1000,1000,long_occlusion,sam2_1_tiny,22,1,car_A.front_door,False,False,0,0,0,0,0,0,,,
calibration_long_occlusion_1000,1000,long_occlusion,sam2_1_tiny,23,1,car_A.front_door,False,False,0,0,0,0,0,0,,,
calibration_long_occlusion_1000,1000,long_occlusion,sam2_1_tiny,24,1,car_A.front_door,False,False,0,0,0,0,0,0,,,
calibration_long_occlusion_1000,1000,long_occlusion,sam2_1_tiny,25,1,car_A.front_door,False,False,0,0,0,0,0,0,,,
calibration_long_occlusion_1000,1000,long_occlusion,sam2_1_tiny,26,1,car_A.front_door,False,False,0,0,0,0,0,0,,,
calibration_long_occlusion_1000,1000,long_occlusion,sam2_1_tiny,27,1,car_A.front_door,False,False,0,0,0,0,0,0,,,
calibration_long_occlusion_1000,1000,long_occlusion,sam2_1_tiny,28,1,car_A.front_door,False,False,0,0,0,0,0,0,,,
calibration_long_occlusion_1000,1000,long_occlusion,sam2_1_tiny,29,1,car_A.front_door,False,False,0,0,0,0,0,0,,,
calibration_long_occlusion_1000,1000,long_occlusion,sam2_1_tiny,30,1,car_A.front_door,False,False,0,0,0,0,0,0,,,
calibration_long_occlusion_1000,1000,long_occlusion,sam2_1_tiny,31,1,car_A.front_door,False,False,0,0,0,0,0,0,,,
calibration_long_occlusion_1000,1000,long_occlusion,sam2_1_tiny,32,1,car_A.front_door,False,False,0,0,0,0,0,0,,,
calibration_long_occlusion_1000,1000,long_occlusion,sam2_1_tiny,33,1,car_A.front_door,False,False,0,0,0,0,0,0,,,
calibration_long_occlusion_1000,1000,long_occlusion,sam2_1_tiny,34,1,car_A.front_door,False,False,0,0,0,0,0,0,,,
calibration_long_occlusion_1000,1000,long_occlusion,sam2_1_tiny,35,1,car_A.front_door,False,False,0,0,0,0,0,0,,,
calibration_long_occlusion_1000,1000,long_occlusion,sam2_1_tiny,36,1,car_A.front_door,False,False,0,0,0,0,0,0,,,
calibration_long_occlusion_1000,1000,long_occlusion,sam2_1_tiny,37,1,car_A.front_door,False,False,0,0,0,0,0,0,,,
calibration_long_occlusion_1000,1000,long_occlusion,sam2_1_tiny,38,1,car_A.front_door,False,False,0,0,0,0,0,0,,,
calibration_long_occlusion_1000,1000,long_occlusion,sam2_1_tiny,39,1,car_A.front_door,False,False,0,0,0,0,0,0,,,
calibration_long_occlusion_1000,1000,long_occlusion,sam2_1_tiny,40,1,car_A.front_door,False,False,0,0,0,0,0,0,,,
calibration_long_occlusion_1000,1000,long_occlusion,sam2_1_tiny,41,1,car_A.front_door,False,False,0,0,0,0,0,0,,,
calibration_long_occlusion_1000,1000,long_occlusion,sam2_1_tiny,42,1,car_A.front_door,False,False,0,0,0,0,0,0,,,
calibration_long_occlusion_1000,1000,long_occlusion,sam2_1_tiny,43,1,car_A.front_door,False,False,0,0,0,0,0,0,,,
calibration_long_occlusion_1000,1000,long_occlusion,sam2_1_tiny,44,1,car_A.front_door,False,False,0,0,0,0,0,0,,,
calibration_long_occlusion_1000,1000,long_occlusion,sam2_1_tiny,45,1,car_A.front_door,False,False,0,0,0,0,0,0,,,
calibration_long_occlusion_1000,1000,long_occlusion,sam2_1_tiny,46,1,car_A.front_door,False,False,0,0,0,0,0,0,,,
calibration_long_occlusion_1000,1000,long_occlusion,sam2_1_tiny,47,1,car_A.front_door,False,False,0,0,0,0,0,0,,,
calibration_long_occlusion_1000,1000,long_occlusion,sam2_1_tiny,48,1,car_A.front_door,False,True,0,107,0,107,107,0,,0.0,
calibration_long_occlusion_1000,1000,long_occlusion,sam2_1_tiny,49,1,car_A.front_door,False,True,0,656,0,656,656,0,,0.0,
calibration_long_occlusion_1000,1000,long_occlusion,sam2_1_tiny,50,1,car_A.front_door,False,True,0,1298,0,1298,1298,0,,0.0,
calibration_long_occlusion_1000,1000,long_occlusion,sam2_1_tiny,51,1,car_A.front_door,False,True,0,1888,0,1888,1888,0,,0.0,
calibration_long_occlusion_1000,1000,long_occlusion,sam2_1_tiny,52,1,car_A.front_door,False,True,0,2536,0,2536,2536,0,,0.0,
calibration_long_occlusion_1000,1000,long_occlusion,sam2_1_tiny,53,1,car_A.front_door,False,True,0,2751,0,2751,2751,0,,0.0,
calibration_long_occlusion_1000,1000,long_occlusion,sam2_1_tiny,54,1,car_A.front_door,True,True,448,3189,438,3199,2751,10,0.13691778680837763,0.13734713076199437,0.9776785714285714
calibration_long_occlusion_1000,1000,long_occlusion,sam2_1_tiny,55,1,car_A.front_door,True,True,1064,3843,1049,3858,2794,15,0.27190254017625715,0.2729638303408795,0.9859022556390977
calibration_long_occlusion_1000,1000,long_occlusion,sam2_1_tiny,56,1,car_A.front_door,True,True,1680,1678,1678,1680,0,2,0.9988095238095238,1.0,0.9988095238095238
calibration_long_occlusion_1000,1000,long_occlusion,sam2_1_tiny,57,1,car_A.front_door,True,True,2240,2238,2238,2240,0,2,0.9991071428571429,1.0,0.9991071428571429
calibration_long_occlusion_1000,1000,long_occlusion,sam2_1_tiny,58,1,car_A.front_door,True,True,2800,2798,2798,2800,0,2,0.9992857142857143,1.0,0.9992857142857143
calibration_long_occlusion_1000,1000,long_occlusion,sam2_1_tiny,59,1,car_A.front_door,True,True,3192,3188,3188,3192,0,4,0.9987468671679198,1.0,0.9987468671679198
calibration_long_occlusion_1000,1000,long_occlusion,sam2_1_tiny,60,1,car_A.front_door,True,True,3304,3300,3300,3304,0,4,0.9987893462469734,1.0,0.9987893462469734
calibration_long_occlusion_1000,1000,long_occlusion,sam2_1_tiny,61,1,car_A.front_door,True,True,3304,3301,3301,3304,0,3,0.99909200968523,1.0,0.99909200968523
calibration_long_occlusion_1000,1000,long_occlusion,sam2_1_tiny,62,1,car_A.front_door,True,True,3304,3299,3299,3304,0,5,0.9984866828087167,1.0,0.9984866828087167
calibration_long_occlusion_1000,1000,long_occlusion,sam2_1_tiny,63,1,car_A.front_door,True,True,3304,3300,3300,3304,0,4,0.9987893462469734,1.0,0.9987893462469734
calibration_long_occlusion_1000,1000,long_occlusion,sam2_1_tiny,1,2,car_A.window,True,True,2052,2049,2049,2052,0,3,0.9985380116959064,1.0,0.9985380116959064
calibration_long_occlusion_1000,1000,long_occlusion,sam2_1_tiny,2,2,car_A.window,True,True,2052,2049,2049,2052,0,3,0.9985380116959064,1.0,0.9985380116959064
calibration_long_occlusion_1000,1000,long_occlusion,sam2_1_tiny,3,2,car_A.window,True,True,2052,2049,2049,2052,0,3,0.9985380116959064,1.0,0.9985380116959064
calibration_long_occlusion_1000,1000,long_occlusion,sam2_1_tiny,4,2,car_A.window,True,True,2052,2050,2050,2052,0,2,0.9990253411306043,1.0,0.9990253411306043
calibration_long_occlusion_1000,1000,long_occlusion,sam2_1_tiny,5,2,car_A.window,True,True,2052,2049,2049,2052,0,3,0.9985380116959064,1.0,0.9985380116959064
calibration_long_occlusion_1000,1000,long_occlusion,sam2_1_tiny,6,2,car_A.window,True,True,2052,2050,2050,2052,0,2,0.9990253411306043,1.0,0.9990253411306043
calibration_long_occlusion_1000,1000,long_occlusion,sam2_1_tiny,7,2,car_A.window,True,True,2052,2049,2049,2052,0,3,0.9985380116959064,1.0,0.9985380116959064
calibration_long_occlusion_1000,1000,long_occlusion,sam2_1_tiny,8,2,car_A.window,True,True,1908,1904,1904,1908,0,4,0.9979035639412998,1.0,0.9979035639412998
calibration_long_occlusion_1000,1000,long_occlusion,sam2_1_tiny,9,2,car_A.window,True,True,1440,1438,1438,1440,0,2,0.9986111111111111,1.0,0.9986111111111111
calibration_long_occlusion_1000,1000,long_occlusion,sam2_1_tiny,10,2,car_A.window,True,True,936,934,934,936,0,2,0.9978632478632479,1.0,0.9978632478632479
calibration_long_occlusion_1000,1000,long_occlusion,sam2_1_tiny,11,2,car_A.window,True,True,396,396,396,396,0,0,1.0,1.0,1.0
calibration_long_occlusion_1000,1000,long_occlusion,sam2_1_tiny,12,2,car_A.window,False,False,0,0,0,0,0,0,,,
calibration_long_occlusion_1000,1000,long_occlusion,sam2_1_tiny,13,2,car_A.window,False,False,0,0,0,0,0,0,,,
calibration_long_occlusion_1000,1000,long_occlusion,sam2_1_tiny,14,2,car_A.window,False,False,0,0,0,0,0,0,,,
calibration_long_occlusion_1000,1000,long_occlusion,sam2_1_tiny,15,2,car_A.window,False,False,0,0,0,0,0,0,,,
calibration_long_occlusion_1000,1000,long_occlusion,sam2_1_tiny,16,2,car_A.window,False,False,0,0,0,0,0,0,,,
calibration_long_occlusion_1000,1000,long_occlusion,sam2_1_tiny,17,2,car_A.window,False,False,0,0,0,0,0,0,,,
calibration_long_occlusion_1000,1000,long_occlusion,sam2_1_tiny,18,2,car_A.window,False,False,0,0,0,0,0,0,,,
calibration_long_occlusion_1000,1000,long_occlusion,sam2_1_tiny,19,2,car_A.window,False,False,0,0,0,0,0,0,,,
calibration_long_occlusion_1000,1000,long_occlusion,sam2_1_tiny,20,2,car_A.window,False,False,0,0,0,0,0,0,,,
calibration_long_occlusion_1000,1000,long_occlusion,sam2_1_tiny,21,2,car_A.window,False,False,0,0,0,0,0,0,,,
calibration_long_occlusion_1000,1000,long_occlusion,sam2_1_tiny,22,2,car_A.window,False,False,0,0,0,0,0,0,,,
calibration_long_occlusion_1000,1000,long_occlusion,sam2_1_tiny,23,2,car_A.window,False,False,0,0,0,0,0,0,,,
calibration_long_occlusion_1000,1000,long_occlusion,sam2_1_tiny,24,2,car_A.window,False,False,0,0,0,0,0,0,,,
calibration_long_occlusion_1000,1000,long_occlusion,sam2_1_tiny,25,2,car_A.window,False,False,0,0,0,0,0,0,,,
calibration_long_occlusion_1000,1000,long_occlusion,sam2_1_tiny,26,2,car_A.window,False,False,0,0,0,0,0,0,,,
calibration_long_occlusion_1000,1000,long_occlusion,sam2_1_tiny,27,2,car_A.window,False,False,0,0,0,0,0,0,,,
calibration_long_occlusion_1000,1000,long_occlusion,sam2_1_tiny,28,2,car_A.window,False,False,0,0,0,0,0,0,,,
calibration_long_occlusion_1000,1000,long_occlusion,sam2_1_tiny,29,2,car_A.window,False,False,0,0,0,0,0,0,,,
calibration_long_occlusion_1000,1000,long_occlusion,sam2_1_tiny,30,2,car_A.window,False,False,0,0,0,0,0,0,,,
calibration_long_occlusion_1000,1000,long_occlusion,sam2_1_tiny,31,2,car_A.window,False,False,0,0,0,0,0,0,,,
calibration_long_occlusion_1000,1000,long_occlusion,sam2_1_tiny,32,2,car_A.window,False,False,0,0,0,0,0,0,,,
calibration_long_occlusion_1000,1000,long_occlusion,sam2_1_tiny,33,2,car_A.window,False,False,0,0,0,0,0,0,,,
calibration_long_occlusion_1000,1000,long_occlusion,sam2_1_tiny,34,2,car_A.window,False,False,0,0,0,0,0,0,,,
calibration_long_occlusion_1000,1000,long_occlusion,sam2_1_tiny,35,2,car_A.window,False,False,0,0,0,0,0,0,,,
calibration_long_occlusion_1000,1000,long_occlusion,sam2_1_tiny,36,2,car_A.window,False,False,0,0,0,0,0,0,,,
calibration_long_occlusion_1000,1000,long_occlusion,sam2_1_tiny,37,2,car_A.window,False,False,0,0,0,0,0,0,,,
calibration_long_occlusion_1000,1000,long_occlusion,sam2_1_tiny,38,2,car_A.window,False,False,0,0,0,0,0,0,,,
calibration_long_occlusion_1000,1000,long_occlusion,sam2_1_tiny,39,2,car_A.window,False,False,0,0,0,0,0,0,,,
calibration_long_occlusion_1000,1000,long_occlusion,sam2_1_tiny,40,2,car_A.window,False,False,0,0,0,0,0,0,,,
calibration_long_occlusion_1000,1000,long_occlusion,sam2_1_tiny,41,2,car_A.window,False,False,0,0,0,0,0,0,,,
calibration_long_occlusion_1000,1000,long_occlusion,sam2_1_tiny,42,2,car_A.window,False,False,0,0,0,0,0,0,,,
calibration_long_occlusion_1000,1000,long_occlusion,sam2_1_tiny,43,2,car_A.window,False,False,0,0,0,0,0,0,,,
calibration_long_occlusion_1000,1000,long_occlusion,sam2_1_tiny,44,2,car_A.window,False,False,0,0,0,0,0,0,,,
calibration_long_occlusion_1000,1000,long_occlusion,sam2_1_tiny,45,2,car_A.window,False,False,0,0,0,0,0,0,,,
calibration_long_occlusion_1000,1000,long_occlusion,sam2_1_tiny,46,2,car_A.window,False,False,0,0,0,0,0,0,,,
calibration_long_occlusion_1000,1000,long_occlusion,sam2_1_tiny,47,2,car_A.window,False,False,0,0,0,0,0,0,,,
calibration_long_occlusion_1000,1000,long_occlusion,sam2_1_tiny,48,2,car_A.window,False,False,0,0,0,0,0,0,,,
calibration_long_occlusion_1000,1000,long_occlusion,sam2_1_tiny,49,2,car_A.window,False,True,0,216,0,216,216,0,,0.0,
calibration_long_occlusion_1000,1000,long_occlusion,sam2_1_tiny,50,2,car_A.window,False,True,0,587,0,587,587,0,,0.0,
calibration_long_occlusion_1000,1000,long_occlusion,sam2_1_tiny,51,2,car_A.window,False,True,0,928,0,928,928,0,,0.0,
calibration_long_occlusion_1000,1000,long_occlusion,sam2_1_tiny,52,2,car_A.window,False,True,0,1299,0,1299,1299,0,,0.0,
calibration_long_occlusion_1000,1000,long_occlusion,sam2_1_tiny,53,2,car_A.window,False,True,0,1392,0,1392,1392,0,,0.0,
calibration_long_occlusion_1000,1000,long_occlusion,sam2_1_tiny,54,2,car_A.window,True,True,360,1392,0,1752,1392,360,0.0,0.0,0.0
calibration_long_occlusion_1000,1000,long_occlusion,sam2_1_tiny,55,2,car_A.window,True,True,756,1393,0,2149,1393,756,0.0,0.0,0.0
calibration_long_occlusion_1000,1000,long_occlusion,sam2_1_tiny,56,2,car_A.window,True,True,1152,1392,0,2544,1392,1152,0.0,0.0,0.0
calibration_long_occlusion_1000,1000,long_occlusion,sam2_1_tiny,57,2,car_A.window,True,True,1512,1392,0,2904,1392,1512,0.0,0.0,0.0
calibration_long_occlusion_1000,1000,long_occlusion,sam2_1_tiny,58,2,car_A.window,True,True,1872,1394,0,3266,1394,1872,0.0,0.0,0.0
calibration_long_occlusion_1000,1000,long_occlusion,sam2_1_tiny,59,2,car_A.window,True,True,2052,1393,0,3445,1393,2052,0.0,0.0,0.0
calibration_long_occlusion_1000,1000,long_occlusion,sam2_1_tiny,60,2,car_A.window,True,True,2052,1393,0,3445,1393,2052,0.0,0.0,0.0
calibration_long_occlusion_1000,1000,long_occlusion,sam2_1_tiny,61,2,car_A.window,True,True,2052,1394,0,3446,1394,2052,0.0,0.0,0.0
calibration_long_occlusion_1000,1000,long_occlusion,sam2_1_tiny,62,2,car_A.window,True,True,2052,1393,0,3445,1393,2052,0.0,0.0,0.0
calibration_long_occlusion_1000,1000,long_occlusion,sam2_1_tiny,63,2,car_A.window,True,True,2052,1394,0,3446,1394,2052,0.0,0.0,0.0
calibration_long_occlusion_1000,1000,long_occlusion,sam2_1_tiny,1,3,car_B.front_door,True,True,3304,3301,3301,3304,0,3,0.99909200968523,1.0,0.99909200968523
calibration_long_occlusion_1000,1000,long_occlusion,sam2_1_tiny,2,3,car_B.front_door,True,True,3304,3301,3301,3304,0,3,0.99909200968523,1.0,0.99909200968523
calibration_long_occlusion_1000,1000,long_occlusion,sam2_1_tiny,3,3,car_B.front_door,True,True,3304,3301,3301,3304,0,3,0.99909200968523,1.0,0.99909200968523
calibration_long_occlusion_1000,1000,long_occlusion,sam2_1_tiny,4,3,car_B.front_door,True,True,3304,3301,3301,3304,0,3,0.99909200968523,1.0,0.99909200968523
calibration_long_occlusion_1000,1000,long_occlusion,sam2_1_tiny,5,3,car_B.front_door,True,True,3304,3301,3301,3304,0,3,0.99909200968523,1.0,0.99909200968523
calibration_long_occlusion_1000,1000,long_occlusion,sam2_1_tiny,6,3,car_B.front_door,True,True,3304,3301,3301,3304,0,3,0.99909200968523,1.0,0.99909200968523
calibration_long_occlusion_1000,1000,long_occlusion,sam2_1_tiny,7,3,car_B.front_door,True,True,3304,3301,3301,3304,0,3,0.99909200968523,1.0,0.99909200968523
calibration_long_occlusion_1000,1000,long_occlusion,sam2_1_tiny,8,3,car_B.front_door,True,True,3304,3301,3301,3304,0,3,0.99909200968523,1.0,0.99909200968523
calibration_long_occlusion_1000,1000,long_occlusion,sam2_1_tiny,9,3,car_B.front_door,True,True,3304,3301,3301,3304,0,3,0.99909200968523,1.0,0.99909200968523
calibration_long_occlusion_1000,1000,long_occlusion,sam2_1_tiny,10,3,car_B.front_door,True,True,3304,3302,3301,3305,1,3,0.9987897125567322,0.9996971532404604,0.99909200968523
calibration_long_occlusion_1000,1000,long_occlusion,sam2_1_tiny,11,3,car_B.front_door,True,True,3304,3301,3301,3304,0,3,0.99909200968523,1.0,0.99909200968523
calibration_long_occlusion_1000,1000,long_occlusion,sam2_1_tiny,12,3,car_B.front_door,True,True,3304,3301,3301,3304,0,3,0.99909200968523,1.0,0.99909200968523
calibration_long_occlusion_1000,1000,long_occlusion,sam2_1_tiny,13,3,car_B.front_door,True,True,3304,3301,3301,3304,0,3,0.99909200968523,1.0,0.99909200968523
calibration_long_occlusion_1000,1000,long_occlusion,sam2_1_tiny,14,3,car_B.front_door,True,True,3304,3301,3301,3304,0,3,0.99909200968523,1.0,0.99909200968523
calibration_long_occlusion_1000,1000,long_occlusion,sam2_1_tiny,15,3,car_B.front_door,True,True,3304,3301,3301,3304,0,3,0.99909200968523,1.0,0.99909200968523
calibration_long_occlusion_1000,1000,long_occlusion,sam2_1_tiny,16,3,car_B.front_door,True,True,3304,3302,3302,3304,0,2,0.9993946731234867,1.0,0.9993946731234867
calibration_long_occlusion_1000,1000,long_occlusion,sam2_1_tiny,17,3,car_B.front_door,True,True,3304,3301,3301,3304,0,3,0.99909200968523,1.0,0.99909200968523
calibration_long_occlusion_1000,1000,long_occlusion,sam2_1_tiny,18,3,car_B.front_door,True,True,3304,3302,3302,3304,0,2,0.9993946731234867,1.0,0.9993946731234867
calibration_long_occlusion_1000,1000,long_occlusion,sam2_1_tiny,19,3,car_B.front_door,True,True,3304,3301,3301,3304,0,3,0.99909200968523,1.0,0.99909200968523
calibration_long_occlusion_1000,1000,long_occlusion,sam2_1_tiny,20,3,car_B.front_door,True,True,3304,3301,3301,3304,0,3,0.99909200968523,1.0,0.99909200968523
calibration_long_occlusion_1000,1000,long_occlusion,sam2_1_tiny,21,3,car_B.front_door,True,True,3304,3301,3301,3304,0,3,0.99909200968523,1.0,0.99909200968523
calibration_long_occlusion_1000,1000,long_occlusion,sam2_1_tiny,22,3,car_B.front_door,True,True,3304,3301,3301,3304,0,3,0.99909200968523,1.0,0.99909200968523
calibration_long_occlusion_1000,1000,long_occlusion,sam2_1_tiny,23,3,car_B.front_door,True,True,3304,3302,3301,3305,1,3,0.9987897125567322,0.9996971532404604,0.99909200968523
calibration_long_occlusion_1000,1000,long_occlusion,sam2_1_tiny,24,3,car_B.front_door,True,True,3304,3301,3301,3304,0,3,0.99909200968523,1.0,0.99909200968523
calibration_long_occlusion_1000,1000,long_occlusion,sam2_1_tiny,25,3,car_B.front_door,True,True,3304,3301,3301,3304,0,3,0.99909200968523,1.0,0.99909200968523
calibration_long_occlusion_1000,1000,long_occlusion,sam2_1_tiny,26,3,car_B.front_door,True,True,3304,3302,3302,3304,0,2,0.9993946731234867,1.0,0.9993946731234867
calibration_long_occlusion_1000,1000,long_occlusion,sam2_1_tiny,27,3,car_B.front_door,True,True,3304,3301,3301,3304,0,3,0.99909200968523,1.0,0.99909200968523
calibration_long_occlusion_1000,1000,long_occlusion,sam2_1_tiny,28,3,car_B.front_door,True,True,3304,3301,3301,3304,0,3,0.99909200968523,1.0,0.99909200968523
calibration_long_occlusion_1000,1000,long_occlusion,sam2_1_tiny,29,3,car_B.front_door,True,True,3304,3301,3301,3304,0,3,0.99909200968523,1.0,0.99909200968523
calibration_long_occlusion_1000,1000,long_occlusion,sam2_1_tiny,30,3,car_B.front_door,True,True,3304,3302,3302,3304,0,2,0.9993946731234867,1.0,0.9993946731234867
calibration_long_occlusion_1000,1000,long_occlusion,sam2_1_tiny,31,3,car_B.front_door,True,True,3304,3305,3301,3308,4,3,0.9978839177750907,0.9987897125567322,0.99909200968523
calibration_long_occlusion_1000,1000,long_occlusion,sam2_1_tiny,32,3,car_B.front_door,True,True,3304,3301,3301,3304,0,3,0.99909200968523,1.0,0.99909200968523
calibration_long_occlusion_1000,1000,long_occlusion,sam2_1_tiny,33,3,car_B.front_door,True,True,3304,3302,3301,3305,1,3,0.9987897125567322,0.9996971532404604,0.99909200968523
calibration_long_occlusion_1000,1000,long_occlusion,sam2_1_tiny,34,3,car_B.front_door,True,True,3304,3302,3301,3305,1,3,0.9987897125567322,0.9996971532404604,0.99909200968523
calibration_long_occlusion_1000,1000,long_occlusion,sam2_1_tiny,35,3,car_B.front_door,True,True,3304,3304,3301,3307,3,3,0.998185666767463,0.99909200968523,0.99909200968523
calibration_long_occlusion_1000,1000,long_occlusion,sam2_1_tiny,36,3,car_B.front_door,True,True,3304,3303,3300,3307,3,4,0.9978832778953735,0.9990917347865577,0.9987893462469734
calibration_long_occlusion_1000,1000,long_occlusion,sam2_1_tiny,37,3,car_B.front_door,True,True,3304,3304,3301,3307,3,3,0.998185666767463,0.99909200968523,0.99909200968523
calibration_long_occlusion_1000,1000,long_occlusion,sam2_1_tiny,38,3,car_B.front_door,True,True,3304,3303,3301,3306,2,3,0.9984875983061101,0.9993944898577051,0.99909200968523
calibration_long_occlusion_1000,1000,long_occlusion,sam2_1_tiny,39,3,car_B.front_door,True,True,3304,3301,3301,3304,0,3,0.99909200968523,1.0,0.99909200968523
calibration_long_occlusion_1000,1000,long_occlusion,sam2_1_tiny,40,3,car_B.front_door,True,True,3304,3301,3301,3304,0,3,0.99909200968523,1.0,0.99909200968523
calibration_long_occlusion_1000,1000,long_occlusion,sam2_1_tiny,41,3,car_B.front_door,True,True,3304,3302,3301,3305,1,3,0.9987897125567322,0.9996971532404604,0.99909200968523
calibration_long_occlusion_1000,1000,long_occlusion,sam2_1_tiny,42,3,car_B.front_door,True,True,3304,3303,3301,3306,2,3,0.9984875983061101,0.9993944898577051,0.99909200968523
calibration_long_occlusion_1000,1000,long_occlusion,sam2_1_tiny,43,3,car_B.front_door,True,True,3304,3305,3302,3307,3,2,0.9984880556395525,0.9990922844175492,0.9993946731234867
calibration_long_occlusion_1000,1000,long_occlusion,sam2_1_tiny,44,3,car_B.front_door,True,True,3304,3301,3301,3304,0,3,0.99909200968523,1.0,0.99909200968523
calibration_long_occlusion_1000,1000,long_occlusion,sam2_1_tiny,45,3,car_B.front_door,True,True,3304,3301,3301,3304,0,3,0.99909200968523,1.0,0.99909200968523
calibration_long_occlusion_1000,1000,long_occlusion,sam2_1_tiny,46,3,car_B.front_door,True,True,3304,3301,3301,3304,0,3,0.99909200968523,1.0,0.99909200968523
calibration_long_occlusion_1000,1000,long_occlusion,sam2_1_tiny,47,3,car_B.front_door,True,True,3304,3302,3302,3304,0,2,0.9993946731234867,1.0,0.9993946731234867
calibration_long_occlusion_1000,1000,long_occlusion,sam2_1_tiny,48,3,car_B.front_door,True,True,3304,3304,3301,3307,3,3,0.998185666767463,0.99909200968523,0.99909200968523
calibration_long_occlusion_1000,1000,long_occlusion,sam2_1_tiny,49,3,car_B.front_door,True,True,3304,3301,3301,3304,0,3,0.99909200968523,1.0,0.99909200968523
calibration_long_occlusion_1000,1000,long_occlusion,sam2_1_tiny,50,3,car_B.front_door,True,True,3304,3304,3301,3307,3,3,0.998185666767463,0.99909200968523,0.99909200968523
calibration_long_occlusion_1000,1000,long_occlusion,sam2_1_tiny,51,3,car_B.front_door,True,True,3304,3305,3301,3308,4,3,0.9978839177750907,0.9987897125567322,0.99909200968523
calibration_long_occlusion_1000,1000,long_occlusion,sam2_1_tiny,52,3,car_B.front_door,True,True,3304,3302,3301,3305,1,3,0.9987897125567322,0.9996971532404604,0.99909200968523
calibration_long_occlusion_1000,1000,long_occlusion,sam2_1_tiny,53,3,car_B.front_door,True,True,3304,3303,3301,3306,2,3,0.9984875983061101,0.9993944898577051,0.99909200968523
calibration_long_occlusion_1000,1000,long_occlusion,sam2_1_tiny,54,3,car_B.front_door,True,True,3304,3302,3301,3305,1,3,0.9987897125567322,0.9996971532404604,0.99909200968523
calibration_long_occlusion_1000,1000,long_occlusion,sam2_1_tiny,55,3,car_B.front_door,True,True,3304,3306,3302,3308,4,2,0.998186215235792,0.9987900786448881,0.9993946731234867
calibration_long_occlusion_1000,1000,long_occlusion,sam2_1_tiny,56,3,car_B.front_door,True,True,3304,3302,3301,3305,1,3,0.9987897125567322,0.9996971532404604,0.99909200968523
calibration_long_occlusion_1000,1000,long_occlusion,sam2_1_tiny,57,3,car_B.front_door,True,True,3304,3302,3301,3305,1,3,0.9987897125567322,0.9996971532404604,0.99909200968523
calibration_long_occlusion_1000,1000,long_occlusion,sam2_1_tiny,58,3,car_B.front_door,True,True,3304,3305,3302,3307,3,2,0.9984880556395525,0.9990922844175492,0.9993946731234867
calibration_long_occlusion_1000,1000,long_occlusion,sam2_1_tiny,59,3,car_B.front_door,True,True,3304,3302,3301,3305,1,3,0.9987897125567322,0.9996971532404604,0.99909200968523
calibration_long_occlusion_1000,1000,long_occlusion,sam2_1_tiny,60,3,car_B.front_door,True,True,3304,3303,3301,3306,2,3,0.9984875983061101,0.9993944898577051,0.99909200968523
calibration_long_occlusion_1000,1000,long_occlusion,sam2_1_tiny,61,3,car_B.front_door,True,True,3304,3303,3301,3306,2,3,0.9984875983061101,0.9993944898577051,0.99909200968523
calibration_long_occlusion_1000,1000,long_occlusion,sam2_1_tiny,62,3,car_B.front_door,True,True,3304,3302,3301,3305,1,3,0.9987897125567322,0.9996971532404604,0.99909200968523
calibration_long_occlusion_1000,1000,long_occlusion,sam2_1_tiny,63,3,car_B.front_door,True,True,3304,3302,3301,3305,1,3,0.9987897125567322,0.9996971532404604,0.99909200968523
calibration_long_occlusion_1000,1000,long_occlusion,sam2_1_tiny,1,4,car_B.window,True,True,2052,2050,2050,2052,0,2,0.9990253411306043,1.0,0.9990253411306043
calibration_long_occlusion_1000,1000,long_occlusion,sam2_1_tiny,2,4,car_B.window,True,True,2052,2050,2050,2052,0,2,0.9990253411306043,1.0,0.9990253411306043
calibration_long_occlusion_1000,1000,long_occlusion,sam2_1_tiny,3,4,car_B.window,True,True,2052,2050,2050,2052,0,2,0.9990253411306043,1.0,0.9990253411306043
calibration_long_occlusion_1000,1000,long_occlusion,sam2_1_tiny,4,4,car_B.window,True,True,2052,2050,2050,2052,0,2,0.9990253411306043,1.0,0.9990253411306043
calibration_long_occlusion_1000,1000,long_occlusion,sam2_1_tiny,5,4,car_B.window,True,True,2052,2050,2050,2052,0,2,0.9990253411306043,1.0,0.9990253411306043
calibration_long_occlusion_1000,1000,long_occlusion,sam2_1_tiny,6,4,car_B.window,True,True,2052,2050,2050,2052,0,2,0.9990253411306043,1.0,0.9990253411306043
calibration_long_occlusion_1000,1000,long_occlusion,sam2_1_tiny,7,4,car_B.window,True,True,2052,2050,2050,2052,0,2,0.9990253411306043,1.0,0.9990253411306043
calibration_long_occlusion_1000,1000,long_occlusion,sam2_1_tiny,8,4,car_B.window,True,True,2052,2050,2050,2052,0,2,0.9990253411306043,1.0,0.9990253411306043
calibration_long_occlusion_1000,1000,long_occlusion,sam2_1_tiny,9,4,car_B.window,True,True,2052,2050,2050,2052,0,2,0.9990253411306043,1.0,0.9990253411306043
calibration_long_occlusion_1000,1000,long_occlusion,sam2_1_tiny,10,4,car_B.window,True,True,2052,2050,2050,2052,0,2,0.9990253411306043,1.0,0.9990253411306043
calibration_long_occlusion_1000,1000,long_occlusion,sam2_1_tiny,11,4,car_B.window,True,True,2052,2050,2050,2052,0,2,0.9990253411306043,1.0,0.9990253411306043
calibration_long_occlusion_1000,1000,long_occlusion,sam2_1_tiny,12,4,car_B.window,True,True,2052,2050,2050,2052,0,2,0.9990253411306043,1.0,0.9990253411306043
calibration_long_occlusion_1000,1000,long_occlusion,sam2_1_tiny,13,4,car_B.window,True,True,2052,2050,2050,2052,0,2,0.9990253411306043,1.0,0.9990253411306043
calibration_long_occlusion_1000,1000,long_occlusion,sam2_1_tiny,14,4,car_B.window,True,True,2052,2050,2050,2052,0,2,0.9990253411306043,1.0,0.9990253411306043
calibration_long_occlusion_1000,1000,long_occlusion,sam2_1_tiny,15,4,car_B.window,True,True,2052,2050,2050,2052,0,2,0.9990253411306043,1.0,0.9990253411306043
calibration_long_occlusion_1000,1000,long_occlusion,sam2_1_tiny,16,4,car_B.window,True,True,2052,2050,2050,2052,0,2,0.9990253411306043,1.0,0.9990253411306043
calibration_long_occlusion_1000,1000,long_occlusion,sam2_1_tiny,17,4,car_B.window,True,True,2052,2050,2050,2052,0,2,0.9990253411306043,1.0,0.9990253411306043
calibration_long_occlusion_1000,1000,long_occlusion,sam2_1_tiny,18,4,car_B.window,True,True,2052,2050,2050,2052,0,2,0.9990253411306043,1.0,0.9990253411306043
calibration_long_occlusion_1000,1000,long_occlusion,sam2_1_tiny,19,4,car_B.window,True,True,2052,2050,2050,2052,0,2,0.9990253411306043,1.0,0.9990253411306043
calibration_long_occlusion_1000,1000,long_occlusion,sam2_1_tiny,20,4,car_B.window,True,True,2052,2050,2050,2052,0,2,0.9990253411306043,1.0,0.9990253411306043
calibration_long_occlusion_1000,1000,long_occlusion,sam2_1_tiny,21,4,car_B.window,True,True,2052,2050,2050,2052,0,2,0.9990253411306043,1.0,0.9990253411306043
calibration_long_occlusion_1000,1000,long_occlusion,sam2_1_tiny,22,4,car_B.window,True,True,2052,2050,2050,2052,0,2,0.9990253411306043,1.0,0.9990253411306043
calibration_long_occlusion_1000,1000,long_occlusion,sam2_1_tiny,23,4,car_B.window,True,True,2052,2050,2050,2052,0,2,0.9990253411306043,1.0,0.9990253411306043
calibration_long_occlusion_1000,1000,long_occlusion,sam2_1_tiny,24,4,car_B.window,True,True,2052,2050,2050,2052,0,2,0.9990253411306043,1.0,0.9990253411306043
calibration_long_occlusion_1000,1000,long_occlusion,sam2_1_tiny,25,4,car_B.window,True,True,2052,2050,2050,2052,0,2,0.9990253411306043,1.0,0.9990253411306043
calibration_long_occlusion_1000,1000,long_occlusion,sam2_1_tiny,26,4,car_B.window,True,True,2052,2050,2050,2052,0,2,0.9990253411306043,1.0,0.9990253411306043
calibration_long_occlusion_1000,1000,long_occlusion,sam2_1_tiny,27,4,car_B.window,True,True,2052,2050,2050,2052,0,2,0.9990253411306043,1.0,0.9990253411306043
calibration_long_occlusion_1000,1000,long_occlusion,sam2_1_tiny,28,4,car_B.window,True,True,2052,2050,2050,2052,0,2,0.9990253411306043,1.0,0.9990253411306043
calibration_long_occlusion_1000,1000,long_occlusion,sam2_1_tiny,29,4,car_B.window,True,True,2052,2050,2050,2052,0,2,0.9990253411306043,1.0,0.9990253411306043
calibration_long_occlusion_1000,1000,long_occlusion,sam2_1_tiny,30,4,car_B.window,True,True,2052,2050,2050,2052,0,2,0.9990253411306043,1.0,0.9990253411306043
calibration_long_occlusion_1000,1000,long_occlusion,sam2_1_tiny,31,4,car_B.window,True,True,2052,2050,2050,2052,0,2,0.9990253411306043,1.0,0.9990253411306043
calibration_long_occlusion_1000,1000,long_occlusion,sam2_1_tiny,32,4,car_B.window,True,True,2052,2050,2050,2052,0,2,0.9990253411306043,1.0,0.9990253411306043
calibration_long_occlusion_1000,1000,long_occlusion,sam2_1_tiny,33,4,car_B.window,True,True,2052,2050,2050,2052,0,2,0.9990253411306043,1.0,0.9990253411306043
calibration_long_occlusion_1000,1000,long_occlusion,sam2_1_tiny,34,4,car_B.window,True,True,2052,2050,2050,2052,0,2,0.9990253411306043,1.0,0.9990253411306043
calibration_long_occlusion_1000,1000,long_occlusion,sam2_1_tiny,35,4,car_B.window,True,True,2052,2050,2050,2052,0,2,0.9990253411306043,1.0,0.9990253411306043
calibration_long_occlusion_1000,1000,long_occlusion,sam2_1_tiny,36,4,car_B.window,True,True,2052,2050,2050,2052,0,2,0.9990253411306043,1.0,0.9990253411306043
calibration_long_occlusion_1000,1000,long_occlusion,sam2_1_tiny,37,4,car_B.window,True,True,2052,2050,2050,2052,0,2,0.9990253411306043,1.0,0.9990253411306043
calibration_long_occlusion_1000,1000,long_occlusion,sam2_1_tiny,38,4,car_B.window,True,True,2052,2050,2050,2052,0,2,0.9990253411306043,1.0,0.9990253411306043
calibration_long_occlusion_1000,1000,long_occlusion,sam2_1_tiny,39,4,car_B.window,True,True,2052,2050,2050,2052,0,2,0.9990253411306043,1.0,0.9990253411306043
calibration_long_occlusion_1000,1000,long_occlusion,sam2_1_tiny,40,4,car_B.window,True,True,2052,2050,2050,2052,0,2,0.9990253411306043,1.0,0.9990253411306043
calibration_long_occlusion_1000,1000,long_occlusion,sam2_1_tiny,41,4,car_B.window,True,True,2052,2050,2050,2052,0,2,0.9990253411306043,1.0,0.9990253411306043
calibration_long_occlusion_1000,1000,long_occlusion,sam2_1_tiny,42,4,car_B.window,True,True,2052,2050,2050,2052,0,2,0.9990253411306043,1.0,0.9990253411306043
calibration_long_occlusion_1000,1000,long_occlusion,sam2_1_tiny,43,4,car_B.window,True,True,2052,2050,2050,2052,0,2,0.9990253411306043,1.0,0.9990253411306043
calibration_long_occlusion_1000,1000,long_occlusion,sam2_1_tiny,44,4,car_B.window,True,True,2052,2050,2050,2052,0,2,0.9990253411306043,1.0,0.9990253411306043
calibration_long_occlusion_1000,1000,long_occlusion,sam2_1_tiny,45,4,car_B.window,True,True,2052,2050,2050,2052,0,2,0.9990253411306043,1.0,0.9990253411306043
calibration_long_occlusion_1000,1000,long_occlusion,sam2_1_tiny,46,4,car_B.window,True,True,2052,2050,2050,2052,0,2,0.9990253411306043,1.0,0.9990253411306043
calibration_long_occlusion_1000,1000,long_occlusion,sam2_1_tiny,47,4,car_B.window,True,True,2052,2050,2050,2052,0,2,0.9990253411306043,1.0,0.9990253411306043
calibration_long_occlusion_1000,1000,long_occlusion,sam2_1_tiny,48,4,car_B.window,True,True,2052,2050,2050,2052,0,2,0.9990253411306043,1.0,0.9990253411306043
calibration_long_occlusion_1000,1000,long_occlusion,sam2_1_tiny,49,4,car_B.window,True,True,2052,2050,2050,2052,0,2,0.9990253411306043,1.0,0.9990253411306043
calibration_long_occlusion_1000,1000,long_occlusion,sam2_1_tiny,50,4,car_B.window,True,True,2052,2050,2050,2052,0,2,0.9990253411306043,1.0,0.9990253411306043
calibration_long_occlusion_1000,1000,long_occlusion,sam2_1_tiny,51,4,car_B.window,True,True,2052,2050,2050,2052,0,2,0.9990253411306043,1.0,0.9990253411306043
calibration_long_occlusion_1000,1000,long_occlusion,sam2_1_tiny,52,4,car_B.window,True,True,2052,2050,2050,2052,0,2,0.9990253411306043,1.0,0.9990253411306043
calibration_long_occlusion_1000,1000,long_occlusion,sam2_1_tiny,53,4,car_B.window,True,True,2052,2050,2050,2052,0,2,0.9990253411306043,1.0,0.9990253411306043
calibration_long_occlusion_1000,1000,long_occlusion,sam2_1_tiny,54,4,car_B.window,True,True,2052,2050,2050,2052,0,2,0.9990253411306043,1.0,0.9990253411306043
calibration_long_occlusion_1000,1000,long_occlusion,sam2_1_tiny,55,4,car_B.window,True,True,2052,2050,2050,2052,0,2,0.9990253411306043,1.0,0.9990253411306043
calibration_long_occlusion_1000,1000,long_occlusion,sam2_1_tiny,56,4,car_B.window,True,True,2052,2050,2050,2052,0,2,0.9990253411306043,1.0,0.9990253411306043
calibration_long_occlusion_1000,1000,long_occlusion,sam2_1_tiny,57,4,car_B.window,True,True,2052,2050,2050,2052,0,2,0.9990253411306043,1.0,0.9990253411306043
calibration_long_occlusion_1000,1000,long_occlusion,sam2_1_tiny,58,4,car_B.window,True,True,2052,2050,2050,2052,0,2,0.9990253411306043,1.0,0.9990253411306043
calibration_long_occlusion_1000,1000,long_occlusion,sam2_1_tiny,59,4,car_B.window,True,True,2052,2050,2050,2052,0,2,0.9990253411306043,1.0,0.9990253411306043
calibration_long_occlusion_1000,1000,long_occlusion,sam2_1_tiny,60,4,car_B.window,True,True,2052,2050,2050,2052,0,2,0.9990253411306043,1.0,0.9990253411306043
calibration_long_occlusion_1000,1000,long_occlusion,sam2_1_tiny,61,4,car_B.window,True,True,2052,2050,2050,2052,0,2,0.9990253411306043,1.0,0.9990253411306043
calibration_long_occlusion_1000,1000,long_occlusion,sam2_1_tiny,62,4,car_B.window,True,True,2052,2050,2050,2052,0,2,0.9990253411306043,1.0,0.9990253411306043
calibration_long_occlusion_1000,1000,long_occlusion,sam2_1_tiny,63,4,car_B.window,True,True,2052,2050,2050,2052,0,2,0.9990253411306043,1.0,0.9990253411306043
calibration_long_occlusion_1001,1001,long_occlusion,sam2_1_tiny,1,1,car_A.front_door,True,True,3304,3303,3303,3304,0,1,0.9996973365617433,1.0,0.9996973365617433
calibration_long_occlusion_1001,1001,long_occlusion,sam2_1_tiny,2,1,car_A.front_door,True,True,3304,3303,3303,3304,0,1,0.9996973365617433,1.0,0.9996973365617433
calibration_long_occlusion_1001,1001,long_occlusion,sam2_1_tiny,3,1,car_A.front_door,True,True,3304,3303,3303,3304,0,1,0.9996973365617433,1.0,0.9996973365617433
calibration_long_occlusion_1001,1001,long_occlusion,sam2_1_tiny,4,1,car_A.front_door,True,True,3304,3303,3303,3304,0,1,0.9996973365617433,1.0,0.9996973365617433
calibration_long_occlusion_1001,1001,long_occlusion,sam2_1_tiny,5,1,car_A.front_door,True,True,3304,3302,3302,3304,0,2,0.9993946731234867,1.0,0.9993946731234867
calibration_long_occlusion_1001,1001,long_occlusion,sam2_1_tiny,6,1,car_A.front_door,True,True,3304,3303,3303,3304,0,1,0.9996973365617433,1.0,0.9996973365617433
calibration_long_occlusion_1001,1001,long_occlusion,sam2_1_tiny,7,1,car_A.front_door,True,True,3304,3301,3301,3304,0,3,0.99909200968523,1.0,0.99909200968523
calibration_long_occlusion_1001,1001,long_occlusion,sam2_1_tiny,8,1,car_A.front_door,True,True,2688,2687,2687,2688,0,1,0.9996279761904762,1.0,0.9996279761904762
calibration_long_occlusion_1001,1001,long_occlusion,sam2_1_tiny,9,1,car_A.front_door,True,True,1904,1904,1904,1904,0,0,1.0,1.0,1.0
calibration_long_occlusion_1001,1001,long_occlusion,sam2_1_tiny,10,1,car_A.front_door,True,True,1064,1064,1064,1064,0,0,1.0,1.0,1.0
calibration_long_occlusion_1001,1001,long_occlusion,sam2_1_tiny,11,1,car_A.front_door,True,True,168,168,168,168,0,0,1.0,1.0,1.0
calibration_long_occlusion_1001,1001,long_occlusion,sam2_1_tiny,12,1,car_A.front_door,False,False,0,0,0,0,0,0,,,
calibration_long_occlusion_1001,1001,long_occlusion,sam2_1_tiny,13,1,car_A.front_door,False,False,0,0,0,0,0,0,,,
calibration_long_occlusion_1001,1001,long_occlusion,sam2_1_tiny,14,1,car_A.front_door,False,False,0,0,0,0,0,0,,,
calibration_long_occlusion_1001,1001,long_occlusion,sam2_1_tiny,15,1,car_A.front_door,False,False,0,0,0,0,0,0,,,
calibration_long_occlusion_1001,1001,long_occlusion,sam2_1_tiny,16,1,car_A.front_door,False,False,0,0,0,0,0,0,,,
calibration_long_occlusion_1001,1001,long_occlusion,sam2_1_tiny,17,1,car_A.front_door,False,False,0,0,0,0,0,0,,,
calibration_long_occlusion_1001,1001,long_occlusion,sam2_1_tiny,18,1,car_A.front_door,False,False,0,0,0,0,0,0,,,
calibration_long_occlusion_1001,1001,long_occlusion,sam2_1_tiny,19,1,car_A.front_door,False,False,0,0,0,0,0,0,,,
calibration_long_occlusion_1001,1001,long_occlusion,sam2_1_tiny,20,1,car_A.front_door,False,False,0,0,0,0,0,0,,,
calibration_long_occlusion_1001,1001,long_occlusion,sam2_1_tiny,21,1,car_A.front_door,False,False,0,0,0,0,0,0,,,
calibration_long_occlusion_1001,1001,long_occlusion,sam2_1_tiny,22,1,car_A.front_door,False,False,0,0,0,0,0,0,,,
calibration_long_occlusion_1001,1001,long_occlusion,sam2_1_tiny,23,1,car_A.front_door,False,False,0,0,0,0,0,0,,,
calibration_long_occlusion_1001,1001,long_occlusion,sam2_1_tiny,24,1,car_A.front_door,False,False,0,0,0,0,0,0,,,
calibration_long_occlusion_1001,1001,long_occlusion,sam2_1_tiny,25,1,car_A.front_door,False,False,0,0,0,0,0,0,,,
calibration_long_occlusion_1001,1001,long_occlusion,sam2_1_tiny,26,1,car_A.front_door,False,False,0,0,0,0,0,0,,,
calibration_long_occlusion_1001,1001,long_occlusion,sam2_1_tiny,27,1,car_A.front_door,False,False,0,0,0,0,0,0,,,
calibration_long_occlusion_1001,1001,long_occlusion,sam2_1_tiny,28,1,car_A.front_door,False,False,0,0,0,0,0,0,,,
calibration_long_occlusion_1001,1001,long_occlusion,sam2_1_tiny,29,1,car_A.front_door,False,False,0,0,0,0,0,0,,,
calibration_long_occlusion_1001,1001,long_occlusion,sam2_1_tiny,30,1,car_A.front_door,False,False,0,0,0,0,0,0,,,
calibration_long_occlusion_1001,1001,long_occlusion,sam2_1_tiny,31,1,car_A.front_door,False,False,0,0,0,0,0,0,,,
calibration_long_occlusion_1001,1001,long_occlusion,sam2_1_tiny,32,1,car_A.front_door,False,False,0,0,0,0,0,0,,,
calibration_long_occlusion_1001,1001,long_occlusion,sam2_1_tiny,33,1,car_A.front_door,False,False,0,0,0,0,0,0,,,
calibration_long_occlusion_1001,1001,long_occlusion,sam2_1_tiny,34,1,car_A.front_door,False,False,0,0,0,0,0,0,,,
calibration_long_occlusion_1001,1001,long_occlusion,sam2_1_tiny,35,1,car_A.front_door,False,False,0,0,0,0,0,0,,,
calibration_long_occlusion_1001,1001,long_occlusion,sam2_1_tiny,36,1,car_A.front_door,False,False,0,0,0,0,0,0,,,
calibration_long_occlusion_1001,1001,long_occlusion,sam2_1_tiny,37,1,car_A.front_door,False,False,0,0,0,0,0,0,,,
calibration_long_occlusion_1001,1001,long_occlusion,sam2_1_tiny,38,1,car_A.front_door,False,False,0,0,0,0,0,0,,,
calibration_long_occlusion_1001,1001,long_occlusion,sam2_1_tiny,39,1,car_A.front_door,False,False,0,0,0,0,0,0,,,
calibration_long_occlusion_1001,1001,long_occlusion,sam2_1_tiny,40,1,car_A.front_door,False,False,0,0,0,0,0,0,,,
calibration_long_occlusion_1001,1001,long_occlusion,sam2_1_tiny,41,1,car_A.front_door,False,False,0,0,0,0,0,0,,,
calibration_long_occlusion_1001,1001,long_occlusion,sam2_1_tiny,42,1,car_A.front_door,False,False,0,0,0,0,0,0,,,
calibration_long_occlusion_1001,1001,long_occlusion,sam2_1_tiny,43,1,car_A.front_door,False,False,0,0,0,0,0,0,,,
calibration_long_occlusion_1001,1001,long_occlusion,sam2_1_tiny,44,1,car_A.front_door,False,False,0,0,0,0,0,0,,,
calibration_long_occlusion_1001,1001,long_occlusion,sam2_1_tiny,45,1,car_A.front_door,False,False,0,0,0,0,0,0,,,
calibration_long_occlusion_1001,1001,long_occlusion,sam2_1_tiny,46,1,car_A.front_door,False,False,0,0,0,0,0,0,,,
calibration_long_occlusion_1001,1001,long_occlusion,sam2_1_tiny,47,1,car_A.front_door,False,False,0,0,0,0,0,0,,,
calibration_long_occlusion_1001,1001,long_occlusion,sam2_1_tiny,48,1,car_A.front_door,False,False,0,0,0,0,0,0,,,
calibration_long_occlusion_1001,1001,long_occlusion,sam2_1_tiny,49,1,car_A.front_door,False,False,0,0,0,0,0,0,,,
calibration_long_occlusion_1001,1001,long_occlusion,sam2_1_tiny,50,1,car_A.front_door,False,True,0,147,0,147,147,0,,0.0,
calibration_long_occlusion_1001,1001,long_occlusion,sam2_1_tiny,51,1,car_A.front_door,False,True,0,810,0,810,810,0,,0.0,
calibration_long_occlusion_1001,1001,long_occlusion,sam2_1_tiny,52,1,car_A.front_door,False,True,0,1565,0,1565,1565,0,,0.0,
calibration_long_occlusion_1001,1001,long_occlusion,sam2_1_tiny,53,1,car_A.front_door,False,True,0,2321,0,2321,2321,0,,0.0,
calibration_long_occlusion_1001,1001,long_occlusion,sam2_1_tiny,54,1,car_A.front_door,False,True,0,2755,0,2755,2755,0,,0.0,
calibration_long_occlusion_1001,1001,long_occlusion,sam2_1_tiny,55,1,car_A.front_door,True,True,392,2752,0,3144,2752,392,0.0,0.0,0.0
calibration_long_occlusion_1001,1001,long_occlusion,sam2_1_tiny,56,1,car_A.front_door,True,True,1120,2753,0,3873,2753,1120,0.0,0.0,0.0
calibration_long_occlusion_1001,1001,long_occlusion,sam2_1_tiny,57,1,car_A.front_door,True,True,1848,2757,0,4605,2757,1848,0.0,0.0,0.0
calibration_long_occlusion_1001,1001,long_occlusion,sam2_1_tiny,58,1,car_A.front_door,True,True,2464,2757,0,5221,2757,2464,0.0,0.0,0.0
calibration_long_occlusion_1001,1001,long_occlusion,sam2_1_tiny,59,1,car_A.front_door,True,True,3024,2753,0,5777,2753,3024,0.0,0.0,0.0
calibration_long_occlusion_1001,1001,long_occlusion,sam2_1_tiny,60,1,car_A.front_door,True,True,3304,2763,0,6067,2763,3304,0.0,0.0,0.0
calibration_long_occlusion_1001,1001,long_occlusion,sam2_1_tiny,61,1,car_A.front_door,True,True,3304,2763,0,6067,2763,3304,0.0,0.0,0.0
calibration_long_occlusion_1001,1001,long_occlusion,sam2_1_tiny,62,1,car_A.front_door,True,True,3304,2766,0,6070,2766,3304,0.0,0.0,0.0
calibration_long_occlusion_1001,1001,long_occlusion,sam2_1_tiny,63,1,car_A.front_door,True,True,3304,2764,0,6068,2764,3304,0.0,0.0,0.0
calibration_long_occlusion_1001,1001,long_occlusion,sam2_1_tiny,1,2,car_A.window,True,True,2052,2049,2049,2052,0,3,0.9985380116959064,1.0,0.9985380116959064
calibration_long_occlusion_1001,1001,long_occlusion,sam2_1_tiny,2,2,car_A.window,True,True,2052,2049,2049,2052,0,3,0.9985380116959064,1.0,0.9985380116959064
calibration_long_occlusion_1001,1001,long_occlusion,sam2_1_tiny,3,2,car_A.window,True,True,2052,2049,2049,2052,0,3,0.9985380116959064,1.0,0.9985380116959064
calibration_long_occlusion_1001,1001,long_occlusion,sam2_1_tiny,4,2,car_A.window,True,True,2052,2050,2050,2052,0,2,0.9990253411306043,1.0,0.9990253411306043
calibration_long_occlusion_1001,1001,long_occlusion,sam2_1_tiny,5,2,car_A.window,True,True,2052,2050,2050,2052,0,2,0.9990253411306043,1.0,0.9990253411306043
calibration_long_occlusion_1001,1001,long_occlusion,sam2_1_tiny,6,2,car_A.window,True,True,2052,2050,2050,2052,0,2,0.9990253411306043,1.0,0.9990253411306043
calibration_long_occlusion_1001,1001,long_occlusion,sam2_1_tiny,7,2,car_A.window,True,True,2052,2050,2050,2052,0,2,0.9990253411306043,1.0,0.9990253411306043
calibration_long_occlusion_1001,1001,long_occlusion,sam2_1_tiny,8,2,car_A.window,True,True,1800,1798,1798,1800,0,2,0.9988888888888889,1.0,0.9988888888888889
calibration_long_occlusion_1001,1001,long_occlusion,sam2_1_tiny,9,2,car_A.window,True,True,1296,1295,1295,1296,0,1,0.9992283950617284,1.0,0.9992283950617284
calibration_long_occlusion_1001,1001,long_occlusion,sam2_1_tiny,10,2,car_A.window,True,True,756,756,756,756,0,0,1.0,1.0,1.0
calibration_long_occlusion_1001,1001,long_occlusion,sam2_1_tiny,11,2,car_A.window,True,True,180,180,180,180,0,0,1.0,1.0,1.0
calibration_long_occlusion_1001,1001,long_occlusion,sam2_1_tiny,12,2,car_A.window,False,False,0,0,0,0,0,0,,,
calibration_long_occlusion_1001,1001,long_occlusion,sam2_1_tiny,13,2,car_A.window,False,False,0,0,0,0,0,0,,,
calibration_long_occlusion_1001,1001,long_occlusion,sam2_1_tiny,14,2,car_A.window,False,False,0,0,0,0,0,0,,,
calibration_long_occlusion_1001,1001,long_occlusion,sam2_1_tiny,15,2,car_A.window,False,False,0,0,0,0,0,0,,,
calibration_long_occlusion_1001,1001,long_occlusion,sam2_1_tiny,16,2,car_A.window,False,False,0,0,0,0,0,0,,,
calibration_long_occlusion_1001,1001,long_occlusion,sam2_1_tiny,17,2,car_A.window,False,False,0,0,0,0,0,0,,,
calibration_long_occlusion_1001,1001,long_occlusion,sam2_1_tiny,18,2,car_A.window,False,False,0,0,0,0,0,0,,,
calibration_long_occlusion_1001,1001,long_occlusion,sam2_1_tiny,19,2,car_A.window,False,False,0,0,0,0,0,0,,,
calibration_long_occlusion_1001,1001,long_occlusion,sam2_1_tiny,20,2,car_A.window,False,False,0,0,0,0,0,0,,,
calibration_long_occlusion_1001,1001,long_occlusion,sam2_1_tiny,21,2,car_A.window,False,False,0,0,0,0,0,0,,,
calibration_long_occlusion_1001,1001,long_occlusion,sam2_1_tiny,22,2,car_A.window,False,False,0,0,0,0,0,0,,,
calibration_long_occlusion_1001,1001,long_occlusion,sam2_1_tiny,23,2,car_A.window,False,False,0,0,0,0,0,0,,,
calibration_long_occlusion_1001,1001,long_occlusion,sam2_1_tiny,24,2,car_A.window,False,False,0,0,0,0,0,0,,,
calibration_long_occlusion_1001,1001,long_occlusion,sam2_1_tiny,25,2,car_A.window,False,False,0,0,0,0,0,0,,,
calibration_long_occlusion_1001,1001,long_occlusion,sam2_1_tiny,26,2,car_A.window,False,False,0,0,0,0,0,0,,,
calibration_long_occlusion_1001,1001,long_occlusion,sam2_1_tiny,27,2,car_A.window,False,False,0,0,0,0,0,0,,,
calibration_long_occlusion_1001,1001,long_occlusion,sam2_1_tiny,28,2,car_A.window,False,False,0,0,0,0,0,0,,,
calibration_long_occlusion_1001,1001,long_occlusion,sam2_1_tiny,29,2,car_A.window,False,False,0,0,0,0,0,0,,,
calibration_long_occlusion_1001,1001,long_occlusion,sam2_1_tiny,30,2,car_A.window,False,False,0,0,0,0,0,0,,,
calibration_long_occlusion_1001,1001,long_occlusion,sam2_1_tiny,31,2,car_A.window,False,False,0,0,0,0,0,0,,,
calibration_long_occlusion_1001,1001,long_occlusion,sam2_1_tiny,32,2,car_A.window,False,False,0,0,0,0,0,0,,,
calibration_long_occlusion_1001,1001,long_occlusion,sam2_1_tiny,33,2,car_A.window,False,False,0,0,0,0,0,0,,,
calibration_long_occlusion_1001,1001,long_occlusion,sam2_1_tiny,34,2,car_A.window,False,False,0,0,0,0,0,0,,,
calibration_long_occlusion_1001,1001,long_occlusion,sam2_1_tiny,35,2,car_A.window,False,False,0,0,0,0,0,0,,,
calibration_long_occlusion_1001,1001,long_occlusion,sam2_1_tiny,36,2,car_A.window,False,False,0,0,0,0,0,0,,,
calibration_long_occlusion_1001,1001,long_occlusion,sam2_1_tiny,37,2,car_A.window,False,False,0,0,0,0,0,0,,,
calibration_long_occlusion_1001,1001,long_occlusion,sam2_1_tiny,38,2,car_A.window,False,False,0,0,0,0,0,0,,,
calibration_long_occlusion_1001,1001,long_occlusion,sam2_1_tiny,39,2,car_A.window,False,False,0,0,0,0,0,0,,,
calibration_long_occlusion_1001,1001,long_occlusion,sam2_1_tiny,40,2,car_A.window,False,False,0,0,0,0,0,0,,,
calibration_long_occlusion_1001,1001,long_occlusion,sam2_1_tiny,41,2,car_A.window,False,False,0,0,0,0,0,0,,,
calibration_long_occlusion_1001,1001,long_occlusion,sam2_1_tiny,42,2,car_A.window,False,False,0,0,0,0,0,0,,,
calibration_long_occlusion_1001,1001,long_occlusion,sam2_1_tiny,43,2,car_A.window,False,False,0,0,0,0,0,0,,,
calibration_long_occlusion_1001,1001,long_occlusion,sam2_1_tiny,44,2,car_A.window,False,False,0,0,0,0,0,0,,,
calibration_long_occlusion_1001,1001,long_occlusion,sam2_1_tiny,45,2,car_A.window,False,False,0,0,0,0,0,0,,,
calibration_long_occlusion_1001,1001,long_occlusion,sam2_1_tiny,46,2,car_A.window,False,False,0,0,0,0,0,0,,,
calibration_long_occlusion_1001,1001,long_occlusion,sam2_1_tiny,47,2,car_A.window,False,False,0,0,0,0,0,0,,,
calibration_long_occlusion_1001,1001,long_occlusion,sam2_1_tiny,48,2,car_A.window,False,False,0,0,0,0,0,0,,,
calibration_long_occlusion_1001,1001,long_occlusion,sam2_1_tiny,49,2,car_A.window,False,False,0,0,0,0,0,0,,,
calibration_long_occlusion_1001,1001,long_occlusion,sam2_1_tiny,50,2,car_A.window,False,False,0,0,0,0,0,0,,,
calibration_long_occlusion_1001,1001,long_occlusion,sam2_1_tiny,51,2,car_A.window,False,True,0,311,0,311,311,0,,0.0,
calibration_long_occlusion_1001,1001,long_occlusion,sam2_1_tiny,52,2,car_A.window,False,True,0,745,0,745,745,0,,0.0,
calibration_long_occlusion_1001,1001,long_occlusion,sam2_1_tiny,53,2,car_A.window,False,True,0,1176,0,1176,1176,0,,0.0,
calibration_long_occlusion_1001,1001,long_occlusion,sam2_1_tiny,54,2,car_A.window,False,True,0,1394,0,1394,1394,0,,0.0,
calibration_long_occlusion_1001,1001,long_occlusion,sam2_1_tiny,55,2,car_A.window,True,True,324,1394,0,1718,1394,324,0.0,0.0,0.0
calibration_long_occlusion_1001,1001,long_occlusion,sam2_1_tiny,56,2,car_A.window,True,True,792,1393,0,2185,1393,792,0.0,0.0,0.0
calibration_long_occlusion_1001,1001,long_occlusion,sam2_1_tiny,57,2,car_A.window,True,True,1260,1394,0,2654,1394,1260,0.0,0.0,0.0
calibration_long_occlusion_1001,1001,long_occlusion,sam2_1_tiny,58,2,car_A.window,True,True,1656,1393,0,3049,1393,1656,0.0,0.0,0.0
calibration_long_occlusion_1001,1001,long_occlusion,sam2_1_tiny,59,2,car_A.window,True,True,2016,1395,0,3411,1395,2016,0.0,0.0,0.0
calibration_long_occlusion_1001,1001,long_occlusion,sam2_1_tiny,60,2,car_A.window,True,True,2052,1394,0,3446,1394,2052,0.0,0.0,0.0
calibration_long_occlusion_1001,1001,long_occlusion,sam2_1_tiny,61,2,car_A.window,True,True,2052,1393,0,3445,1393,2052,0.0,0.0,0.0
calibration_long_occlusion_1001,1001,long_occlusion,sam2_1_tiny,62,2,car_A.window,True,True,2052,1395,0,3447,1395,2052,0.0,0.0,0.0
calibration_long_occlusion_1001,1001,long_occlusion,sam2_1_tiny,63,2,car_A.window,True,True,2052,1394,0,3446,1394,2052,0.0,0.0,0.0
calibration_long_occlusion_1001,1001,long_occlusion,sam2_1_tiny,1,3,car_B.front_door,True,True,3304,3302,3302,3304,0,2,0.9993946731234867,1.0,0.9993946731234867
calibration_long_occlusion_1001,1001,long_occlusion,sam2_1_tiny,2,3,car_B.front_door,True,True,3304,3302,3302,3304,0,2,0.9993946731234867,1.0,0.9993946731234867
calibration_long_occlusion_1001,1001,long_occlusion,sam2_1_tiny,3,3,car_B.front_door,True,True,3304,3302,3302,3304,0,2,0.9993946731234867,1.0,0.9993946731234867
calibration_long_occlusion_1001,1001,long_occlusion,sam2_1_tiny,4,3,car_B.front_door,True,True,3304,3302,3302,3304,0,2,0.9993946731234867,1.0,0.9993946731234867
calibration_long_occlusion_1001,1001,long_occlusion,sam2_1_tiny,5,3,car_B.front_door,True,True,3304,3302,3302,3304,0,2,0.9993946731234867,1.0,0.9993946731234867
calibration_long_occlusion_1001,1001,long_occlusion,sam2_1_tiny,6,3,car_B.front_door,True,True,3304,3301,3301,3304,0,3,0.99909200968523,1.0,0.99909200968523
calibration_long_occlusion_1001,1001,long_occlusion,sam2_1_tiny,7,3,car_B.front_door,True,True,3304,3303,3303,3304,0,1,0.9996973365617433,1.0,0.9996973365617433
calibration_long_occlusion_1001,1001,long_occlusion,sam2_1_tiny,8,3,car_B.front_door,True,True,3304,3302,3302,3304,0,2,0.9993946731234867,1.0,0.9993946731234867
calibration_long_occlusion_1001,1001,long_occlusion,sam2_1_tiny,9,3,car_B.front_door,True,True,3304,3302,3302,3304,0,2,0.9993946731234867,1.0,0.9993946731234867
calibration_long_occlusion_1001,1001,long_occlusion,sam2_1_tiny,10,3,car_B.front_door,True,True,3304,3303,3303,3304,0,1,0.9996973365617433,1.0,0.9996973365617433
calibration_long_occlusion_1001,1001,long_occlusion,sam2_1_tiny,11,3,car_B.front_door,True,True,3304,3302,3302,3304,0,2,0.9993946731234867,1.0,0.9993946731234867
calibration_long_occlusion_1001,1001,long_occlusion,sam2_1_tiny,12,3,car_B.front_door,True,True,3304,3303,3303,3304,0,1,0.9996973365617433,1.0,0.9996973365617433
calibration_long_occlusion_1001,1001,long_occlusion,sam2_1_tiny,13,3,car_B.front_door,True,True,3304,3303,3303,3304,0,1,0.9996973365617433,1.0,0.9996973365617433
calibration_long_occlusion_1001,1001,long_occlusion,sam2_1_tiny,14,3,car_B.front_door,True,True,3304,3302,3302,3304,0,2,0.9993946731234867,1.0,0.9993946731234867
calibration_long_occlusion_1001,1001,long_occlusion,sam2_1_tiny,15,3,car_B.front_door,True,True,3304,3302,3302,3304,0,2,0.9993946731234867,1.0,0.9993946731234867
calibration_long_occlusion_1001,1001,long_occlusion,sam2_1_tiny,16,3,car_B.front_door,True,True,3304,3301,3301,3304,0,3,0.99909200968523,1.0,0.99909200968523
calibration_long_occlusion_1001,1001,long_occlusion,sam2_1_tiny,17,3,car_B.front_door,True,True,3304,3303,3303,3304,0,1,0.9996973365617433,1.0,0.9996973365617433
calibration_long_occlusion_1001,1001,long_occlusion,sam2_1_tiny,18,3,car_B.front_door,True,True,3304,3302,3302,3304,0,2,0.9993946731234867,1.0,0.9993946731234867
calibration_long_occlusion_1001,1001,long_occlusion,sam2_1_tiny,19,3,car_B.front_door,True,True,3304,3303,3303,3304,0,1,0.9996973365617433,1.0,0.9996973365617433
calibration_long_occlusion_1001,1001,long_occlusion,sam2_1_tiny,20,3,car_B.front_door,True,True,3304,3301,3301,3304,0,3,0.99909200968523,1.0,0.99909200968523
calibration_long_occlusion_1001,1001,long_occlusion,sam2_1_tiny,21,3,car_B.front_door,True,True,3304,3303,3303,3304,0,1,0.9996973365617433,1.0,0.9996973365617433
calibration_long_occlusion_1001,1001,long_occlusion,sam2_1_tiny,22,3,car_B.front_door,True,True,3304,3303,3303,3304,0,1,0.9996973365617433,1.0,0.9996973365617433
calibration_long_occlusion_1001,1001,long_occlusion,sam2_1_tiny,23,3,car_B.front_door,True,True,3304,3303,3303,3304,0,1,0.9996973365617433,1.0,0.9996973365617433
calibration_long_occlusion_1001,1001,long_occlusion,sam2_1_tiny,24,3,car_B.front_door,True,True,3304,3302,3302,3304,0,2,0.9993946731234867,1.0,0.9993946731234867
calibration_long_occlusion_1001,1001,long_occlusion,sam2_1_tiny,25,3,car_B.front_door,True,True,3304,3303,3303,3304,0,1,0.9996973365617433,1.0,0.9996973365617433
calibration_long_occlusion_1001,1001,long_occlusion,sam2_1_tiny,26,3,car_B.front_door,True,True,3304,3303,3303,3304,0,1,0.9996973365617433,1.0,0.9996973365617433
calibration_long_occlusion_1001,1001,long_occlusion,sam2_1_tiny,27,3,car_B.front_door,True,True,3304,3303,3303,3304,0,1,0.9996973365617433,1.0,0.9996973365617433
calibration_long_occlusion_1001,1001,long_occlusion,sam2_1_tiny,28,3,car_B.front_door,True,True,3304,3301,3301,3304,0,3,0.99909200968523,1.0,0.99909200968523
calibration_long_occlusion_1001,1001,long_occlusion,sam2_1_tiny,29,3,car_B.front_door,True,True,3304,3304,3303,3305,1,1,0.9993948562783661,0.9996973365617433,0.9996973365617433
calibration_long_occlusion_1001,1001,long_occlusion,sam2_1_tiny,30,3,car_B.front_door,True,True,3304,3304,3304,3304,0,0,1.0,1.0,1.0
calibration_long_occlusion_1001,1001,long_occlusion,sam2_1_tiny,31,3,car_B.front_door,True,True,3304,3303,3303,3304,0,1,0.9996973365617433,1.0,0.9996973365617433
calibration_long_occlusion_1001,1001,long_occlusion,sam2_1_tiny,32,3,car_B.front_door,True,True,3304,3304,3303,3305,1,1,0.9993948562783661,0.9996973365617433,0.9996973365617433
calibration_long_occlusion_1001,1001,long_occlusion,sam2_1_tiny,33,3,car_B.front_door,True,True,3304,3301,3301,3304,0,3,0.99909200968523,1.0,0.99909200968523
calibration_long_occlusion_1001,1001,long_occlusion,sam2_1_tiny,34,3,car_B.front_door,True,True,3304,3304,3304,3304,0,0,1.0,1.0,1.0
calibration_long_occlusion_1001,1001,long_occlusion,sam2_1_tiny,35,3,car_B.front_door,True,True,3304,3303,3303,3304,0,1,0.9996973365617433,1.0,0.9996973365617433
calibration_long_occlusion_1001,1001,long_occlusion,sam2_1_tiny,36,3,car_B.front_door,True,True,3304,3304,3303,3305,1,1,0.9993948562783661,0.9996973365617433,0.9996973365617433
calibration_long_occlusion_1001,1001,long_occlusion,sam2_1_tiny,37,3,car_B.front_door,True,True,3304,3302,3301,3305,1,3,0.9987897125567322,0.9996971532404604,0.99909200968523
calibration_long_occlusion_1001,1001,long_occlusion,sam2_1_tiny,38,3,car_B.front_door,True,True,3304,3303,3303,3304,0,1,0.9996973365617433,1.0,0.9996973365617433
calibration_long_occlusion_1001,1001,long_occlusion,sam2_1_tiny,39,3,car_B.front_door,True,True,3304,3304,3303,3305,1,1,0.9993948562783661,0.9996973365617433,0.9996973365617433
calibration_long_occlusion_1001,1001,long_occlusion,sam2_1_tiny,40,3,car_B.front_door,True,True,3304,3301,3301,3304,0,3,0.99909200968523,1.0,0.99909200968523
calibration_long_occlusion_1001,1001,long_occlusion,sam2_1_tiny,41,3,car_B.front_door,True,True,3304,3302,3302,3304,0,2,0.9993946731234867,1.0,0.9993946731234867
calibration_long_occlusion_1001,1001,long_occlusion,sam2_1_tiny,42,3,car_B.front_door,True,True,3304,3304,3303,3305,1,1,0.9993948562783661,0.9996973365617433,0.9996973365617433
calibration_long_occlusion_1001,1001,long_occlusion,sam2_1_tiny,43,3,car_B.front_door,True,True,3304,3301,3301,3304,0,3,0.99909200968523,1.0,0.99909200968523
calibration_long_occlusion_1001,1001,long_occlusion,sam2_1_tiny,44,3,car_B.front_door,True,True,3304,3303,3302,3305,1,2,0.9990922844175492,0.9996972449288526,0.9993946731234867
calibration_long_occlusion_1001,1001,long_occlusion,sam2_1_tiny,45,3,car_B.front_door,True,True,3304,3301,3301,3304,0,3,0.99909200968523,1.0,0.99909200968523
calibration_long_occlusion_1001,1001,long_occlusion,sam2_1_tiny,46,3,car_B.front_door,True,True,3304,3303,3303,3304,0,1,0.9996973365617433,1.0,0.9996973365617433
calibration_long_occlusion_1001,1001,long_occlusion,sam2_1_tiny,47,3,car_B.front_door,True,True,3304,3303,3301,3306,2,3,0.9984875983061101,0.9993944898577051,0.99909200968523
calibration_long_occlusion_1001,1001,long_occlusion,sam2_1_tiny,48,3,car_B.front_door,True,True,3304,3303,3303,3304,0,1,0.9996973365617433,1.0,0.9996973365617433
calibration_long_occlusion_1001,1001,long_occlusion,sam2_1_tiny,49,3,car_B.front_door,True,True,3304,3304,3302,3306,2,2,0.9987900786448881,0.9993946731234867,0.9993946731234867
calibration_long_occlusion_1001,1001,long_occlusion,sam2_1_tiny,50,3,car_B.front_door,True,True,3304,3303,3303,3304,0,1,0.9996973365617433,1.0,0.9996973365617433
calibration_long_occlusion_1001,1001,long_occlusion,sam2_1_tiny,51,3,car_B.front_door,True,True,3304,3302,3301,3305,1,3,0.9987897125567322,0.9996971532404604,0.99909200968523
calibration_long_occlusion_1001,1001,long_occlusion,sam2_1_tiny,52,3,car_B.front_door,True,True,3304,3302,3302,3304,0,2,0.9993946731234867,1.0,0.9993946731234867
calibration_long_occlusion_1001,1001,long_occlusion,sam2_1_tiny,53,3,car_B.front_door,True,True,3304,3303,3303,3304,0,1,0.9996973365617433,1.0,0.9996973365617433
calibration_long_occlusion_1001,1001,long_occlusion,sam2_1_tiny,54,3,car_B.front_door,True,True,3304,3302,3302,3304,0,2,0.9993946731234867,1.0,0.9993946731234867
calibration_long_occlusion_1001,1001,long_occlusion,sam2_1_tiny,55,3,car_B.front_door,True,True,3304,3305,3304,3305,1,0,0.999697428139183,0.999697428139183,1.0
calibration_long_occlusion_1001,1001,long_occlusion,sam2_1_tiny,56,3,car_B.front_door,True,True,3304,3302,3302,3304,0,2,0.9993946731234867,1.0,0.9993946731234867
calibration_long_occlusion_1001,1001,long_occlusion,sam2_1_tiny,57,3,car_B.front_door,True,True,3304,3302,3301,3305,1,3,0.9987897125567322,0.9996971532404604,0.99909200968523
calibration_long_occlusion_1001,1001,long_occlusion,sam2_1_tiny,58,3,car_B.front_door,True,True,3304,3302,3302,3304,0,2,0.9993946731234867,1.0,0.9993946731234867
calibration_long_occlusion_1001,1001,long_occlusion,sam2_1_tiny,59,3,car_B.front_door,True,True,3304,3304,3303,3305,1,1,0.9993948562783661,0.9996973365617433,0.9996973365617433
calibration_long_occlusion_1001,1001,long_occlusion,sam2_1_tiny,60,3,car_B.front_door,True,True,3304,3302,3302,3304,0,2,0.9993946731234867,1.0,0.9993946731234867
calibration_long_occlusion_1001,1001,long_occlusion,sam2_1_tiny,61,3,car_B.front_door,True,True,3304,3303,3303,3304,0,1,0.9996973365617433,1.0,0.9996973365617433
calibration_long_occlusion_1001,1001,long_occlusion,sam2_1_tiny,62,3,car_B.front_door,True,True,3304,3302,3302,3304,0,2,0.9993946731234867,1.0,0.9993946731234867
calibration_long_occlusion_1001,1001,long_occlusion,sam2_1_tiny,63,3,car_B.front_door,True,True,3304,3302,3302,3304,0,2,0.9993946731234867,1.0,0.9993946731234867
calibration_long_occlusion_1001,1001,long_occlusion,sam2_1_tiny,1,4,car_B.window,True,True,2052,2050,2050,2052,0,2,0.9990253411306043,1.0,0.9990253411306043
calibration_long_occlusion_1001,1001,long_occlusion,sam2_1_tiny,2,4,car_B.window,True,True,2052,2050,2050,2052,0,2,0.9990253411306043,1.0,0.9990253411306043
calibration_long_occlusion_1001,1001,long_occlusion,sam2_1_tiny,3,4,car_B.window,True,True,2052,2050,2050,2052,0,2,0.9990253411306043,1.0,0.9990253411306043
calibration_long_occlusion_1001,1001,long_occlusion,sam2_1_tiny,4,4,car_B.window,True,True,2052,2050,2050,2052,0,2,0.9990253411306043,1.0,0.9990253411306043
calibration_long_occlusion_1001,1001,long_occlusion,sam2_1_tiny,5,4,car_B.window,True,True,2052,2051,2051,2052,0,1,0.9995126705653021,1.0,0.9995126705653021
calibration_long_occlusion_1001,1001,long_occlusion,sam2_1_tiny,6,4,car_B.window,True,True,2052,2051,2051,2052,0,1,0.9995126705653021,1.0,0.9995126705653021
calibration_long_occlusion_1001,1001,long_occlusion,sam2_1_tiny,7,4,car_B.window,True,True,2052,2051,2051,2052,0,1,0.9995126705653021,1.0,0.9995126705653021
calibration_long_occlusion_1001,1001,long_occlusion,sam2_1_tiny,8,4,car_B.window,True,True,2052,2051,2051,2052,0,1,0.9995126705653021,1.0,0.9995126705653021
calibration_long_occlusion_1001,1001,long_occlusion,sam2_1_tiny,9,4,car_B.window,True,True,2052,2051,2051,2052,0,1,0.9995126705653021,1.0,0.9995126705653021
calibration_long_occlusion_1001,1001,long_occlusion,sam2_1_tiny,10,4,car_B.window,True,True,2052,2051,2051,2052,0,1,0.9995126705653021,1.0,0.9995126705653021
calibration_long_occlusion_1001,1001,long_occlusion,sam2_1_tiny,11,4,car_B.window,True,True,2052,2051,2051,2052,0,1,0.9995126705653021,1.0,0.9995126705653021
calibration_long_occlusion_1001,1001,long_occlusion,sam2_1_tiny,12,4,car_B.window,True,True,2052,2050,2050,2052,0,2,0.9990253411306043,1.0,0.9990253411306043
calibration_long_occlusion_1001,1001,long_occlusion,sam2_1_tiny,13,4,car_B.window,True,True,2052,2051,2051,2052,0,1,0.9995126705653021,1.0,0.9995126705653021
calibration_long_occlusion_1001,1001,long_occlusion,sam2_1_tiny,14,4,car_B.window,True,True,2052,2051,2051,2052,0,1,0.9995126705653021,1.0,0.9995126705653021
calibration_long_occlusion_1001,1001,long_occlusion,sam2_1_tiny,15,4,car_B.window,True,True,2052,2050,2050,2052,0,2,0.9990253411306043,1.0,0.9990253411306043
calibration_long_occlusion_1001,1001,long_occlusion,sam2_1_tiny,16,4,car_B.window,True,True,2052,2051,2051,2052,0,1,0.9995126705653021,1.0,0.9995126705653021
calibration_long_occlusion_1001,1001,long_occlusion,sam2_1_tiny,17,4,car_B.window,True,True,2052,2051,2051,2052,0,1,0.9995126705653021,1.0,0.9995126705653021
calibration_long_occlusion_1001,1001,long_occlusion,sam2_1_tiny,18,4,car_B.window,True,True,2052,2050,2050,2052,0,2,0.9990253411306043,1.0,0.9990253411306043
calibration_long_occlusion_1001,1001,long_occlusion,sam2_1_tiny,19,4,car_B.window,True,True,2052,2051,2051,2052,0,1,0.9995126705653021,1.0,0.9995126705653021
calibration_long_occlusion_1001,1001,long_occlusion,sam2_1_tiny,20,4,car_B.window,True,True,2052,2050,2050,2052,0,2,0.9990253411306043,1.0,0.9990253411306043
calibration_long_occlusion_1001,1001,long_occlusion,sam2_1_tiny,21,4,car_B.window,True,True,2052,2050,2050,2052,0,2,0.9990253411306043,1.0,0.9990253411306043
calibration_long_occlusion_1001,1001,long_occlusion,sam2_1_tiny,22,4,car_B.window,True,True,2052,2050,2050,2052,0,2,0.9990253411306043,1.0,0.9990253411306043
calibration_long_occlusion_1001,1001,long_occlusion,sam2_1_tiny,23,4,car_B.window,True,True,2052,2051,2051,2052,0,1,0.9995126705653021,1.0,0.9995126705653021
calibration_long_occlusion_1001,1001,long_occlusion,sam2_1_tiny,24,4,car_B.window,True,True,2052,2051,2051,2052,0,1,0.9995126705653021,1.0,0.9995126705653021
calibration_long_occlusion_1001,1001,long_occlusion,sam2_1_tiny,25,4,car_B.window,True,True,2052,2051,2051,2052,0,1,0.9995126705653021,1.0,0.9995126705653021
calibration_long_occlusion_1001,1001,long_occlusion,sam2_1_tiny,26,4,car_B.window,True,True,2052,2050,2050,2052,0,2,0.9990253411306043,1.0,0.9990253411306043
calibration_long_occlusion_1001,1001,long_occlusion,sam2_1_tiny,27,4,car_B.window,True,True,2052,2050,2050,2052,0,2,0.9990253411306043,1.0,0.9990253411306043
calibration_long_occlusion_1001,1001,long_occlusion,sam2_1_tiny,28,4,car_B.window,True,True,2052,2051,2051,2052,0,1,0.9995126705653021,1.0,0.9995126705653021
calibration_long_occlusion_1001,1001,long_occlusion,sam2_1_tiny,29,4,car_B.window,True,True,2052,2051,2051,2052,0,1,0.9995126705653021,1.0,0.9995126705653021
calibration_long_occlusion_1001,1001,long_occlusion,sam2_1_tiny,30,4,car_B.window,True,True,2052,2051,2051,2052,0,1,0.9995126705653021,1.0,0.9995126705653021
calibration_long_occlusion_1001,1001,long_occlusion,sam2_1_tiny,31,4,car_B.window,True,True,2052,2050,2050,2052,0,2,0.9990253411306043,1.0,0.9990253411306043
calibration_long_occlusion_1001,1001,long_occlusion,sam2_1_tiny,32,4,car_B.window,True,True,2052,2051,2051,2052,0,1,0.9995126705653021,1.0,0.9995126705653021
calibration_long_occlusion_1001,1001,long_occlusion,sam2_1_tiny,33,4,car_B.window,True,True,2052,2050,2050,2052,0,2,0.9990253411306043,1.0,0.9990253411306043
calibration_long_occlusion_1001,1001,long_occlusion,sam2_1_tiny,34,4,car_B.window,True,True,2052,2050,2050,2052,0,2,0.9990253411306043,1.0,0.9990253411306043
calibration_long_occlusion_1001,1001,long_occlusion,sam2_1_tiny,35,4,car_B.window,True,True,2052,2050,2050,2052,0,2,0.9990253411306043,1.0,0.9990253411306043
calibration_long_occlusion_1001,1001,long_occlusion,sam2_1_tiny,36,4,car_B.window,True,True,2052,2051,2051,2052,0,1,0.9995126705653021,1.0,0.9995126705653021
calibration_long_occlusion_1001,1001,long_occlusion,sam2_1_tiny,37,4,car_B.window,True,True,2052,2050,2050,2052,0,2,0.9990253411306043,1.0,0.9990253411306043
calibration_long_occlusion_1001,1001,long_occlusion,sam2_1_tiny,38,4,car_B.window,True,True,2052,2050,2050,2052,0,2,0.9990253411306043,1.0,0.9990253411306043
calibration_long_occlusion_1001,1001,long_occlusion,sam2_1_tiny,39,4,car_B.window,True,True,2052,2051,2051,2052,0,1,0.9995126705653021,1.0,0.9995126705653021
calibration_long_occlusion_1001,1001,long_occlusion,sam2_1_tiny,40,4,car_B.window,True,True,2052,2050,2050,2052,0,2,0.9990253411306043,1.0,0.9990253411306043
calibration_long_occlusion_1001,1001,long_occlusion,sam2_1_tiny,41,4,car_B.window,True,True,2052,2050,2050,2052,0,2,0.9990253411306043,1.0,0.9990253411306043
calibration_long_occlusion_1001,1001,long_occlusion,sam2_1_tiny,42,4,car_B.window,True,True,2052,2051,2051,2052,0,1,0.9995126705653021,1.0,0.9995126705653021
calibration_long_occlusion_1001,1001,long_occlusion,sam2_1_tiny,43,4,car_B.window,True,True,2052,2050,2050,2052,0,2,0.9990253411306043,1.0,0.9990253411306043
calibration_long_occlusion_1001,1001,long_occlusion,sam2_1_tiny,44,4,car_B.window,True,True,2052,2050,2050,2052,0,2,0.9990253411306043,1.0,0.9990253411306043
calibration_long_occlusion_1001,1001,long_occlusion,sam2_1_tiny,45,4,car_B.window,True,True,2052,2051,2051,2052,0,1,0.9995126705653021,1.0,0.9995126705653021
calibration_long_occlusion_1001,1001,long_occlusion,sam2_1_tiny,46,4,car_B.window,True,True,2052,2050,2050,2052,0,2,0.9990253411306043,1.0,0.9990253411306043
calibration_long_occlusion_1001,1001,long_occlusion,sam2_1_tiny,47,4,car_B.window,True,True,2052,2051,2051,2052,0,1,0.9995126705653021,1.0,0.9995126705653021
calibration_long_occlusion_1001,1001,long_occlusion,sam2_1_tiny,48,4,car_B.window,True,True,2052,2050,2050,2052,0,2,0.9990253411306043,1.0,0.9990253411306043
calibration_long_occlusion_1001,1001,long_occlusion,sam2_1_tiny,49,4,car_B.window,True,True,2052,2051,2051,2052,0,1,0.9995126705653021,1.0,0.9995126705653021
calibration_long_occlusion_1001,1001,long_occlusion,sam2_1_tiny,50,4,car_B.window,True,True,2052,2050,2050,2052,0,2,0.9990253411306043,1.0,0.9990253411306043
calibration_long_occlusion_1001,1001,long_occlusion,sam2_1_tiny,51,4,car_B.window,True,True,2052,2051,2051,2052,0,1,0.9995126705653021,1.0,0.9995126705653021
calibration_long_occlusion_1001,1001,long_occlusion,sam2_1_tiny,52,4,car_B.window,True,True,2052,2050,2050,2052,0,2,0.9990253411306043,1.0,0.9990253411306043
calibration_long_occlusion_1001,1001,long_occlusion,sam2_1_tiny,53,4,car_B.window,True,True,2052,2051,2051,2052,0,1,0.9995126705653021,1.0,0.9995126705653021
calibration_long_occlusion_1001,1001,long_occlusion,sam2_1_tiny,54,4,car_B.window,True,True,2052,2051,2051,2052,0,1,0.9995126705653021,1.0,0.9995126705653021
calibration_long_occlusion_1001,1001,long_occlusion,sam2_1_tiny,55,4,car_B.window,True,True,2052,2050,2050,2052,0,2,0.9990253411306043,1.0,0.9990253411306043
calibration_long_occlusion_1001,1001,long_occlusion,sam2_1_tiny,56,4,car_B.window,True,True,2052,2050,2050,2052,0,2,0.9990253411306043,1.0,0.9990253411306043
calibration_long_occlusion_1001,1001,long_occlusion,sam2_1_tiny,57,4,car_B.window,True,True,2052,2051,2051,2052,0,1,0.9995126705653021,1.0,0.9995126705653021
calibration_long_occlusion_1001,1001,long_occlusion,sam2_1_tiny,58,4,car_B.window,True,True,2052,2051,2051,2052,0,1,0.9995126705653021,1.0,0.9995126705653021
calibration_long_occlusion_1001,1001,long_occlusion,sam2_1_tiny,59,4,car_B.window,True,True,2052,2051,2051,2052,0,1,0.9995126705653021,1.0,0.9995126705653021
calibration_long_occlusion_1001,1001,long_occlusion,sam2_1_tiny,60,4,car_B.window,True,True,2052,2050,2050,2052,0,2,0.9990253411306043,1.0,0.9990253411306043
calibration_long_occlusion_1001,1001,long_occlusion,sam2_1_tiny,61,4,car_B.window,True,True,2052,2051,2051,2052,0,1,0.9995126705653021,1.0,0.9995126705653021
calibration_long_occlusion_1001,1001,long_occlusion,sam2_1_tiny,62,4,car_B.window,True,True,2052,2051,2051,2052,0,1,0.9995126705653021,1.0,0.9995126705653021
calibration_long_occlusion_1001,1001,long_occlusion,sam2_1_tiny,63,4,car_B.window,True,True,2052,2051,2051,2052,0,1,0.9995126705653021,1.0,0.9995126705653021
calibration_crossing_1100,1100,crossing,sam2_1_tiny,1,1,car_A.front_door,True,True,3304,3303,3303,3304,0,1,0.9996973365617433,1.0,0.9996973365617433
calibration_crossing_1100,1100,crossing,sam2_1_tiny,2,1,car_A.front_door,True,True,3304,3302,3302,3304,0,2,0.9993946731234867,1.0,0.9993946731234867
calibration_crossing_1100,1100,crossing,sam2_1_tiny,3,1,car_A.front_door,True,True,3304,3302,3302,3304,0,2,0.9993946731234867,1.0,0.9993946731234867
calibration_crossing_1100,1100,crossing,sam2_1_tiny,4,1,car_A.front_door,True,True,3304,3306,3302,3308,4,2,0.998186215235792,0.9987900786448881,0.9993946731234867
calibration_crossing_1100,1100,crossing,sam2_1_tiny,5,1,car_A.front_door,True,True,3304,3347,3303,3348,44,1,0.9865591397849462,0.9868538990140424,0.9996973365617433
calibration_crossing_1100,1100,crossing,sam2_1_tiny,6,1,car_A.front_door,True,True,3304,3303,3303,3304,0,1,0.9996973365617433,1.0,0.9996973365617433
calibration_crossing_1100,1100,crossing,sam2_1_tiny,7,1,car_A.front_door,True,True,3304,3303,3303,3304,0,1,0.9996973365617433,1.0,0.9996973365617433
calibration_crossing_1100,1100,crossing,sam2_1_tiny,8,1,car_A.front_door,True,True,3304,3301,3301,3304,0,3,0.99909200968523,1.0,0.99909200968523
calibration_crossing_1100,1100,crossing,sam2_1_tiny,9,1,car_A.front_door,True,True,3304,3302,3302,3304,0,2,0.9993946731234867,1.0,0.9993946731234867
calibration_crossing_1100,1100,crossing,sam2_1_tiny,10,1,car_A.front_door,True,True,3304,3303,3303,3304,0,1,0.9996973365617433,1.0,0.9996973365617433
calibration_crossing_1100,1100,crossing,sam2_1_tiny,11,1,car_A.front_door,True,True,3304,3303,3303,3304,0,1,0.9996973365617433,1.0,0.9996973365617433
calibration_crossing_1100,1100,crossing,sam2_1_tiny,12,1,car_A.front_door,True,True,3304,3304,3304,3304,0,0,1.0,1.0,1.0
calibration_crossing_1100,1100,crossing,sam2_1_tiny,13,1,car_A.front_door,True,True,3304,3301,3301,3304,0,3,0.99909200968523,1.0,0.99909200968523
calibration_crossing_1100,1100,crossing,sam2_1_tiny,14,1,car_A.front_door,True,True,3304,3300,3300,3304,0,4,0.9987893462469734,1.0,0.9987893462469734
calibration_crossing_1100,1100,crossing,sam2_1_tiny,15,1,car_A.front_door,True,True,3304,3303,3303,3304,0,1,0.9996973365617433,1.0,0.9996973365617433
calibration_crossing_1100,1100,crossing,sam2_1_tiny,16,1,car_A.front_door,True,True,3304,3303,3303,3304,0,1,0.9996973365617433,1.0,0.9996973365617433
calibration_crossing_1100,1100,crossing,sam2_1_tiny,17,1,car_A.front_door,True,True,3304,3301,3301,3304,0,3,0.99909200968523,1.0,0.99909200968523
calibration_crossing_1100,1100,crossing,sam2_1_tiny,18,1,car_A.front_door,True,True,3304,3302,3302,3304,0,2,0.9993946731234867,1.0,0.9993946731234867
calibration_crossing_1100,1100,crossing,sam2_1_tiny,19,1,car_A.front_door,True,True,3304,3303,3303,3304,0,1,0.9996973365617433,1.0,0.9996973365617433
calibration_crossing_1100,1100,crossing,sam2_1_tiny,20,1,car_A.front_door,True,True,3291,3287,3287,3291,0,4,0.9987845639623215,1.0,0.9987845639623215
calibration_crossing_1100,1100,crossing,sam2_1_tiny,21,1,car_A.front_door,True,True,3128,3124,3124,3128,0,4,0.9987212276214834,1.0,0.9987212276214834
calibration_crossing_1100,1100,crossing,sam2_1_tiny,22,1,car_A.front_door,True,True,2716,2715,2713,2718,2,3,0.9981604120676968,0.9992633517495396,0.9988954344624448
calibration_crossing_1100,1100,crossing,sam2_1_tiny,23,1,car_A.front_door,True,True,2144,2140,2138,2146,2,6,0.9962721342031687,0.9990654205607477,0.9972014925373134
calibration_crossing_1100,1100,crossing,sam2_1_tiny,24,1,car_A.front_door,True,True,1412,1413,1412,1413,1,0,0.9992922859164898,0.9992922859164898,1.0
calibration_crossing_1100,1100,crossing,sam2_1_tiny,25,1,car_A.front_door,True,True,724,733,724,733,9,0,0.9877216916780355,0.9877216916780355,1.0
calibration_crossing_1100,1100,crossing,sam2_1_tiny,26,1,car_A.front_door,True,True,236,285,236,285,49,0,0.8280701754385965,0.8280701754385965,1.0
calibration_crossing_1100,1100,crossing,sam2_1_tiny,27,1,car_A.front_door,False,False,0,0,0,0,0,0,,,
calibration_crossing_1100,1100,crossing,sam2_1_tiny,28,1,car_A.front_door,False,False,0,0,0,0,0,0,,,
calibration_crossing_1100,1100,crossing,sam2_1_tiny,29,1,car_A.front_door,False,False,0,0,0,0,0,0,,,
calibration_crossing_1100,1100,crossing,sam2_1_tiny,30,1,car_A.front_door,False,True,0,90,0,90,90,0,,0.0,
calibration_crossing_1100,1100,crossing,sam2_1_tiny,31,1,car_A.front_door,False,True,0,3320,0,3320,3320,0,,0.0,
calibration_crossing_1100,1100,crossing,sam2_1_tiny,32,1,car_A.front_door,True,True,14,3339,0,3353,3339,14,0.0,0.0,0.0
calibration_crossing_1100,1100,crossing,sam2_1_tiny,33,1,car_A.front_door,True,True,676,3325,0,4001,3325,676,0.0,0.0,0.0
calibration_crossing_1100,1100,crossing,sam2_1_tiny,34,1,car_A.front_door,True,True,1391,3303,0,4694,3303,1391,0.0,0.0,0.0
calibration_crossing_1100,1100,crossing,sam2_1_tiny,35,1,car_A.front_door,True,True,2245,3311,0,5556,3311,2245,0.0,0.0,0.0
calibration_crossing_1100,1100,crossing,sam2_1_tiny,36,1,car_A.front_door,True,True,2864,3299,0,6163,3299,2864,0.0,0.0,0.0
calibration_crossing_1100,1100,crossing,sam2_1_tiny,37,1,car_A.front_door,True,True,3177,3302,0,6479,3302,3177,0.0,0.0,0.0
calibration_crossing_1100,1100,crossing,sam2_1_tiny,38,1,car_A.front_door,True,True,3304,3302,0,6606,3302,3304,0.0,0.0,0.0
calibration_crossing_1100,1100,crossing,sam2_1_tiny,39,1,car_A.front_door,True,True,3304,3306,0,6610,3306,3304,0.0,0.0,0.0
calibration_crossing_1100,1100,crossing,sam2_1_tiny,40,1,car_A.front_door,True,True,3304,3304,0,6608,3304,3304,0.0,0.0,0.0
calibration_crossing_1100,1100,crossing,sam2_1_tiny,41,1,car_A.front_door,True,True,3304,3302,0,6606,3302,3304,0.0,0.0,0.0
calibration_crossing_1100,1100,crossing,sam2_1_tiny,42,1,car_A.front_door,True,True,3304,3309,0,6613,3309,3304,0.0,0.0,0.0
calibration_crossing_1100,1100,crossing,sam2_1_tiny,43,1,car_A.front_door,True,True,3304,3352,0,6656,3352,3304,0.0,0.0,0.0
calibration_crossing_1100,1100,crossing,sam2_1_tiny,44,1,car_A.front_door,True,True,3304,3302,0,6606,3302,3304,0.0,0.0,0.0
calibration_crossing_1100,1100,crossing,sam2_1_tiny,45,1,car_A.front_door,True,True,3304,3307,0,6611,3307,3304,0.0,0.0,0.0
calibration_crossing_1100,1100,crossing,sam2_1_tiny,46,1,car_A.front_door,True,True,3304,3302,0,6606,3302,3304,0.0,0.0,0.0
calibration_crossing_1100,1100,crossing,sam2_1_tiny,47,1,car_A.front_door,True,True,3304,3369,0,6673,3369,3304,0.0,0.0,0.0
calibration_crossing_1100,1100,crossing,sam2_1_tiny,48,1,car_A.front_door,True,True,3304,3334,0,6638,3334,3304,0.0,0.0,0.0
calibration_crossing_1100,1100,crossing,sam2_1_tiny,49,1,car_A.front_door,True,True,3304,3325,0,6629,3325,3304,0.0,0.0,0.0
calibration_crossing_1100,1100,crossing,sam2_1_tiny,50,1,car_A.front_door,True,True,3304,3317,0,6621,3317,3304,0.0,0.0,0.0
calibration_crossing_1100,1100,crossing,sam2_1_tiny,51,1,car_A.front_door,True,True,3304,3334,0,6638,3334,3304,0.0,0.0,0.0
calibration_crossing_1100,1100,crossing,sam2_1_tiny,52,1,car_A.front_door,True,True,3304,3305,0,6609,3305,3304,0.0,0.0,0.0
calibration_crossing_1100,1100,crossing,sam2_1_tiny,53,1,car_A.front_door,True,True,3304,3326,0,6630,3326,3304,0.0,0.0,0.0
calibration_crossing_1100,1100,crossing,sam2_1_tiny,54,1,car_A.front_door,True,True,3304,3319,0,6623,3319,3304,0.0,0.0,0.0
calibration_crossing_1100,1100,crossing,sam2_1_tiny,55,1,car_A.front_door,True,True,3304,3302,0,6606,3302,3304,0.0,0.0,0.0
calibration_crossing_1100,1100,crossing,sam2_1_tiny,56,1,car_A.front_door,True,True,3304,3321,0,6625,3321,3304,0.0,0.0,0.0
calibration_crossing_1100,1100,crossing,sam2_1_tiny,57,1,car_A.front_door,True,True,3304,3307,0,6611,3307,3304,0.0,0.0,0.0
calibration_crossing_1100,1100,crossing,sam2_1_tiny,58,1,car_A.front_door,True,True,3304,3305,0,6609,3305,3304,0.0,0.0,0.0
calibration_crossing_1100,1100,crossing,sam2_1_tiny,59,1,car_A.front_door,True,True,3304,3305,0,6609,3305,3304,0.0,0.0,0.0
calibration_crossing_1100,1100,crossing,sam2_1_tiny,60,1,car_A.front_door,True,True,3304,3314,0,6618,3314,3304,0.0,0.0,0.0
calibration_crossing_1100,1100,crossing,sam2_1_tiny,61,1,car_A.front_door,True,True,3304,3309,0,6613,3309,3304,0.0,0.0,0.0
calibration_crossing_1100,1100,crossing,sam2_1_tiny,62,1,car_A.front_door,True,True,3304,3316,0,6620,3316,3304,0.0,0.0,0.0
calibration_crossing_1100,1100,crossing,sam2_1_tiny,63,1,car_A.front_door,True,True,3304,3304,0,6608,3304,3304,0.0,0.0,0.0
calibration_crossing_1100,1100,crossing,sam2_1_tiny,1,2,car_A.window,True,True,2052,2049,2049,2052,0,3,0.9985380116959064,1.0,0.9985380116959064
calibration_crossing_1100,1100,crossing,sam2_1_tiny,2,2,car_A.window,True,True,2052,2049,2049,2052,0,3,0.9985380116959064,1.0,0.9985380116959064
calibration_crossing_1100,1100,crossing,sam2_1_tiny,3,2,car_A.window,True,True,2052,2049,2049,2052,0,3,0.9985380116959064,1.0,0.9985380116959064
calibration_crossing_1100,1100,crossing,sam2_1_tiny,4,2,car_A.window,True,True,2052,2050,2050,2052,0,2,0.9990253411306043,1.0,0.9990253411306043
calibration_crossing_1100,1100,crossing,sam2_1_tiny,5,2,car_A.window,True,True,2052,2050,2050,2052,0,2,0.9990253411306043,1.0,0.9990253411306043
calibration_crossing_1100,1100,crossing,sam2_1_tiny,6,2,car_A.window,True,True,2052,2050,2050,2052,0,2,0.9990253411306043,1.0,0.9990253411306043
calibration_crossing_1100,1100,crossing,sam2_1_tiny,7,2,car_A.window,True,True,2052,2050,2050,2052,0,2,0.9990253411306043,1.0,0.9990253411306043
calibration_crossing_1100,1100,crossing,sam2_1_tiny,8,2,car_A.window,True,True,2052,2061,2050,2063,11,2,0.9936984973339796,0.9946627850557982,0.9990253411306043
calibration_crossing_1100,1100,crossing,sam2_1_tiny,9,2,car_A.window,True,True,2052,2051,2051,2052,0,1,0.9995126705653021,1.0,0.9995126705653021
calibration_crossing_1100,1100,crossing,sam2_1_tiny,10,2,car_A.window,True,True,2052,2050,2050,2052,0,2,0.9990253411306043,1.0,0.9990253411306043
calibration_crossing_1100,1100,crossing,sam2_1_tiny,11,2,car_A.window,True,True,2052,2096,2051,2097,45,1,0.978063900810682,0.978530534351145,0.9995126705653021
calibration_crossing_1100,1100,crossing,sam2_1_tiny,12,2,car_A.window,True,True,2052,2050,2050,2052,0,2,0.9990253411306043,1.0,0.9990253411306043
calibration_crossing_1100,1100,crossing,sam2_1_tiny,13,2,car_A.window,True,True,2052,2050,2050,2052,0,2,0.9990253411306043,1.0,0.9990253411306043
calibration_crossing_1100,1100,crossing,sam2_1_tiny,14,2,car_A.window,True,True,2052,2049,2049,2052,0,3,0.9985380116959064,1.0,0.9985380116959064
calibration_crossing_1100,1100,crossing,sam2_1_tiny,15,2,car_A.window,True,True,2052,2050,2050,2052,0,2,0.9990253411306043,1.0,0.9990253411306043
calibration_crossing_1100,1100,crossing,sam2_1_tiny,16,2,car_A.window,True,True,2052,2051,2050,2053,1,2,0.9985387238188017,0.999512432959532,0.9990253411306043
calibration_crossing_1100,1100,crossing,sam2_1_tiny,17,2,car_A.window,True,True,2052,2049,2049,2052,0,3,0.9985380116959064,1.0,0.9985380116959064
calibration_crossing_1100,1100,crossing,sam2_1_tiny,18,2,car_A.window,True,True,2052,2052,2050,2054,2,2,0.9980525803310614,0.9990253411306043,0.9990253411306043
calibration_crossing_1100,1100,crossing,sam2_1_tiny,19,2,car_A.window,True,True,2052,2050,2050,2052,0,2,0.9990253411306043,1.0,0.9990253411306043
calibration_crossing_1100,1100,crossing,sam2_1_tiny,20,2,car_A.window,True,True,2052,2049,2049,2052,0,3,0.9985380116959064,1.0,0.9985380116959064
calibration_crossing_1100,1100,crossing,sam2_1_tiny,21,2,car_A.window,True,True,2052,2083,2050,2085,33,2,0.9832134292565947,0.9841574651944311,0.9990253411306043
calibration_crossing_1100,1100,crossing,sam2_1_tiny,22,2,car_A.window,True,True,2052,2049,2049,2052,0,3,0.9985380116959064,1.0,0.9985380116959064
calibration_crossing_1100,1100,crossing,sam2_1_tiny,23,2,car_A.window,True,True,2052,2050,2050,2052,0,2,0.9990253411306043,1.0,0.9990253411306043
calibration_crossing_1100,1100,crossing,sam2_1_tiny,24,2,car_A.window,True,True,2052,2064,2048,2068,16,4,0.9903288201160542,0.9922480620155039,0.9980506822612085
calibration_crossing_1100,1100,crossing,sam2_1_tiny,25,2,car_A.window,True,True,2052,2052,2050,2054,2,2,0.9980525803310614,0.9990253411306043,0.9990253411306043
calibration_crossing_1100,1100,crossing,sam2_1_tiny,26,2,car_A.window,True,True,2052,2051,2050,2053,1,2,0.9985387238188017,0.999512432959532,0.9990253411306043
calibration_crossing_1100,1100,crossing,sam2_1_tiny,27,2,car_A.window,True,True,1995,1993,1993,1995,0,2,0.9989974937343359,1.0,0.9989974937343359
calibration_crossing_1100,1100,crossing,sam2_1_tiny,28,2,car_A.window,True,True,1539,1537,1537,1539,0,2,0.9987004548408057,1.0,0.9987004548408057
calibration_crossing_1100,1100,crossing,sam2_1_tiny,29,2,car_A.window,True,True,973,973,970,976,3,3,0.9938524590163934,0.9969167523124358,0.9969167523124358
calibration_crossing_1100,1100,crossing,sam2_1_tiny,30,2,car_A.window,True,True,583,612,579,616,33,4,0.939935064935065,0.946078431372549,0.9931389365351629
calibration_crossing_1100,1100,crossing,sam2_1_tiny,31,2,car_A.window,True,True,304,325,301,328,24,3,0.9176829268292683,0.9261538461538461,0.9901315789473685
calibration_crossing_1100,1100,crossing,sam2_1_tiny,32,2,car_A.window,True,True,354,356,353,357,3,1,0.988795518207283,0.9915730337078652,0.9971751412429378
calibration_crossing_1100,1100,crossing,sam2_1_tiny,33,2,car_A.window,True,True,418,436,417,437,19,1,0.954233409610984,0.9564220183486238,0.9976076555023924
calibration_crossing_1100,1100,crossing,sam2_1_tiny,34,2,car_A.window,True,True,618,625,616,627,9,2,0.9824561403508771,0.9856,0.9967637540453075
calibration_crossing_1100,1100,crossing,sam2_1_tiny,35,2,car_A.window,True,True,901,922,900,923,22,1,0.9750812567713976,0.9761388286334056,0.9988901220865705
calibration_crossing_1100,1100,crossing,sam2_1_tiny,36,2,car_A.window,True,True,1260,1292,1260,1292,32,0,0.9752321981424149,0.9752321981424149,1.0
calibration_crossing_1100,1100,crossing,sam2_1_tiny,37,2,car_A.window,True,True,1548,1548,1546,1550,2,2,0.9974193548387097,0.9987080103359173,0.9987080103359173
calibration_crossing_1100,1100,crossing,sam2_1_tiny,38,2,car_A.window,True,True,1908,1956,1907,1957,49,1,0.9744506898313745,0.9749488752556237,0.999475890985325
calibration_crossing_1100,1100,crossing,sam2_1_tiny,39,2,car_A.window,True,True,2052,2057,2051,2058,6,1,0.9965986394557823,0.9970831307729704,0.9995126705653021
calibration_crossing_1100,1100,crossing,sam2_1_tiny,40,2,car_A.window,True,True,2052,2052,2050,2054,2,2,0.9980525803310614,0.9990253411306043,0.9990253411306043
calibration_crossing_1100,1100,crossing,sam2_1_tiny,41,2,car_A.window,True,True,2052,2050,2050,2052,0,2,0.9990253411306043,1.0,0.9990253411306043
calibration_crossing_1100,1100,crossing,sam2_1_tiny,42,2,car_A.window,True,True,2052,2050,2050,2052,0,2,0.9990253411306043,1.0,0.9990253411306043
calibration_crossing_1100,1100,crossing,sam2_1_tiny,43,2,car_A.window,True,True,2052,2051,2050,2053,1,2,0.9985387238188017,0.999512432959532,0.9990253411306043
calibration_crossing_1100,1100,crossing,sam2_1_tiny,44,2,car_A.window,True,True,2052,2094,2050,2096,44,2,0.9780534351145038,0.9789875835721108,0.9990253411306043
calibration_crossing_1100,1100,crossing,sam2_1_tiny,45,2,car_A.window,True,True,2052,2051,2051,2052,0,1,0.9995126705653021,1.0,0.9995126705653021
calibration_crossing_1100,1100,crossing,sam2_1_tiny,46,2,car_A.window,True,True,2052,2100,2049,2103,51,3,0.9743223965763196,0.9757142857142858,0.9985380116959064
calibration_crossing_1100,1100,crossing,sam2_1_tiny,47,2,car_A.window,True,True,2052,2050,2050,2052,0,2,0.9990253411306043,1.0,0.9990253411306043
calibration_crossing_1100,1100,crossing,sam2_1_tiny,48,2,car_A.window,True,True,2052,2096,2050,2098,46,2,0.9771210676835081,0.9780534351145038,0.9990253411306043
calibration_crossing_1100,1100,crossing,sam2_1_tiny,49,2,car_A.window,True,True,2052,2050,2050,2052,0,2,0.9990253411306043,1.0,0.9990253411306043
calibration_crossing_1100,1100,crossing,sam2_1_tiny,50,2,car_A.window,True,True,2052,2101,2051,2102,50,1,0.9757373929590866,0.9762018086625417,0.9995126705653021
calibration_crossing_1100,1100,crossing,sam2_1_tiny,51,2,car_A.window,True,True,2052,2050,2050,2052,0,2,0.9990253411306043,1.0,0.9990253411306043
calibration_crossing_1100,1100,crossing,sam2_1_tiny,52,2,car_A.window,True,True,2052,2092,2048,2096,44,4,0.9770992366412213,0.9789674952198852,0.9980506822612085
calibration_crossing_1100,1100,crossing,sam2_1_tiny,53,2,car_A.window,True,True,2052,2052,2052,2052,0,0,1.0,1.0,1.0
calibration_crossing_1100,1100,crossing,sam2_1_tiny,54,2,car_A.window,True,True,2052,2097,2051,2098,46,1,0.9775977121067684,0.978063900810682,0.9995126705653021
calibration_crossing_1100,1100,crossing,sam2_1_tiny,55,2,car_A.window,True,True,2052,2088,2051,2089,37,1,0.9818094782192437,0.98227969348659,0.9995126705653021
calibration_crossing_1100,1100,crossing,sam2_1_tiny,56,2,car_A.window,True,True,2052,2059,2052,2059,7,0,0.996600291403594,0.996600291403594,1.0
calibration_crossing_1100,1100,crossing,sam2_1_tiny,57,2,car_A.window,True,True,2052,2050,2050,2052,0,2,0.9990253411306043,1.0,0.9990253411306043
calibration_crossing_1100,1100,crossing,sam2_1_tiny,58,2,car_A.window,True,True,2052,2100,2050,2102,50,2,0.9752616555661275,0.9761904761904762,0.9990253411306043
calibration_crossing_1100,1100,crossing,sam2_1_tiny,59,2,car_A.window,True,True,2052,2076,2051,2077,25,1,0.9874819451131439,0.9879576107899807,0.9995126705653021
calibration_crossing_1100,1100,crossing,sam2_1_tiny,60,2,car_A.window,True,True,2052,2051,2051,2052,0,1,0.9995126705653021,1.0,0.9995126705653021
calibration_crossing_1100,1100,crossing,sam2_1_tiny,61,2,car_A.window,True,True,2052,2050,2050,2052,0,2,0.9990253411306043,1.0,0.9990253411306043
calibration_crossing_1100,1100,crossing,sam2_1_tiny,62,2,car_A.window,True,True,2052,2052,2052,2052,0,0,1.0,1.0,1.0
calibration_crossing_1100,1100,crossing,sam2_1_tiny,63,2,car_A.window,True,True,2052,2052,2052,2052,0,0,1.0,1.0,1.0
calibration_crossing_1100,1100,crossing,sam2_1_tiny,1,3,car_B.front_door,True,True,3304,3301,3301,3304,0,3,0.99909200968523,1.0,0.99909200968523
calibration_crossing_1100,1100,crossing,sam2_1_tiny,2,3,car_B.front_door,True,True,3304,3301,3301,3304,0,3,0.99909200968523,1.0,0.99909200968523
calibration_crossing_1100,1100,crossing,sam2_1_tiny,3,3,car_B.front_door,True,True,3304,3301,3301,3304,0,3,0.99909200968523,1.0,0.99909200968523
calibration_crossing_1100,1100,crossing,sam2_1_tiny,4,3,car_B.front_door,True,True,3304,3304,3302,3306,2,2,0.9987900786448881,0.9993946731234867,0.9993946731234867
calibration_crossing_1100,1100,crossing,sam2_1_tiny,5,3,car_B.front_door,True,True,3304,3319,3301,3322,18,3,0.99367850692354,0.994576679722808,0.99909200968523
calibration_crossing_1100,1100,crossing,sam2_1_tiny,6,3,car_B.front_door,True,True,3304,3301,3300,3305,1,4,0.9984871406959153,0.9996970614965162,0.9987893462469734
calibration_crossing_1100,1100,crossing,sam2_1_tiny,7,3,car_B.front_door,True,True,3304,3302,3301,3305,1,3,0.9987897125567322,0.9996971532404604,0.99909200968523
calibration_crossing_1100,1100,crossing,sam2_1_tiny,8,3,car_B.front_door,True,True,3304,3301,3301,3304,0,3,0.99909200968523,1.0,0.99909200968523
calibration_crossing_1100,1100,crossing,sam2_1_tiny,9,3,car_B.front_door,True,True,3304,3315,3301,3318,14,3,0.9948764315852924,0.9957767722473605,0.99909200968523
calibration_crossing_1100,1100,crossing,sam2_1_tiny,10,3,car_B.front_door,True,True,3304,3302,3302,3304,0,2,0.9993946731234867,1.0,0.9993946731234867
calibration_crossing_1100,1100,crossing,sam2_1_tiny,11,3,car_B.front_door,True,True,3304,3302,3302,3304,0,2,0.9993946731234867,1.0,0.9993946731234867
calibration_crossing_1100,1100,crossing,sam2_1_tiny,12,3,car_B.front_door,True,True,3304,3303,3303,3304,0,1,0.9996973365617433,1.0,0.9996973365617433
calibration_crossing_1100,1100,crossing,sam2_1_tiny,13,3,car_B.front_door,True,True,3304,3301,3301,3304,0,3,0.99909200968523,1.0,0.99909200968523
calibration_crossing_1100,1100,crossing,sam2_1_tiny,14,3,car_B.front_door,True,True,3304,3300,3300,3304,0,4,0.9987893462469734,1.0,0.9987893462469734
calibration_crossing_1100,1100,crossing,sam2_1_tiny,15,3,car_B.front_door,True,True,3304,3302,3301,3305,1,3,0.9987897125567322,0.9996971532404604,0.99909200968523
calibration_crossing_1100,1100,crossing,sam2_1_tiny,16,3,car_B.front_door,True,True,3304,3301,3301,3304,0,3,0.99909200968523,1.0,0.99909200968523
calibration_crossing_1100,1100,crossing,sam2_1_tiny,17,3,car_B.front_door,True,True,3304,3315,3302,3317,13,2,0.9954778414229726,0.996078431372549,0.9993946731234867
calibration_crossing_1100,1100,crossing,sam2_1_tiny,18,3,car_B.front_door,True,True,3304,3301,3301,3304,0,3,0.99909200968523,1.0,0.99909200968523
calibration_crossing_1100,1100,crossing,sam2_1_tiny,19,3,car_B.front_door,True,True,3304,3301,3301,3304,0,3,0.99909200968523,1.0,0.99909200968523
calibration_crossing_1100,1100,crossing,sam2_1_tiny,20,3,car_B.front_door,True,True,3304,3308,3301,3311,7,3,0.9969797644216248,0.9978839177750907,0.99909200968523
calibration_crossing_1100,1100,crossing,sam2_1_tiny,21,3,car_B.front_door,True,True,3304,3305,3302,3307,3,2,0.9984880556395525,0.9990922844175492,0.9993946731234867
calibration_crossing_1100,1100,crossing,sam2_1_tiny,22,3,car_B.front_door,True,True,3304,3303,3303,3304,0,1,0.9996973365617433,1.0,0.9996973365617433
calibration_crossing_1100,1100,crossing,sam2_1_tiny,23,3,car_B.front_door,True,True,3304,3318,3302,3320,16,2,0.994578313253012,0.995177817962628,0.9993946731234867
calibration_crossing_1100,1100,crossing,sam2_1_tiny,24,3,car_B.front_door,True,True,3304,3313,3303,3314,10,1,0.9966807483403741,0.9969815876848778,0.9996973365617433
calibration_crossing_1100,1100,crossing,sam2_1_tiny,25,3,car_B.front_door,True,True,3304,3313,3301,3316,12,3,0.9954764776839565,0.9963779052218533,0.99909200968523
calibration_crossing_1100,1100,crossing,sam2_1_tiny,26,3,car_B.front_door,True,True,3304,3302,3301,3305,1,3,0.9987897125567322,0.9996971532404604,0.99909200968523
calibration_crossing_1100,1100,crossing,sam2_1_tiny,27,3,car_B.front_door,True,True,3304,3310,3302,3312,8,2,0.9969806763285024,0.997583081570997,0.9993946731234867
calibration_crossing_1100,1100,crossing,sam2_1_tiny,28,3,car_B.front_door,True,True,3304,3327,3303,3328,24,1,0.9924879807692307,0.9927862939585211,0.9996973365617433
calibration_crossing_1100,1100,crossing,sam2_1_tiny,29,3,car_B.front_door,True,True,3304,3305,3302,3307,3,2,0.9984880556395525,0.9990922844175492,0.9993946731234867
calibration_crossing_1100,1100,crossing,sam2_1_tiny,30,3,car_B.front_door,True,True,3304,3303,3302,3305,1,2,0.9990922844175492,0.9996972449288526,0.9993946731234867
calibration_crossing_1100,1100,crossing,sam2_1_tiny,31,3,car_B.front_door,True,True,3304,3307,3302,3309,5,2,0.9978845572680568,0.9984880556395525,0.9993946731234867
calibration_crossing_1100,1100,crossing,sam2_1_tiny,32,3,car_B.front_door,True,True,3304,3310,3304,3310,6,0,0.9981873111782478,0.9981873111782478,1.0
calibration_crossing_1100,1100,crossing,sam2_1_tiny,33,3,car_B.front_door,True,True,3304,3304,3304,3304,0,0,1.0,1.0,1.0
calibration_crossing_1100,1100,crossing,sam2_1_tiny,34,3,car_B.front_door,True,True,3304,3303,3302,3305,1,2,0.9990922844175492,0.9996972449288526,0.9993946731234867
calibration_crossing_1100,1100,crossing,sam2_1_tiny,35,3,car_B.front_door,True,True,3304,3308,3302,3310,6,2,0.997583081570997,0.998186215235792,0.9993946731234867
calibration_crossing_1100,1100,crossing,sam2_1_tiny,36,3,car_B.front_door,True,True,3304,3303,3303,3304,0,1,0.9996973365617433,1.0,0.9996973365617433
calibration_crossing_1100,1100,crossing,sam2_1_tiny,37,3,car_B.front_door,True,True,3304,3302,3302,3304,0,2,0.9993946731234867,1.0,0.9993946731234867
calibration_crossing_1100,1100,crossing,sam2_1_tiny,38,3,car_B.front_door,True,True,3304,3302,3302,3304,0,2,0.9993946731234867,1.0,0.9993946731234867
calibration_crossing_1100,1100,crossing,sam2_1_tiny,39,3,car_B.front_door,True,True,3304,3310,3301,3313,9,3,0.9963779052218533,0.9972809667673715,0.99909200968523
calibration_crossing_1100,1100,crossing,sam2_1_tiny,40,3,car_B.front_door,True,True,3304,3301,3301,3304,0,3,0.99909200968523,1.0,0.99909200968523
calibration_crossing_1100,1100,crossing,sam2_1_tiny,41,3,car_B.front_door,True,True,3304,3301,3301,3304,0,3,0.99909200968523,1.0,0.99909200968523
calibration_crossing_1100,1100,crossing,sam2_1_tiny,42,3,car_B.front_door,True,True,3304,3312,3301,3315,11,3,0.9957767722473605,0.9966787439613527,0.99909200968523
calibration_crossing_1100,1100,crossing,sam2_1_tiny,43,3,car_B.front_door,True,True,3304,3307,3301,3310,6,3,0.9972809667673715,0.998185666767463,0.99909200968523
calibration_crossing_1100,1100,crossing,sam2_1_tiny,44,3,car_B.front_door,True,True,3304,3303,3301,3306,2,3,0.9984875983061101,0.9993944898577051,0.99909200968523
calibration_crossing_1100,1100,crossing,sam2_1_tiny,45,3,car_B.front_door,True,True,3304,3316,3302,3318,14,2,0.995177817962628,0.9957780458383595,0.9993946731234867
calibration_crossing_1100,1100,crossing,sam2_1_tiny,46,3,car_B.front_door,True,True,3304,3303,3301,3306,2,3,0.9984875983061101,0.9993944898577051,0.99909200968523
calibration_crossing_1100,1100,crossing,sam2_1_tiny,47,3,car_B.front_door,True,True,3304,3319,3303,3320,16,1,0.9948795180722891,0.9951792708647182,0.9996973365617433
calibration_crossing_1100,1100,crossing,sam2_1_tiny,48,3,car_B.front_door,True,True,3304,3323,3301,3326,22,3,0.9924834636199639,0.9933794763767679,0.99909200968523
calibration_crossing_1100,1100,crossing,sam2_1_tiny,49,3,car_B.front_door,True,True,3304,3306,3302,3308,4,2,0.998186215235792,0.9987900786448881,0.9993946731234867
calibration_crossing_1100,1100,crossing,sam2_1_tiny,50,3,car_B.front_door,True,True,3304,3302,3302,3304,0,2,0.9993946731234867,1.0,0.9993946731234867
calibration_crossing_1100,1100,crossing,sam2_1_tiny,51,3,car_B.front_door,True,True,3304,3334,3302,3336,32,2,0.9898081534772182,0.9904019196160768,0.9993946731234867
calibration_crossing_1100,1100,crossing,sam2_1_tiny,52,3,car_B.front_door,True,True,3304,3320,3301,3323,19,3,0.9933794763767679,0.994277108433735,0.99909200968523
calibration_crossing_1100,1100,crossing,sam2_1_tiny,53,3,car_B.front_door,True,True,3304,3323,3303,3324,20,1,0.9936823104693141,0.9939813421606981,0.9996973365617433
calibration_crossing_1100,1100,crossing,sam2_1_tiny,54,3,car_B.front_door,True,True,3304,3325,3302,3327,23,2,0.9924857228734596,0.9930827067669173,0.9993946731234867
calibration_crossing_1100,1100,crossing,sam2_1_tiny,55,3,car_B.front_door,True,True,3304,3305,3302,3307,3,2,0.9984880556395525,0.9990922844175492,0.9993946731234867
calibration_crossing_1100,1100,crossing,sam2_1_tiny,56,3,car_B.front_door,True,True,3304,3312,3303,3313,9,1,0.9969815876848778,0.9972826086956522,0.9996973365617433
calibration_crossing_1100,1100,crossing,sam2_1_tiny,57,3,car_B.front_door,True,True,3304,3309,3302,3311,7,2,0.9972817879794624,0.9978845572680568,0.9993946731234867
calibration_crossing_1100,1100,crossing,sam2_1_tiny,58,3,car_B.front_door,True,True,3304,3312,3302,3314,10,2,0.996378998189499,0.9969806763285024,0.9993946731234867
calibration_crossing_1100,1100,crossing,sam2_1_tiny,59,3,car_B.front_door,True,True,3304,3312,3302,3314,10,2,0.996378998189499,0.9969806763285024,0.9993946731234867
calibration_crossing_1100,1100,crossing,sam2_1_tiny,60,3,car_B.front_door,True,True,3304,3318,3301,3321,17,3,0.9939777175549533,0.9948764315852924,0.99909200968523
calibration_crossing_1100,1100,crossing,sam2_1_tiny,61,3,car_B.front_door,True,True,3304,3325,3302,3327,23,2,0.9924857228734596,0.9930827067669173,0.9993946731234867
calibration_crossing_1100,1100,crossing,sam2_1_tiny,62,3,car_B.front_door,True,True,3304,3302,3301,3305,1,3,0.9987897125567322,0.9996971532404604,0.99909200968523
calibration_crossing_1100,1100,crossing,sam2_1_tiny,63,3,car_B.front_door,True,True,3304,3304,3301,3307,3,3,0.998185666767463,0.99909200968523,0.99909200968523
calibration_crossing_1100,1100,crossing,sam2_1_tiny,1,4,car_B.window,True,True,2052,2051,2051,2052,0,1,0.9995126705653021,1.0,0.9995126705653021
calibration_crossing_1100,1100,crossing,sam2_1_tiny,2,4,car_B.window,True,True,2052,2051,2051,2052,0,1,0.9995126705653021,1.0,0.9995126705653021
calibration_crossing_1100,1100,crossing,sam2_1_tiny,3,4,car_B.window,True,True,2052,2051,2051,2052,0,1,0.9995126705653021,1.0,0.9995126705653021
calibration_crossing_1100,1100,crossing,sam2_1_tiny,4,4,car_B.window,True,True,2052,2051,2051,2052,0,1,0.9995126705653021,1.0,0.9995126705653021
calibration_crossing_1100,1100,crossing,sam2_1_tiny,5,4,car_B.window,True,True,2052,2050,2050,2052,0,2,0.9990253411306043,1.0,0.9990253411306043
calibration_crossing_1100,1100,crossing,sam2_1_tiny,6,4,car_B.window,True,True,2052,2063,2050,2065,13,2,0.9927360774818402,0.9936984973339796,0.9990253411306043
calibration_crossing_1100,1100,crossing,sam2_1_tiny,7,4,car_B.window,True,True,2052,2050,2050,2052,0,2,0.9990253411306043,1.0,0.9990253411306043
calibration_crossing_1100,1100,crossing,sam2_1_tiny,8,4,car_B.window,True,True,2052,2050,2050,2052,0,2,0.9990253411306043,1.0,0.9990253411306043
calibration_crossing_1100,1100,crossing,sam2_1_tiny,9,4,car_B.window,True,True,2052,2050,2050,2052,0,2,0.9990253411306043,1.0,0.9990253411306043
calibration_crossing_1100,1100,crossing,sam2_1_tiny,10,4,car_B.window,True,True,2052,2050,2050,2052,0,2,0.9990253411306043,1.0,0.9990253411306043
calibration_crossing_1100,1100,crossing,sam2_1_tiny,11,4,car_B.window,True,True,2052,2050,2050,2052,0,2,0.9990253411306043,1.0,0.9990253411306043
calibration_crossing_1100,1100,crossing,sam2_1_tiny,12,4,car_B.window,True,True,2052,2050,2050,2052,0,2,0.9990253411306043,1.0,0.9990253411306043
calibration_crossing_1100,1100,crossing,sam2_1_tiny,13,4,car_B.window,True,True,2052,2050,2050,2052,0,2,0.9990253411306043,1.0,0.9990253411306043
calibration_crossing_1100,1100,crossing,sam2_1_tiny,14,4,car_B.window,True,True,2052,2050,2050,2052,0,2,0.9990253411306043,1.0,0.9990253411306043
calibration_crossing_1100,1100,crossing,sam2_1_tiny,15,4,car_B.window,True,True,2052,2050,2050,2052,0,2,0.9990253411306043,1.0,0.9990253411306043
calibration_crossing_1100,1100,crossing,sam2_1_tiny,16,4,car_B.window,True,True,2052,2060,2050,2062,10,2,0.9941804073714839,0.9951456310679612,0.9990253411306043
calibration_crossing_1100,1100,crossing,sam2_1_tiny,17,4,car_B.window,True,True,2052,2050,2050,2052,0,2,0.9990253411306043,1.0,0.9990253411306043
calibration_crossing_1100,1100,crossing,sam2_1_tiny,18,4,car_B.window,True,True,2052,2050,2050,2052,0,2,0.9990253411306043,1.0,0.9990253411306043
calibration_crossing_1100,1100,crossing,sam2_1_tiny,19,4,car_B.window,True,True,2052,2050,2050,2052,0,2,0.9990253411306043,1.0,0.9990253411306043
calibration_crossing_1100,1100,crossing,sam2_1_tiny,20,4,car_B.window,True,True,2052,2050,2050,2052,0,2,0.9990253411306043,1.0,0.9990253411306043
calibration_crossing_1100,1100,crossing,sam2_1_tiny,21,4,car_B.window,True,True,2052,2050,2050,2052,0,2,0.9990253411306043,1.0,0.9990253411306043
calibration_crossing_1100,1100,crossing,sam2_1_tiny,22,4,car_B.window,True,True,2052,2050,2050,2052,0,2,0.9990253411306043,1.0,0.9990253411306043
calibration_crossing_1100,1100,crossing,sam2_1_tiny,23,4,car_B.window,True,True,2052,2049,2049,2052,0,3,0.9985380116959064,1.0,0.9985380116959064
calibration_crossing_1100,1100,crossing,sam2_1_tiny,24,4,car_B.window,True,True,2052,2050,2050,2052,0,2,0.9990253411306043,1.0,0.9990253411306043
calibration_crossing_1100,1100,crossing,sam2_1_tiny,25,4,car_B.window,True,True,2052,2050,2050,2052,0,2,0.9990253411306043,1.0,0.9990253411306043
calibration_crossing_1100,1100,crossing,sam2_1_tiny,26,4,car_B.window,True,True,2052,2050,2050,2052,0,2,0.9990253411306043,1.0,0.9990253411306043
calibration_crossing_1100,1100,crossing,sam2_1_tiny,27,4,car_B.window,True,True,2052,2050,2050,2052,0,2,0.9990253411306043,1.0,0.9990253411306043
calibration_crossing_1100,1100,crossing,sam2_1_tiny,28,4,car_B.window,True,True,2052,2052,2051,2053,1,1,0.9990258158792011,0.9995126705653021,0.9995126705653021
calibration_crossing_1100,1100,crossing,sam2_1_tiny,29,4,car_B.window,True,True,2052,2088,2049,2091,39,3,0.9799139167862266,0.9813218390804598,0.9985380116959064
calibration_crossing_1100,1100,crossing,sam2_1_tiny,30,4,car_B.window,True,True,2052,2021,2018,2055,3,34,0.9819951338199513,0.9985155863433943,0.9834307992202729
calibration_crossing_1100,1100,crossing,sam2_1_tiny,31,4,car_B.window,True,True,2052,2309,2052,2309,257,0,0.8886964053702902,0.8886964053702902,1.0
calibration_crossing_1100,1100,crossing,sam2_1_tiny,32,4,car_B.window,True,True,2052,2041,2041,2052,0,11,0.9946393762183235,1.0,0.9946393762183235
calibration_crossing_1100,1100,crossing,sam2_1_tiny,33,4,car_B.window,True,True,2052,2094,2051,2095,43,1,0.9789976133651551,0.9794651384909264,0.9995126705653021
calibration_crossing_1100,1100,crossing,sam2_1_tiny,34,4,car_B.window,True,True,2052,2050,2050,2052,0,2,0.9990253411306043,1.0,0.9990253411306043
calibration_crossing_1100,1100,crossing,sam2_1_tiny,35,4,car_B.window,True,True,2052,2049,2049,2052,0,3,0.9985380116959064,1.0,0.9985380116959064
calibration_crossing_1100,1100,crossing,sam2_1_tiny,36,4,car_B.window,True,True,2052,2050,2050,2052,0,2,0.9990253411306043,1.0,0.9990253411306043
calibration_crossing_1100,1100,crossing,sam2_1_tiny,37,4,car_B.window,True,True,2052,2050,2050,2052,0,2,0.9990253411306043,1.0,0.9990253411306043
calibration_crossing_1100,1100,crossing,sam2_1_tiny,38,4,car_B.window,True,True,2052,2049,2049,2052,0,3,0.9985380116959064,1.0,0.9985380116959064
calibration_crossing_1100,1100,crossing,sam2_1_tiny,39,4,car_B.window,True,True,2052,2051,2051,2052,0,1,0.9995126705653021,1.0,0.9995126705653021
calibration_crossing_1100,1100,crossing,sam2_1_tiny,40,4,car_B.window,True,True,2052,2050,2050,2052,0,2,0.9990253411306043,1.0,0.9990253411306043
calibration_crossing_1100,1100,crossing,sam2_1_tiny,41,4,car_B.window,True,True,2052,2050,2050,2052,0,2,0.9990253411306043,1.0,0.9990253411306043
calibration_crossing_1100,1100,crossing,sam2_1_tiny,42,4,car_B.window,True,True,2052,2051,2051,2052,0,1,0.9995126705653021,1.0,0.9995126705653021
calibration_crossing_1100,1100,crossing,sam2_1_tiny,43,4,car_B.window,True,True,2052,2050,2050,2052,0,2,0.9990253411306043,1.0,0.9990253411306043
calibration_crossing_1100,1100,crossing,sam2_1_tiny,44,4,car_B.window,True,True,2052,2050,2050,2052,0,2,0.9990253411306043,1.0,0.9990253411306043
calibration_crossing_1100,1100,crossing,sam2_1_tiny,45,4,car_B.window,True,True,2052,2051,2051,2052,0,1,0.9995126705653021,1.0,0.9995126705653021
calibration_crossing_1100,1100,crossing,sam2_1_tiny,46,4,car_B.window,True,True,2052,2052,2052,2052,0,0,1.0,1.0,1.0
calibration_crossing_1100,1100,crossing,sam2_1_tiny,47,4,car_B.window,True,True,2052,2052,2052,2052,0,0,1.0,1.0,1.0
calibration_crossing_1100,1100,crossing,sam2_1_tiny,48,4,car_B.window,True,True,2052,2051,2051,2052,0,1,0.9995126705653021,1.0,0.9995126705653021
calibration_crossing_1100,1100,crossing,sam2_1_tiny,49,4,car_B.window,True,True,2052,2052,2052,2052,0,0,1.0,1.0,1.0
calibration_crossing_1100,1100,crossing,sam2_1_tiny,50,4,car_B.window,True,True,2052,2051,2051,2052,0,1,0.9995126705653021,1.0,0.9995126705653021
calibration_crossing_1100,1100,crossing,sam2_1_tiny,51,4,car_B.window,True,True,2052,2052,2052,2052,0,0,1.0,1.0,1.0
calibration_crossing_1100,1100,crossing,sam2_1_tiny,52,4,car_B.window,True,True,2052,2054,2052,2054,2,0,0.9990262901655307,0.9990262901655307,1.0
calibration_crossing_1100,1100,crossing,sam2_1_tiny,53,4,car_B.window,True,True,2052,2050,2050,2052,0,2,0.9990253411306043,1.0,0.9990253411306043
calibration_crossing_1100,1100,crossing,sam2_1_tiny,54,4,car_B.window,True,True,2052,2050,2050,2052,0,2,0.9990253411306043,1.0,0.9990253411306043
calibration_crossing_1100,1100,crossing,sam2_1_tiny,55,4,car_B.window,True,True,2052,2050,2050,2052,0,2,0.9990253411306043,1.0,0.9990253411306043
calibration_crossing_1100,1100,crossing,sam2_1_tiny,56,4,car_B.window,True,True,2052,2050,2050,2052,0,2,0.9990253411306043,1.0,0.9990253411306043
calibration_crossing_1100,1100,crossing,sam2_1_tiny,57,4,car_B.window,True,True,2052,2052,2052,2052,0,0,1.0,1.0,1.0
calibration_crossing_1100,1100,crossing,sam2_1_tiny,58,4,car_B.window,True,True,2052,2050,2050,2052,0,2,0.9990253411306043,1.0,0.9990253411306043
calibration_crossing_1100,1100,crossing,sam2_1_tiny,59,4,car_B.window,True,True,2052,2065,2050,2067,15,2,0.9917755200774069,0.9927360774818402,0.9990253411306043
calibration_crossing_1100,1100,crossing,sam2_1_tiny,60,4,car_B.window,True,True,2052,2051,2051,2052,0,1,0.9995126705653021,1.0,0.9995126705653021
calibration_crossing_1100,1100,crossing,sam2_1_tiny,61,4,car_B.window,True,True,2052,2051,2051,2052,0,1,0.9995126705653021,1.0,0.9995126705653021
calibration_crossing_1100,1100,crossing,sam2_1_tiny,62,4,car_B.window,True,True,2052,2050,2050,2052,0,2,0.9990253411306043,1.0,0.9990253411306043
calibration_crossing_1100,1100,crossing,sam2_1_tiny,63,4,car_B.window,True,True,2052,2050,2050,2052,0,2,0.9990253411306043,1.0,0.9990253411306043
calibration_crossing_1101,1101,crossing,sam2_1_tiny,1,1,car_A.front_door,True,True,3304,3303,3303,3304,0,1,0.9996973365617433,1.0,0.9996973365617433
calibration_crossing_1101,1101,crossing,sam2_1_tiny,2,1,car_A.front_door,True,True,3304,3302,3302,3304,0,2,0.9993946731234867,1.0,0.9993946731234867
calibration_crossing_1101,1101,crossing,sam2_1_tiny,3,1,car_A.front_door,True,True,3304,3302,3302,3304,0,2,0.9993946731234867,1.0,0.9993946731234867
calibration_crossing_1101,1101,crossing,sam2_1_tiny,4,1,car_A.front_door,True,True,3304,3302,3302,3304,0,2,0.9993946731234867,1.0,0.9993946731234867
calibration_crossing_1101,1101,crossing,sam2_1_tiny,5,1,car_A.front_door,True,True,3304,3301,3301,3304,0,3,0.99909200968523,1.0,0.99909200968523
calibration_crossing_1101,1101,crossing,sam2_1_tiny,6,1,car_A.front_door,True,True,3304,3304,3304,3304,0,0,1.0,1.0,1.0
calibration_crossing_1101,1101,crossing,sam2_1_tiny,7,1,car_A.front_door,True,True,3304,3304,3304,3304,0,0,1.0,1.0,1.0
calibration_crossing_1101,1101,crossing,sam2_1_tiny,8,1,car_A.front_door,True,True,3304,3302,3302,3304,0,2,0.9993946731234867,1.0,0.9993946731234867
calibration_crossing_1101,1101,crossing,sam2_1_tiny,9,1,car_A.front_door,True,True,3304,3301,3301,3304,0,3,0.99909200968523,1.0,0.99909200968523
calibration_crossing_1101,1101,crossing,sam2_1_tiny,10,1,car_A.front_door,True,True,3304,3302,3302,3304,0,2,0.9993946731234867,1.0,0.9993946731234867
calibration_crossing_1101,1101,crossing,sam2_1_tiny,11,1,car_A.front_door,True,True,3304,3302,3302,3304,0,2,0.9993946731234867,1.0,0.9993946731234867
calibration_crossing_1101,1101,crossing,sam2_1_tiny,12,1,car_A.front_door,True,True,3304,3302,3302,3304,0,2,0.9993946731234867,1.0,0.9993946731234867
calibration_crossing_1101,1101,crossing,sam2_1_tiny,13,1,car_A.front_door,True,True,3304,3303,3303,3304,0,1,0.9996973365617433,1.0,0.9996973365617433
calibration_crossing_1101,1101,crossing,sam2_1_tiny,14,1,car_A.front_door,True,True,3304,3302,3302,3304,0,2,0.9993946731234867,1.0,0.9993946731234867
calibration_crossing_1101,1101,crossing,sam2_1_tiny,15,1,car_A.front_door,True,True,3304,3301,3301,3304,0,3,0.99909200968523,1.0,0.99909200968523
calibration_crossing_1101,1101,crossing,sam2_1_tiny,16,1,car_A.front_door,True,True,3304,3303,3303,3304,0,1,0.9996973365617433,1.0,0.9996973365617433
calibration_crossing_1101,1101,crossing,sam2_1_tiny,17,1,car_A.front_door,True,True,3304,3301,3301,3304,0,3,0.99909200968523,1.0,0.99909200968523
calibration_crossing_1101,1101,crossing,sam2_1_tiny,18,1,car_A.front_door,True,True,3304,3301,3301,3304,0,3,0.99909200968523,1.0,0.99909200968523
calibration_crossing_1101,1101,crossing,sam2_1_tiny,19,1,car_A.front_door,True,True,3304,3302,3302,3304,0,2,0.9993946731234867,1.0,0.9993946731234867
calibration_crossing_1101,1101,crossing,sam2_1_tiny,20,1,car_A.front_door,True,True,3304,3302,3302,3304,0,2,0.9993946731234867,1.0,0.9993946731234867
calibration_crossing_1101,1101,crossing,sam2_1_tiny,21,1,car_A.front_door,True,True,3304,3301,3301,3304,0,3,0.99909200968523,1.0,0.99909200968523
calibration_crossing_1101,1101,crossing,sam2_1_tiny,22,1,car_A.front_door,True,True,3304,3302,3302,3304,0,2,0.9993946731234867,1.0,0.9993946731234867
calibration_crossing_1101,1101,crossing,sam2_1_tiny,23,1,car_A.front_door,True,True,3304,3302,3302,3304,0,2,0.9993946731234867,1.0,0.9993946731234867
calibration_crossing_1101,1101,crossing,sam2_1_tiny,24,1,car_A.front_door,True,True,3304,3303,3303,3304,0,1,0.9996973365617433,1.0,0.9996973365617433
calibration_crossing_1101,1101,crossing,sam2_1_tiny,25,1,car_A.front_door,True,True,3304,3302,3302,3304,0,2,0.9993946731234867,1.0,0.9993946731234867
calibration_crossing_1101,1101,crossing,sam2_1_tiny,26,1,car_A.front_door,True,True,3152,3149,3148,3153,1,4,0.9984142086901364,0.9996824388694824,0.998730964467005
calibration_crossing_1101,1101,crossing,sam2_1_tiny,27,1,car_A.front_door,True,True,2794,2791,2790,2795,1,4,0.998211091234347,0.9996417054819061,0.9985683607730852
calibration_crossing_1101,1101,crossing,sam2_1_tiny,28,1,car_A.front_door,True,True,2242,2243,2240,2245,3,2,0.9977728285077951,0.9986625055728935,0.9991079393398751
calibration_crossing_1101,1101,crossing,sam2_1_tiny,29,1,car_A.front_door,True,True,1412,1414,1411,1415,3,1,0.9971731448763251,0.9978783592644979,0.9992917847025495
calibration_crossing_1101,1101,crossing,sam2_1_tiny,30,1,car_A.front_door,True,True,842,842,841,843,1,1,0.9976275207591934,0.998812351543943,0.998812351543943
calibration_crossing_1101,1101,crossing,sam2_1_tiny,31,1,car_A.front_door,True,True,236,281,236,281,45,0,0.8398576512455516,0.8398576512455516,1.0
calibration_crossing_1101,1101,crossing,sam2_1_tiny,32,1,car_A.front_door,False,False,0,0,0,0,0,0,,,
calibration_crossing_1101,1101,crossing,sam2_1_tiny,33,1,car_A.front_door,False,False,0,0,0,0,0,0,,,
calibration_crossing_1101,1101,crossing,sam2_1_tiny,34,1,car_A.front_door,False,False,0,0,0,0,0,0,,,
calibration_crossing_1101,1101,crossing,sam2_1_tiny,35,1,car_A.front_door,False,False,0,0,0,0,0,0,,,
calibration_crossing_1101,1101,crossing,sam2_1_tiny,36,1,car_A.front_door,False,False,0,0,0,0,0,0,,,
calibration_crossing_1101,1101,crossing,sam2_1_tiny,37,1,car_A.front_door,True,True,260,4578,84,4754,4494,176,0.01766933108960875,0.01834862385321101,0.3230769230769231
calibration_crossing_1101,1101,crossing,sam2_1_tiny,38,1,car_A.front_door,True,True,1080,1059,1059,1080,0,21,0.9805555555555555,1.0,0.9805555555555555
calibration_crossing_1101,1101,crossing,sam2_1_tiny,39,1,car_A.front_door,True,True,1917,1892,1892,1917,0,25,0.9869587897756912,1.0,0.9869587897756912
calibration_crossing_1101,1101,crossing,sam2_1_tiny,40,1,car_A.front_door,True,True,2671,2663,2663,2671,0,8,0.9970048670909771,1.0,0.9970048670909771
calibration_crossing_1101,1101,crossing,sam2_1_tiny,41,1,car_A.front_door,True,True,3151,3130,3130,3151,0,21,0.9933354490637892,1.0,0.9933354490637892
calibration_crossing_1101,1101,crossing,sam2_1_tiny,42,1,car_A.front_door,True,True,3304,3199,3199,3304,0,105,0.9682203389830508,1.0,0.9682203389830508
calibration_crossing_1101,1101,crossing,sam2_1_tiny,43,1,car_A.front_door,True,True,3304,3300,3300,3304,0,4,0.9987893462469734,1.0,0.9987893462469734
calibration_crossing_1101,1101,crossing,sam2_1_tiny,44,1,car_A.front_door,True,True,3304,3300,3300,3304,0,4,0.9987893462469734,1.0,0.9987893462469734
calibration_crossing_1101,1101,crossing,sam2_1_tiny,45,1,car_A.front_door,True,True,3304,3286,3286,3304,0,18,0.9945520581113801,1.0,0.9945520581113801
calibration_crossing_1101,1101,crossing,sam2_1_tiny,46,1,car_A.front_door,True,True,3304,3301,3301,3304,0,3,0.99909200968523,1.0,0.99909200968523
calibration_crossing_1101,1101,crossing,sam2_1_tiny,47,1,car_A.front_door,True,True,3304,3307,3302,3309,5,2,0.9978845572680568,0.9984880556395525,0.9993946731234867
calibration_crossing_1101,1101,crossing,sam2_1_tiny,48,1,car_A.front_door,True,True,3304,3302,3302,3304,0,2,0.9993946731234867,1.0,0.9993946731234867
calibration_crossing_1101,1101,crossing,sam2_1_tiny,49,1,car_A.front_door,True,True,3304,3301,3301,3304,0,3,0.99909200968523,1.0,0.99909200968523
calibration_crossing_1101,1101,crossing,sam2_1_tiny,50,1,car_A.front_door,True,True,3304,3302,3302,3304,0,2,0.9993946731234867,1.0,0.9993946731234867
calibration_crossing_1101,1101,crossing,sam2_1_tiny,51,1,car_A.front_door,True,True,3304,3301,3301,3304,0,3,0.99909200968523,1.0,0.99909200968523
calibration_crossing_1101,1101,crossing,sam2_1_tiny,52,1,car_A.front_door,True,True,3304,3301,3301,3304,0,3,0.99909200968523,1.0,0.99909200968523
calibration_crossing_1101,1101,crossing,sam2_1_tiny,53,1,car_A.front_door,True,True,3304,3308,3303,3309,5,1,0.9981867633726201,0.9984885126964933,0.9996973365617433
calibration_crossing_1101,1101,crossing,sam2_1_tiny,54,1,car_A.front_door,True,True,3304,3301,3301,3304,0,3,0.99909200968523,1.0,0.99909200968523
calibration_crossing_1101,1101,crossing,sam2_1_tiny,55,1,car_A.front_door,True,True,3304,3303,3303,3304,0,1,0.9996973365617433,1.0,0.9996973365617433
calibration_crossing_1101,1101,crossing,sam2_1_tiny,56,1,car_A.front_door,True,True,3304,3301,3301,3304,0,3,0.99909200968523,1.0,0.99909200968523
calibration_crossing_1101,1101,crossing,sam2_1_tiny,57,1,car_A.front_door,True,True,3304,3303,3303,3304,0,1,0.9996973365617433,1.0,0.9996973365617433
calibration_crossing_1101,1101,crossing,sam2_1_tiny,58,1,car_A.front_door,True,True,3304,3307,3303,3308,4,1,0.9984885126964933,0.998790444511642,0.9996973365617433
calibration_crossing_1101,1101,crossing,sam2_1_tiny,59,1,car_A.front_door,True,True,3304,3302,3302,3304,0,2,0.9993946731234867,1.0,0.9993946731234867
calibration_crossing_1101,1101,crossing,sam2_1_tiny,60,1,car_A.front_door,True,True,3304,3302,3302,3304,0,2,0.9993946731234867,1.0,0.9993946731234867
calibration_crossing_1101,1101,crossing,sam2_1_tiny,61,1,car_A.front_door,True,True,3304,3303,3303,3304,0,1,0.9996973365617433,1.0,0.9996973365617433
calibration_crossing_1101,1101,crossing,sam2_1_tiny,62,1,car_A.front_door,True,True,3304,3301,3301,3304,0,3,0.99909200968523,1.0,0.99909200968523
calibration_crossing_1101,1101,crossing,sam2_1_tiny,63,1,car_A.front_door,True,True,3304,3301,3301,3304,0,3,0.99909200968523,1.0,0.99909200968523
calibration_crossing_1101,1101,crossing,sam2_1_tiny,1,2,car_A.window,True,True,2052,2050,2050,2052,0,2,0.9990253411306043,1.0,0.9990253411306043
calibration_crossing_1101,1101,crossing,sam2_1_tiny,2,2,car_A.window,True,True,2052,2050,2050,2052,0,2,0.9990253411306043,1.0,0.9990253411306043
calibration_crossing_1101,1101,crossing,sam2_1_tiny,3,2,car_A.window,True,True,2052,2050,2050,2052,0,2,0.9990253411306043,1.0,0.9990253411306043
calibration_crossing_1101,1101,crossing,sam2_1_tiny,4,2,car_A.window,True,True,2052,2050,2050,2052,0,2,0.9990253411306043,1.0,0.9990253411306043
calibration_crossing_1101,1101,crossing,sam2_1_tiny,5,2,car_A.window,True,True,2052,2050,2050,2052,0,2,0.9990253411306043,1.0,0.9990253411306043
calibration_crossing_1101,1101,crossing,sam2_1_tiny,6,2,car_A.window,True,True,2052,2051,2051,2052,0,1,0.9995126705653021,1.0,0.9995126705653021
calibration_crossing_1101,1101,crossing,sam2_1_tiny,7,2,car_A.window,True,True,2052,2051,2051,2052,0,1,0.9995126705653021,1.0,0.9995126705653021
calibration_crossing_1101,1101,crossing,sam2_1_tiny,8,2,car_A.window,True,True,2052,2049,2049,2052,0,3,0.9985380116959064,1.0,0.9985380116959064
calibration_crossing_1101,1101,crossing,sam2_1_tiny,9,2,car_A.window,True,True,2052,2050,2050,2052,0,2,0.9990253411306043,1.0,0.9990253411306043
calibration_crossing_1101,1101,crossing,sam2_1_tiny,10,2,car_A.window,True,True,2052,2051,2051,2052,0,1,0.9995126705653021,1.0,0.9995126705653021
calibration_crossing_1101,1101,crossing,sam2_1_tiny,11,2,car_A.window,True,True,2052,2050,2050,2052,0,2,0.9990253411306043,1.0,0.9990253411306043
calibration_crossing_1101,1101,crossing,sam2_1_tiny,12,2,car_A.window,True,True,2052,2050,2050,2052,0,2,0.9990253411306043,1.0,0.9990253411306043
calibration_crossing_1101,1101,crossing,sam2_1_tiny,13,2,car_A.window,True,True,2052,2051,2051,2052,0,1,0.9995126705653021,1.0,0.9995126705653021
calibration_crossing_1101,1101,crossing,sam2_1_tiny,14,2,car_A.window,True,True,2052,2087,2051,2088,36,1,0.98227969348659,0.9827503593675132,0.9995126705653021
calibration_crossing_1101,1101,crossing,sam2_1_tiny,15,2,car_A.window,True,True,2052,2051,2051,2052,0,1,0.9995126705653021,1.0,0.9995126705653021
calibration_crossing_1101,1101,crossing,sam2_1_tiny,16,2,car_A.window,True,True,2052,2051,2051,2052,0,1,0.9995126705653021,1.0,0.9995126705653021
calibration_crossing_1101,1101,crossing,sam2_1_tiny,17,2,car_A.window,True,True,2052,2065,2050,2067,15,2,0.9917755200774069,0.9927360774818402,0.9990253411306043
calibration_crossing_1101,1101,crossing,sam2_1_tiny,18,2,car_A.window,True,True,2052,2051,2051,2052,0,1,0.9995126705653021,1.0,0.9995126705653021
calibration_crossing_1101,1101,crossing,sam2_1_tiny,19,2,car_A.window,True,True,2052,2091,2051,2092,40,1,0.9804015296367112,0.9808703969392635,0.9995126705653021
calibration_crossing_1101,1101,crossing,sam2_1_tiny,20,2,car_A.window,True,True,2052,2050,2050,2052,0,2,0.9990253411306043,1.0,0.9990253411306043
calibration_crossing_1101,1101,crossing,sam2_1_tiny,21,2,car_A.window,True,True,2052,2074,2050,2076,24,2,0.98747591522158,0.9884281581485053,0.9990253411306043
calibration_crossing_1101,1101,crossing,sam2_1_tiny,22,2,car_A.window,True,True,2052,2051,2051,2052,0,1,0.9995126705653021,1.0,0.9995126705653021
calibration_crossing_1101,1101,crossing,sam2_1_tiny,23,2,car_A.window,True,True,2052,2050,2050,2052,0,2,0.9990253411306043,1.0,0.9990253411306043
calibration_crossing_1101,1101,crossing,sam2_1_tiny,24,2,car_A.window,True,True,2052,2089,2051,2090,38,1,0.9813397129186603,0.9818094782192437,0.9995126705653021
calibration_crossing_1101,1101,crossing,sam2_1_tiny,25,2,car_A.window,True,True,2052,2050,2050,2052,0,2,0.9990253411306043,1.0,0.9990253411306043
calibration_crossing_1101,1101,crossing,sam2_1_tiny,26,2,car_A.window,True,True,2052,2050,2050,2052,0,2,0.9990253411306043,1.0,0.9990253411306043
calibration_crossing_1101,1101,crossing,sam2_1_tiny,27,2,car_A.window,True,True,2052,2098,2051,2099,47,1,0.9771319676036208,0.9775977121067684,0.9995126705653021
calibration_crossing_1101,1101,crossing,sam2_1_tiny,28,2,car_A.window,True,True,2052,2050,2050,2052,0,2,0.9990253411306043,1.0,0.9990253411306043
calibration_crossing_1101,1101,crossing,sam2_1_tiny,29,2,car_A.window,True,True,2052,2050,2050,2052,0,2,0.9990253411306043,1.0,0.9990253411306043
calibration_crossing_1101,1101,crossing,sam2_1_tiny,30,2,car_A.window,True,True,2052,2100,2050,2102,50,2,0.9752616555661275,0.9761904761904762,0.9990253411306043
calibration_crossing_1101,1101,crossing,sam2_1_tiny,31,2,car_A.window,True,True,2052,2099,2050,2101,49,2,0.9757258448357925,0.9766555502620295,0.9990253411306043
calibration_crossing_1101,1101,crossing,sam2_1_tiny,32,2,car_A.window,True,True,1995,1991,1991,1995,0,4,0.9979949874686717,1.0,0.9979949874686717
calibration_crossing_1101,1101,crossing,sam2_1_tiny,33,2,car_A.window,True,True,1539,1538,1538,1539,0,1,0.9993502274204028,1.0,0.9993502274204028
calibration_crossing_1101,1101,crossing,sam2_1_tiny,34,2,car_A.window,True,True,973,968,968,973,0,5,0.9948612538540597,1.0,0.9948612538540597
calibration_crossing_1101,1101,crossing,sam2_1_tiny,35,2,car_A.window,True,True,509,498,486,521,12,23,0.9328214971209213,0.9759036144578314,0.9548133595284872
calibration_crossing_1101,1101,crossing,sam2_1_tiny,36,2,car_A.window,True,True,316,342,307,351,35,9,0.8746438746438746,0.8976608187134503,0.9715189873417721
calibration_crossing_1101,1101,crossing,sam2_1_tiny,37,2,car_A.window,True,True,359,366,359,366,7,0,0.9808743169398907,0.9808743169398907,1.0
calibration_crossing_1101,1101,crossing,sam2_1_tiny,38,2,car_A.window,True,True,549,554,547,556,7,2,0.9838129496402878,0.9873646209386282,0.9963570127504554
calibration_crossing_1101,1101,crossing,sam2_1_tiny,39,2,car_A.window,True,True,766,768,766,768,2,0,0.9973958333333334,0.9973958333333334,1.0
calibration_crossing_1101,1101,crossing,sam2_1_tiny,40,2,car_A.window,True,True,1116,1112,1112,1116,0,4,0.996415770609319,1.0,0.996415770609319
calibration_crossing_1101,1101,crossing,sam2_1_tiny,41,2,car_A.window,True,True,1476,1514,1475,1515,39,1,0.9735973597359736,0.9742404227212682,0.9993224932249323
calibration_crossing_1101,1101,crossing,sam2_1_tiny,42,2,car_A.window,True,True,1836,1876,1834,1878,42,2,0.9765708200212992,0.9776119402985075,0.9989106753812637
calibration_crossing_1101,1101,crossing,sam2_1_tiny,43,2,car_A.window,True,True,2052,2051,2051,2052,0,1,0.9995126705653021,1.0,0.9995126705653021
calibration_crossing_1101,1101,crossing,sam2_1_tiny,44,2,car_A.window,True,True,2052,2049,2049,2052,0,3,0.9985380116959064,1.0,0.9985380116959064
calibration_crossing_1101,1101,crossing,sam2_1_tiny,45,2,car_A.window,True,True,2052,2072,2051,2073,21,1,0.989387361312108,0.9898648648648649,0.9995126705653021
calibration_crossing_1101,1101,crossing,sam2_1_tiny,46,2,car_A.window,True,True,2052,2051,2051,2052,0,1,0.9995126705653021,1.0,0.9995126705653021
calibration_crossing_1101,1101,crossing,sam2_1_tiny,47,2,car_A.window,True,True,2052,2050,2050,2052,0,2,0.9990253411306043,1.0,0.9990253411306043
calibration_crossing_1101,1101,crossing,sam2_1_tiny,48,2,car_A.window,True,True,2052,2047,2047,2052,0,5,0.9975633528265108,1.0,0.9975633528265108
calibration_crossing_1101,1101,crossing,sam2_1_tiny,49,2,car_A.window,True,True,2052,2091,2051,2092,40,1,0.9804015296367112,0.9808703969392635,0.9995126705653021
calibration_crossing_1101,1101,crossing,sam2_1_tiny,50,2,car_A.window,True,True,2052,2050,2050,2052,0,2,0.9990253411306043,1.0,0.9990253411306043
calibration_crossing_1101,1101,crossing,sam2_1_tiny,51,2,car_A.window,True,True,2052,2080,2050,2082,30,2,0.9846301633045149,0.9855769230769231,0.9990253411306043
calibration_crossing_1101,1101,crossing,sam2_1_tiny,52,2,car_A.window,True,True,2052,2094,2050,2096,44,2,0.9780534351145038,0.9789875835721108,0.9990253411306043
calibration_crossing_1101,1101,crossing,sam2_1_tiny,53,2,car_A.window,True,True,2052,2050,2050,2052,0,2,0.9990253411306043,1.0,0.9990253411306043
calibration_crossing_1101,1101,crossing,sam2_1_tiny,54,2,car_A.window,True,True,2052,2087,2051,2088,36,1,0.98227969348659,0.9827503593675132,0.9995126705653021
calibration_crossing_1101,1101,crossing,sam2_1_tiny,55,2,car_A.window,True,True,2052,2048,2048,2052,0,4,0.9980506822612085,1.0,0.9980506822612085
calibration_crossing_1101,1101,crossing,sam2_1_tiny,56,2,car_A.window,True,True,2052,2098,2050,2100,48,2,0.9761904761904762,0.9771210676835081,0.9990253411306043
calibration_crossing_1101,1101,crossing,sam2_1_tiny,57,2,car_A.window,True,True,2052,2080,2050,2082,30,2,0.9846301633045149,0.9855769230769231,0.9990253411306043
calibration_crossing_1101,1101,crossing,sam2_1_tiny,58,2,car_A.window,True,True,2052,2061,2051,2062,10,1,0.9946653734238603,0.995147986414362,0.9995126705653021
calibration_crossing_1101,1101,crossing,sam2_1_tiny,59,2,car_A.window,True,True,2052,2095,2050,2097,45,2,0.977587029089175,0.9785202863961814,0.9990253411306043
calibration_crossing_1101,1101,crossing,sam2_1_tiny,60,2,car_A.window,True,True,2052,2094,2050,2096,44,2,0.9780534351145038,0.9789875835721108,0.9990253411306043
calibration_crossing_1101,1101,crossing,sam2_1_tiny,61,2,car_A.window,True,True,2052,2075,2050,2077,25,2,0.9870004814636495,0.9879518072289156,0.9990253411306043
calibration_crossing_1101,1101,crossing,sam2_1_tiny,62,2,car_A.window,True,True,2052,2051,2051,2052,0,1,0.9995126705653021,1.0,0.9995126705653021
calibration_crossing_1101,1101,crossing,sam2_1_tiny,63,2,car_A.window,True,True,2052,2050,2050,2052,0,2,0.9990253411306043,1.0,0.9990253411306043
calibration_crossing_1101,1101,crossing,sam2_1_tiny,1,3,car_B.front_door,True,True,3304,3301,3301,3304,0,3,0.99909200968523,1.0,0.99909200968523
calibration_crossing_1101,1101,crossing,sam2_1_tiny,2,3,car_B.front_door,True,True,3304,3301,3301,3304,0,3,0.99909200968523,1.0,0.99909200968523
calibration_crossing_1101,1101,crossing,sam2_1_tiny,3,3,car_B.front_door,True,True,3304,3301,3301,3304,0,3,0.99909200968523,1.0,0.99909200968523
calibration_crossing_1101,1101,crossing,sam2_1_tiny,4,3,car_B.front_door,True,True,3304,3301,3301,3304,0,3,0.99909200968523,1.0,0.99909200968523
calibration_crossing_1101,1101,crossing,sam2_1_tiny,5,3,car_B.front_door,True,True,3304,3302,3302,3304,0,2,0.9993946731234867,1.0,0.9993946731234867
calibration_crossing_1101,1101,crossing,sam2_1_tiny,6,3,car_B.front_door,True,True,3304,3301,3301,3304,0,3,0.99909200968523,1.0,0.99909200968523
calibration_crossing_1101,1101,crossing,sam2_1_tiny,7,3,car_B.front_door,True,True,3304,3300,3300,3304,0,4,0.9987893462469734,1.0,0.9987893462469734
calibration_crossing_1101,1101,crossing,sam2_1_tiny,8,3,car_B.front_door,True,True,3304,3301,3301,3304,0,3,0.99909200968523,1.0,0.99909200968523
calibration_crossing_1101,1101,crossing,sam2_1_tiny,9,3,car_B.front_door,True,True,3304,3301,3301,3304,0,3,0.99909200968523,1.0,0.99909200968523
calibration_crossing_1101,1101,crossing,sam2_1_tiny,10,3,car_B.front_door,True,True,3304,3300,3300,3304,0,4,0.9987893462469734,1.0,0.9987893462469734
calibration_crossing_1101,1101,crossing,sam2_1_tiny,11,3,car_B.front_door,True,True,3304,3303,3301,3306,2,3,0.9984875983061101,0.9993944898577051,0.99909200968523
calibration_crossing_1101,1101,crossing,sam2_1_tiny,12,3,car_B.front_door,True,True,3304,3304,3301,3307,3,3,0.998185666767463,0.99909200968523,0.99909200968523
calibration_crossing_1101,1101,crossing,sam2_1_tiny,13,3,car_B.front_door,True,True,3304,3315,3301,3318,14,3,0.9948764315852924,0.9957767722473605,0.99909200968523
calibration_crossing_1101,1101,crossing,sam2_1_tiny,14,3,car_B.front_door,True,True,3304,3300,3300,3304,0,4,0.9987893462469734,1.0,0.9987893462469734
calibration_crossing_1101,1101,crossing,sam2_1_tiny,15,3,car_B.front_door,True,True,3304,3302,3301,3305,1,3,0.9987897125567322,0.9996971532404604,0.99909200968523
calibration_crossing_1101,1101,crossing,sam2_1_tiny,16,3,car_B.front_door,True,True,3304,3327,3302,3329,25,2,0.9918894562931811,0.9924857228734596,0.9993946731234867
calibration_crossing_1101,1101,crossing,sam2_1_tiny,17,3,car_B.front_door,True,True,3304,3302,3302,3304,0,2,0.9993946731234867,1.0,0.9993946731234867
calibration_crossing_1101,1101,crossing,sam2_1_tiny,18,3,car_B.front_door,True,True,3304,3316,3302,3318,14,2,0.995177817962628,0.9957780458383595,0.9993946731234867
calibration_crossing_1101,1101,crossing,sam2_1_tiny,19,3,car_B.front_door,True,True,3304,3302,3302,3304,0,2,0.9993946731234867,1.0,0.9993946731234867
calibration_crossing_1101,1101,crossing,sam2_1_tiny,20,3,car_B.front_door,True,True,3304,3302,3302,3304,0,2,0.9993946731234867,1.0,0.9993946731234867
calibration_crossing_1101,1101,crossing,sam2_1_tiny,21,3,car_B.front_door,True,True,3304,3302,3301,3305,1,3,0.9987897125567322,0.9996971532404604,0.99909200968523
calibration_crossing_1101,1101,crossing,sam2_1_tiny,22,3,car_B.front_door,True,True,3304,3301,3301,3304,0,3,0.99909200968523,1.0,0.99909200968523
calibration_crossing_1101,1101,crossing,sam2_1_tiny,23,3,car_B.front_door,True,True,3304,3318,3301,3321,17,3,0.9939777175549533,0.9948764315852924,0.99909200968523
calibration_crossing_1101,1101,crossing,sam2_1_tiny,24,3,car_B.front_door,True,True,3304,3303,3301,3306,2,3,0.9984875983061101,0.9993944898577051,0.99909200968523
calibration_crossing_1101,1101,crossing,sam2_1_tiny,25,3,car_B.front_door,True,True,3304,3301,3301,3304,0,3,0.99909200968523,1.0,0.99909200968523
calibration_crossing_1101,1101,crossing,sam2_1_tiny,26,3,car_B.front_door,True,True,3304,3304,3301,3307,3,3,0.998185666767463,0.99909200968523,0.99909200968523
calibration_crossing_1101,1101,crossing,sam2_1_tiny,27,3,car_B.front_door,True,True,3304,3304,3302,3306,2,2,0.9987900786448881,0.9993946731234867,0.9993946731234867
calibration_crossing_1101,1101,crossing,sam2_1_tiny,28,3,car_B.front_door,True,True,3304,3328,3301,3331,27,3,0.9909936955869109,0.9918870192307693,0.99909200968523
calibration_crossing_1101,1101,crossing,sam2_1_tiny,29,3,car_B.front_door,True,True,3304,3307,3302,3309,5,2,0.9978845572680568,0.9984880556395525,0.9993946731234867
calibration_crossing_1101,1101,crossing,sam2_1_tiny,30,3,car_B.front_door,True,True,3304,3302,3302,3304,0,2,0.9993946731234867,1.0,0.9993946731234867
calibration_crossing_1101,1101,crossing,sam2_1_tiny,31,3,car_B.front_door,True,True,3304,3304,3302,3306,2,2,0.9987900786448881,0.9993946731234867,0.9993946731234867
calibration_crossing_1101,1101,crossing,sam2_1_tiny,32,3,car_B.front_door,True,True,3304,3308,3302,3310,6,2,0.997583081570997,0.998186215235792,0.9993946731234867
calibration_crossing_1101,1101,crossing,sam2_1_tiny,33,3,car_B.front_door,True,True,3304,3327,3302,3329,25,2,0.9918894562931811,0.9924857228734596,0.9993946731234867
calibration_crossing_1101,1101,crossing,sam2_1_tiny,34,3,car_B.front_door,True,True,3304,3312,3302,3314,10,2,0.996378998189499,0.9969806763285024,0.9993946731234867
calibration_crossing_1101,1101,crossing,sam2_1_tiny,35,3,car_B.front_door,True,True,3304,3305,3301,3308,4,3,0.9978839177750907,0.9987897125567322,0.99909200968523
calibration_crossing_1101,1101,crossing,sam2_1_tiny,36,3,car_B.front_door,True,True,3304,3304,3303,3305,1,1,0.9993948562783661,0.9996973365617433,0.9996973365617433
calibration_crossing_1101,1101,crossing,sam2_1_tiny,37,3,car_B.front_door,True,True,3304,3321,3301,3324,20,3,0.9930806257521059,0.9939777175549533,0.99909200968523
calibration_crossing_1101,1101,crossing,sam2_1_tiny,38,3,car_B.front_door,True,True,3304,3303,3303,3304,0,1,0.9996973365617433,1.0,0.9996973365617433
calibration_crossing_1101,1101,crossing,sam2_1_tiny,39,3,car_B.front_door,True,True,3304,3298,3298,3304,0,6,0.9981840193704601,1.0,0.9981840193704601
calibration_crossing_1101,1101,crossing,sam2_1_tiny,40,3,car_B.front_door,True,True,3304,3304,3301,3307,3,3,0.998185666767463,0.99909200968523,0.99909200968523
calibration_crossing_1101,1101,crossing,sam2_1_tiny,41,3,car_B.front_door,True,True,3304,3316,3302,3318,14,2,0.995177817962628,0.9957780458383595,0.9993946731234867
calibration_crossing_1101,1101,crossing,sam2_1_tiny,42,3,car_B.front_door,True,True,3304,3304,3303,3305,1,1,0.9993948562783661,0.9996973365617433,0.9996973365617433
calibration_crossing_1101,1101,crossing,sam2_1_tiny,43,3,car_B.front_door,True,True,3304,3301,3301,3304,0,3,0.99909200968523,1.0,0.99909200968523
calibration_crossing_1101,1101,crossing,sam2_1_tiny,44,3,car_B.front_door,True,True,3304,3302,3302,3304,0,2,0.9993946731234867,1.0,0.9993946731234867
calibration_crossing_1101,1101,crossing,sam2_1_tiny,45,3,car_B.front_door,True,True,3304,3325,3302,3327,23,2,0.9924857228734596,0.9930827067669173,0.9993946731234867
calibration_crossing_1101,1101,crossing,sam2_1_tiny,46,3,car_B.front_door,True,True,3304,3301,3301,3304,0,3,0.99909200968523,1.0,0.99909200968523
calibration_crossing_1101,1101,crossing,sam2_1_tiny,47,3,car_B.front_door,True,True,3304,3302,3301,3305,1,3,0.9987897125567322,0.9996971532404604,0.99909200968523
calibration_crossing_1101,1101,crossing,sam2_1_tiny,48,3,car_B.front_door,True,True,3304,3327,3302,3329,25,2,0.9918894562931811,0.9924857228734596,0.9993946731234867
calibration_crossing_1101,1101,crossing,sam2_1_tiny,49,3,car_B.front_door,True,True,3304,3302,3301,3305,1,3,0.9987897125567322,0.9996971532404604,0.99909200968523
calibration_crossing_1101,1101,crossing,sam2_1_tiny,50,3,car_B.front_door,True,True,3304,3320,3302,3322,18,2,0.9939795304033715,0.994578313253012,0.9993946731234867
calibration_crossing_1101,1101,crossing,sam2_1_tiny,51,3,car_B.front_door,True,True,3304,3328,3302,3330,26,2,0.9915915915915916,0.9921875,0.9993946731234867
calibration_crossing_1101,1101,crossing,sam2_1_tiny,52,3,car_B.front_door,True,True,3304,3301,3301,3304,0,3,0.99909200968523,1.0,0.99909200968523
calibration_crossing_1101,1101,crossing,sam2_1_tiny,53,3,car_B.front_door,True,True,3304,3314,3303,3315,11,1,0.9963800904977376,0.9966807483403741,0.9996973365617433
calibration_crossing_1101,1101,crossing,sam2_1_tiny,54,3,car_B.front_door,True,True,3304,3315,3301,3318,14,3,0.9948764315852924,0.9957767722473605,0.99909200968523
calibration_crossing_1101,1101,crossing,sam2_1_tiny,55,3,car_B.front_door,True,True,3304,3330,3301,3333,29,3,0.9903990399039904,0.9912912912912913,0.99909200968523
calibration_crossing_1101,1101,crossing,sam2_1_tiny,56,3,car_B.front_door,True,True,3304,3313,3301,3316,12,3,0.9954764776839565,0.9963779052218533,0.99909200968523
calibration_crossing_1101,1101,crossing,sam2_1_tiny,57,3,car_B.front_door,True,True,3304,3333,3302,3335,31,2,0.9901049475262369,0.9906990699069907,0.9993946731234867
calibration_crossing_1101,1101,crossing,sam2_1_tiny,58,3,car_B.front_door,True,True,3304,3334,3304,3334,30,0,0.991001799640072,0.991001799640072,1.0
calibration_crossing_1101,1101,crossing,sam2_1_tiny,59,3,car_B.front_door,True,True,3304,3319,3301,3322,18,3,0.99367850692354,0.994576679722808,0.99909200968523
calibration_crossing_1101,1101,crossing,sam2_1_tiny,60,3,car_B.front_door,True,True,3304,3334,3301,3337,33,3,0.989211866946359,0.9901019796040792,0.99909200968523
calibration_crossing_1101,1101,crossing,sam2_1_tiny,61,3,car_B.front_door,True,True,3304,3334,3303,3335,31,1,0.9904047976011994,0.9907018596280743,0.9996973365617433
calibration_crossing_1101,1101,crossing,sam2_1_tiny,62,3,car_B.front_door,True,True,3304,3329,3302,3331,27,2,0.9912939057340138,0.9918894562931811,0.9993946731234867
calibration_crossing_1101,1101,crossing,sam2_1_tiny,63,3,car_B.front_door,True,True,3304,3325,3302,3327,23,2,0.9924857228734596,0.9930827067669173,0.9993946731234867
calibration_crossing_1101,1101,crossing,sam2_1_tiny,1,4,car_B.window,True,True,2052,2050,2050,2052,0,2,0.9990253411306043,1.0,0.9990253411306043
calibration_crossing_1101,1101,crossing,sam2_1_tiny,2,4,car_B.window,True,True,2052,2050,2050,2052,0,2,0.9990253411306043,1.0,0.9990253411306043
calibration_crossing_1101,1101,crossing,sam2_1_tiny,3,4,car_B.window,True,True,2052,2050,2050,2052,0,2,0.9990253411306043,1.0,0.9990253411306043
calibration_crossing_1101,1101,crossing,sam2_1_tiny,4,4,car_B.window,True,True,2052,2050,2050,2052,0,2,0.9990253411306043,1.0,0.9990253411306043
calibration_crossing_1101,1101,crossing,sam2_1_tiny,5,4,car_B.window,True,True,2052,2050,2050,2052,0,2,0.9990253411306043,1.0,0.9990253411306043
calibration_crossing_1101,1101,crossing,sam2_1_tiny,6,4,car_B.window,True,True,2052,2050,2050,2052,0,2,0.9990253411306043,1.0,0.9990253411306043
calibration_crossing_1101,1101,crossing,sam2_1_tiny,7,4,car_B.window,True,True,2052,2050,2050,2052,0,2,0.9990253411306043,1.0,0.9990253411306043
calibration_crossing_1101,1101,crossing,sam2_1_tiny,8,4,car_B.window,True,True,2052,2052,2050,2054,2,2,0.9980525803310614,0.9990253411306043,0.9990253411306043
calibration_crossing_1101,1101,crossing,sam2_1_tiny,9,4,car_B.window,True,True,2052,2050,2050,2052,0,2,0.9990253411306043,1.0,0.9990253411306043
calibration_crossing_1101,1101,crossing,sam2_1_tiny,10,4,car_B.window,True,True,2052,2050,2050,2052,0,2,0.9990253411306043,1.0,0.9990253411306043
calibration_crossing_1101,1101,crossing,sam2_1_tiny,11,4,car_B.window,True,True,2052,2051,2051,2052,0,1,0.9995126705653021,1.0,0.9995126705653021
calibration_crossing_1101,1101,crossing,sam2_1_tiny,12,4,car_B.window,True,True,2052,2050,2050,2052,0,2,0.9990253411306043,1.0,0.9990253411306043
calibration_crossing_1101,1101,crossing,sam2_1_tiny,13,4,car_B.window,True,True,2052,2050,2050,2052,0,2,0.9990253411306043,1.0,0.9990253411306043
calibration_crossing_1101,1101,crossing,sam2_1_tiny,14,4,car_B.window,True,True,2052,2050,2050,2052,0,2,0.9990253411306043,1.0,0.9990253411306043
calibration_crossing_1101,1101,crossing,sam2_1_tiny,15,4,car_B.window,True,True,2052,2050,2050,2052,0,2,0.9990253411306043,1.0,0.9990253411306043
calibration_crossing_1101,1101,crossing,sam2_1_tiny,16,4,car_B.window,True,True,2052,2051,2050,2053,1,2,0.9985387238188017,0.999512432959532,0.9990253411306043
calibration_crossing_1101,1101,crossing,sam2_1_tiny,17,4,car_B.window,True,True,2052,2049,2049,2052,0,3,0.9985380116959064,1.0,0.9985380116959064
calibration_crossing_1101,1101,crossing,sam2_1_tiny,18,4,car_B.window,True,True,2052,2050,2050,2052,0,2,0.9990253411306043,1.0,0.9990253411306043
calibration_crossing_1101,1101,crossing,sam2_1_tiny,19,4,car_B.window,True,True,2052,2052,2050,2054,2,2,0.9980525803310614,0.9990253411306043,0.9990253411306043
calibration_crossing_1101,1101,crossing,sam2_1_tiny,20,4,car_B.window,True,True,2052,2050,2050,2052,0,2,0.9990253411306043,1.0,0.9990253411306043
calibration_crossing_1101,1101,crossing,sam2_1_tiny,21,4,car_B.window,True,True,2052,2051,2051,2052,0,1,0.9995126705653021,1.0,0.9995126705653021
calibration_crossing_1101,1101,crossing,sam2_1_tiny,22,4,car_B.window,True,True,2052,2058,2050,2060,8,2,0.9951456310679612,0.9961127308066083,0.9990253411306043
calibration_crossing_1101,1101,crossing,sam2_1_tiny,23,4,car_B.window,True,True,2052,2050,2050,2052,0,2,0.9990253411306043,1.0,0.9990253411306043
calibration_crossing_1101,1101,crossing,sam2_1_tiny,24,4,car_B.window,True,True,2052,2050,2050,2052,0,2,0.9990253411306043,1.0,0.9990253411306043
calibration_crossing_1101,1101,crossing,sam2_1_tiny,25,4,car_B.window,True,True,2052,2050,2050,2052,0,2,0.9990253411306043,1.0,0.9990253411306043
calibration_crossing_1101,1101,crossing,sam2_1_tiny,26,4,car_B.window,True,True,2052,2051,2051,2052,0,1,0.9995126705653021,1.0,0.9995126705653021
calibration_crossing_1101,1101,crossing,sam2_1_tiny,27,4,car_B.window,True,True,2052,2050,2050,2052,0,2,0.9990253411306043,1.0,0.9990253411306043
calibration_crossing_1101,1101,crossing,sam2_1_tiny,28,4,car_B.window,True,True,2052,2049,2049,2052,0,3,0.9985380116959064,1.0,0.9985380116959064
calibration_crossing_1101,1101,crossing,sam2_1_tiny,29,4,car_B.window,True,True,2052,2050,2050,2052,0,2,0.9990253411306043,1.0,0.9990253411306043
calibration_crossing_1101,1101,crossing,sam2_1_tiny,30,4,car_B.window,True,True,2052,2050,2050,2052,0,2,0.9990253411306043,1.0,0.9990253411306043
calibration_crossing_1101,1101,crossing,sam2_1_tiny,31,4,car_B.window,True,True,2052,2050,2050,2052,0,2,0.9990253411306043,1.0,0.9990253411306043
calibration_crossing_1101,1101,crossing,sam2_1_tiny,32,4,car_B.window,True,True,2052,2051,2051,2052,0,1,0.9995126705653021,1.0,0.9995126705653021
calibration_crossing_1101,1101,crossing,sam2_1_tiny,33,4,car_B.window,True,True,2052,2050,2050,2052,0,2,0.9990253411306043,1.0,0.9990253411306043
calibration_crossing_1101,1101,crossing,sam2_1_tiny,34,4,car_B.window,True,True,2052,2048,2048,2052,0,4,0.9980506822612085,1.0,0.9980506822612085
calibration_crossing_1101,1101,crossing,sam2_1_tiny,35,4,car_B.window,True,True,2052,2018,2017,2053,1,35,0.9824646858256211,0.9995044598612488,0.982943469785575
calibration_crossing_1101,1101,crossing,sam2_1_tiny,36,4,car_B.window,True,True,2052,2358,2051,2359,307,1,0.8694362017804155,0.86980491942324,0.9995126705653021
calibration_crossing_1101,1101,crossing,sam2_1_tiny,37,4,car_B.window,True,True,2052,2050,2050,2052,0,2,0.9990253411306043,1.0,0.9990253411306043
calibration_crossing_1101,1101,crossing,sam2_1_tiny,38,4,car_B.window,True,True,2052,2052,2052,2052,0,0,1.0,1.0,1.0
calibration_crossing_1101,1101,crossing,sam2_1_tiny,39,4,car_B.window,True,True,2052,2050,2050,2052,0,2,0.9990253411306043,1.0,0.9990253411306043
calibration_crossing_1101,1101,crossing,sam2_1_tiny,40,4,car_B.window,True,True,2052,2051,2051,2052,0,1,0.9995126705653021,1.0,0.9995126705653021
calibration_crossing_1101,1101,crossing,sam2_1_tiny,41,4,car_B.window,True,True,2052,2051,2051,2052,0,1,0.9995126705653021,1.0,0.9995126705653021
calibration_crossing_1101,1101,crossing,sam2_1_tiny,42,4,car_B.window,True,True,2052,2095,2050,2097,45,2,0.977587029089175,0.9785202863961814,0.9990253411306043
calibration_crossing_1101,1101,crossing,sam2_1_tiny,43,4,car_B.window,True,True,2052,2050,2050,2052,0,2,0.9990253411306043,1.0,0.9990253411306043
calibration_crossing_1101,1101,crossing,sam2_1_tiny,44,4,car_B.window,True,True,2052,2052,2052,2052,0,0,1.0,1.0,1.0
calibration_crossing_1101,1101,crossing,sam2_1_tiny,45,4,car_B.window,True,True,2052,2051,2051,2052,0,1,0.9995126705653021,1.0,0.9995126705653021
calibration_crossing_1101,1101,crossing,sam2_1_tiny,46,4,car_B.window,True,True,2052,2051,2051,2052,0,1,0.9995126705653021,1.0,0.9995126705653021
calibration_crossing_1101,1101,crossing,sam2_1_tiny,47,4,car_B.window,True,True,2052,2091,2051,2092,40,1,0.9804015296367112,0.9808703969392635,0.9995126705653021
calibration_crossing_1101,1101,crossing,sam2_1_tiny,48,4,car_B.window,True,True,2052,2050,2050,2052,0,2,0.9990253411306043,1.0,0.9990253411306043
calibration_crossing_1101,1101,crossing,sam2_1_tiny,49,4,car_B.window,True,True,2052,2050,2050,2052,0,2,0.9990253411306043,1.0,0.9990253411306043
calibration_crossing_1101,1101,crossing,sam2_1_tiny,50,4,car_B.window,True,True,2052,2097,2051,2098,46,1,0.9775977121067684,0.978063900810682,0.9995126705653021
calibration_crossing_1101,1101,crossing,sam2_1_tiny,51,4,car_B.window,True,True,2052,2050,2050,2052,0,2,0.9990253411306043,1.0,0.9990253411306043
calibration_crossing_1101,1101,crossing,sam2_1_tiny,52,4,car_B.window,True,True,2052,2051,2051,2052,0,1,0.9995126705653021,1.0,0.9995126705653021
calibration_crossing_1101,1101,crossing,sam2_1_tiny,53,4,car_B.window,True,True,2052,2096,2050,2098,46,2,0.9771210676835081,0.9780534351145038,0.9990253411306043
calibration_crossing_1101,1101,crossing,sam2_1_tiny,54,4,car_B.window,True,True,2052,2051,2051,2052,0,1,0.9995126705653021,1.0,0.9995126705653021
calibration_crossing_1101,1101,crossing,sam2_1_tiny,55,4,car_B.window,True,True,2052,2050,2050,2052,0,2,0.9990253411306043,1.0,0.9990253411306043
calibration_crossing_1101,1101,crossing,sam2_1_tiny,56,4,car_B.window,True,True,2052,2051,2051,2052,0,1,0.9995126705653021,1.0,0.9995126705653021
calibration_crossing_1101,1101,crossing,sam2_1_tiny,57,4,car_B.window,True,True,2052,2051,2051,2052,0,1,0.9995126705653021,1.0,0.9995126705653021
calibration_crossing_1101,1101,crossing,sam2_1_tiny,58,4,car_B.window,True,True,2052,2050,2050,2052,0,2,0.9990253411306043,1.0,0.9990253411306043
calibration_crossing_1101,1101,crossing,sam2_1_tiny,59,4,car_B.window,True,True,2052,2051,2051,2052,0,1,0.9995126705653021,1.0,0.9995126705653021
calibration_crossing_1101,1101,crossing,sam2_1_tiny,60,4,car_B.window,True,True,2052,2050,2050,2052,0,2,0.9990253411306043,1.0,0.9990253411306043
calibration_crossing_1101,1101,crossing,sam2_1_tiny,61,4,car_B.window,True,True,2052,2051,2051,2052,0,1,0.9995126705653021,1.0,0.9995126705653021
calibration_crossing_1101,1101,crossing,sam2_1_tiny,62,4,car_B.window,True,True,2052,2050,2050,2052,0,2,0.9990253411306043,1.0,0.9990253411306043
calibration_crossing_1101,1101,crossing,sam2_1_tiny,63,4,car_B.window,True,True,2052,2051,2051,2052,0,1,0.9995126705653021,1.0,0.9995126705653021
calibration_scale_camera_1200,1200,scale_camera,sam2_1_tiny,1,1,car_A.front_door,True,True,3304,3302,3302,3304,0,2,0.9993946731234867,1.0,0.9993946731234867
calibration_scale_camera_1200,1200,scale_camera,sam2_1_tiny,2,1,car_A.front_door,True,True,3304,3303,3303,3304,0,1,0.9996973365617433,1.0,0.9996973365617433
calibration_scale_camera_1200,1200,scale_camera,sam2_1_tiny,3,1,car_A.front_door,True,True,3304,3303,3303,3304,0,1,0.9996973365617433,1.0,0.9996973365617433
calibration_scale_camera_1200,1200,scale_camera,sam2_1_tiny,4,1,car_A.front_door,True,True,3421,3454,3383,3492,71,38,0.9687857961053837,0.9794441227562247,0.9888921368021046
calibration_scale_camera_1200,1200,scale_camera,sam2_1_tiny,5,1,car_A.front_door,True,True,3480,3545,3463,3562,82,17,0.972206625491297,0.9768688293370945,0.9951149425287357
calibration_scale_camera_1200,1200,scale_camera,sam2_1_tiny,6,1,car_A.front_door,True,True,3656,3667,3638,3685,29,18,0.9872455902306648,0.9920916280338151,0.9950765864332604
calibration_scale_camera_1200,1200,scale_camera,sam2_1_tiny,7,1,car_A.front_door,True,True,3717,3759,3715,3761,44,2,0.9877692103164052,0.98829475924448,0.9994619316653215
calibration_scale_camera_1200,1200,scale_camera,sam2_1_tiny,8,1,car_A.front_door,True,True,3841,3860,3814,3887,46,27,0.9812194494468742,0.9880829015544041,0.9929705805779745
calibration_scale_camera_1200,1200,scale_camera,sam2_1_tiny,9,1,car_A.front_door,True,True,3839,3923,3838,3924,85,1,0.9780835881753313,0.9783329084884017,0.9997395154988278
calibration_scale_camera_1200,1200,scale_camera,sam2_1_tiny,10,1,car_A.front_door,True,True,4030,4042,4003,4069,39,27,0.983779798476284,0.9903513112320633,0.9933002481389578
calibration_scale_camera_1200,1200,scale_camera,sam2_1_tiny,11,1,car_A.front_door,True,True,4093,4120,4072,4141,48,21,0.9833373581260565,0.9883495145631068,0.9948692890300513
calibration_scale_camera_1200,1200,scale_camera,sam2_1_tiny,12,1,car_A.front_door,True,True,4154,4188,4130,4212,58,24,0.9805318138651472,0.9861509073543457,0.9942224362060664
calibration_scale_camera_1200,1200,scale_camera,sam2_1_tiny,13,1,car_A.front_door,True,True,4216,4243,4199,4260,44,17,0.9856807511737089,0.9896299787885929,0.9959677419354839
calibration_scale_camera_1200,1200,scale_camera,sam2_1_tiny,14,1,car_A.front_door,True,True,4289,4300,4277,4312,23,12,0.9918831168831169,0.9946511627906977,0.9972021450221497
calibration_scale_camera_1200,1200,scale_camera,sam2_1_tiny,15,1,car_A.front_door,True,True,4418,4359,4355,4422,4,63,0.9848484848484849,0.9990823583390686,0.9857401539157991
calibration_scale_camera_1200,1200,scale_camera,sam2_1_tiny,16,1,car_A.front_door,True,True,4420,4358,4353,4425,5,67,0.9837288135593221,0.9988526847177605,0.9848416289592761
calibration_scale_camera_1200,1200,scale_camera,sam2_1_tiny,17,1,car_A.front_door,True,True,4420,4377,4365,4432,12,55,0.9848826714801444,0.9972583961617546,0.9875565610859729
calibration_scale_camera_1200,1200,scale_camera,sam2_1_tiny,18,1,car_A.front_door,True,True,4352,4391,4346,4397,45,6,0.9884011826245167,0.98975176497381,0.9986213235294118
calibration_scale_camera_1200,1200,scale_camera,sam2_1_tiny,19,1,car_A.front_door,True,True,4420,4384,4370,4434,14,50,0.9855660802886784,0.9968065693430657,0.9886877828054299
calibration_scale_camera_1200,1200,scale_camera,sam2_1_tiny,20,1,car_A.front_door,True,True,4420,4354,4349,4425,5,71,0.9828248587570622,0.9988516306844281,0.9839366515837104
calibration_scale_camera_1200,1200,scale_camera,sam2_1_tiny,21,1,car_A.front_door,True,True,4418,4354,4352,4420,2,66,0.9846153846153847,0.9995406522737712,0.9850611136260752
calibration_scale_camera_1200,1200,scale_camera,sam2_1_tiny,22,1,car_A.front_door,True,True,4289,4301,4271,4319,30,18,0.9888863162769159,0.9930248779353639,0.9958032175332245
calibration_scale_camera_1200,1200,scale_camera,sam2_1_tiny,23,1,car_A.front_door,True,True,4216,4248,4199,4265,49,17,0.9845252051582649,0.9884651600753296,0.9959677419354839
calibration_scale_camera_1200,1200,scale_camera,sam2_1_tiny,24,1,car_A.front_door,True,True,4154,4174,4116,4212,58,38,0.9772079772079773,0.9861044561571634,0.9908521906596052
calibration_scale_camera_1200,1200,scale_camera,sam2_1_tiny,25,1,car_A.front_door,True,True,4093,4112,4063,4142,49,30,0.9809270883631096,0.9880836575875487,0.9926704129000733
calibration_scale_camera_1200,1200,scale_camera,sam2_1_tiny,26,1,car_A.front_door,True,True,4030,4038,4003,4065,35,27,0.9847478474784748,0.9913323427439327,0.9933002481389578
calibration_scale_camera_1200,1200,scale_camera,sam2_1_tiny,27,1,car_A.front_door,True,True,3839,3929,3838,3930,91,1,0.9765903307888041,0.9768388903028761,0.9997395154988278
calibration_scale_camera_1200,1200,scale_camera,sam2_1_tiny,28,1,car_A.front_door,True,True,3841,3868,3823,3886,45,18,0.9837879567678847,0.9883660806618407,0.9953137203853163
calibration_scale_camera_1200,1200,scale_camera,sam2_1_tiny,29,1,car_A.front_door,True,True,3717,3744,3713,3748,31,4,0.9906616862326574,0.9917200854700855,0.998923863330643
calibration_scale_camera_1200,1200,scale_camera,sam2_1_tiny,30,1,car_A.front_door,True,True,3656,3656,3638,3674,18,18,0.9902014153511159,0.9950765864332604,0.9950765864332604
calibration_scale_camera_1200,1200,scale_camera,sam2_1_tiny,31,1,car_A.front_door,True,True,3480,3522,3452,3550,70,28,0.9723943661971831,0.9801249290176036,0.9919540229885058
calibration_scale_camera_1200,1200,scale_camera,sam2_1_tiny,32,1,car_A.front_door,True,True,3421,3458,3406,3473,52,15,0.9807083213360207,0.9849624060150376,0.9956153171587255
calibration_scale_camera_1200,1200,scale_camera,sam2_1_tiny,33,1,car_A.front_door,True,True,3304,3303,3303,3304,0,1,0.9996973365617433,1.0,0.9996973365617433
calibration_scale_camera_1200,1200,scale_camera,sam2_1_tiny,34,1,car_A.front_door,True,True,3191,3252,3184,3259,68,7,0.9769868057686407,0.9790897908979089,0.9978063303039799
calibration_scale_camera_1200,1200,scale_camera,sam2_1_tiny,35,1,car_A.front_door,True,True,3133,3167,3126,3174,41,7,0.9848771266540642,0.9870539943163877,0.997765719757421
calibration_scale_camera_1200,1200,scale_camera,sam2_1_tiny,36,1,car_A.front_door,True,True,2968,3036,2965,3039,71,3,0.9756498848305364,0.9766139657444005,0.998989218328841
calibration_scale_camera_1200,1200,scale_camera,sam2_1_tiny,37,1,car_A.front_door,True,True,2915,2951,2905,2961,46,10,0.9810874704491725,0.9844120637072179,0.9965694682675815
calibration_scale_camera_1200,1200,scale_camera,sam2_1_tiny,38,1,car_A.front_door,True,True,2805,2856,2793,2868,63,12,0.9738493723849372,0.9779411764705882,0.9957219251336898
calibration_scale_camera_1200,1200,scale_camera,sam2_1_tiny,39,1,car_A.front_door,True,True,2808,2811,2798,2821,13,10,0.9918468628146048,0.9953753112771255,0.9964387464387464
calibration_scale_camera_1200,1200,scale_camera,sam2_1_tiny,40,1,car_A.front_door,True,True,2647,2715,2647,2715,68,0,0.9749539594843463,0.9749539594843463,1.0
calibration_scale_camera_1200,1200,scale_camera,sam2_1_tiny,41,1,car_A.front_door,True,True,2601,2664,2597,2668,67,4,0.9733883058470765,0.9748498498498499,0.9984621299500193
calibration_scale_camera_1200,1200,scale_camera,sam2_1_tiny,42,1,car_A.front_door,True,True,2547,2601,2543,2605,58,4,0.9761996161228407,0.9777008842752788,0.9984295249312917
calibration_scale_camera_1200,1200,scale_camera,sam2_1_tiny,43,1,car_A.front_door,True,True,2498,2544,2492,2550,52,6,0.9772549019607844,0.9795597484276729,0.9975980784627703
calibration_scale_camera_1200,1200,scale_camera,sam2_1_tiny,44,1,car_A.front_door,True,True,2450,2500,2448,2502,52,2,0.9784172661870504,0.9792,0.9991836734693877
calibration_scale_camera_1200,1200,scale_camera,sam2_1_tiny,45,1,car_A.front_door,True,True,2351,2453,2351,2453,102,0,0.9584182633509988,0.9584182633509988,1.0
calibration_scale_camera_1200,1200,scale_camera,sam2_1_tiny,46,1,car_A.front_door,True,True,2352,2463,2351,2464,112,1,0.9541396103896104,0.9545269995939911,0.9995748299319728
calibration_scale_camera_1200,1200,scale_camera,sam2_1_tiny,47,1,car_A.front_door,True,True,2350,2451,2349,2452,102,1,0.9579934747145188,0.9583843329253366,0.9995744680851064
calibration_scale_camera_1200,1200,scale_camera,sam2_1_tiny,48,1,car_A.front_door,True,True,2399,2441,2396,2444,45,3,0.9803600654664485,0.9815649324047522,0.9987494789495623
calibration_scale_camera_1200,1200,scale_camera,sam2_1_tiny,49,1,car_A.front_door,True,True,2350,2461,2349,2462,112,1,0.954102355808286,0.9544900446972775,0.9995744680851064
calibration_scale_camera_1200,1200,scale_camera,sam2_1_tiny,50,1,car_A.front_door,True,True,2352,2478,2351,2479,127,1,0.9483662767244857,0.9487489911218725,0.9995748299319728
calibration_scale_camera_1200,1200,scale_camera,sam2_1_tiny,51,1,car_A.front_door,True,True,2351,2459,2351,2459,108,0,0.956079707198048,0.956079707198048,1.0
calibration_scale_camera_1200,1200,scale_camera,sam2_1_tiny,52,1,car_A.front_door,True,True,2450,2494,2447,2497,47,3,0.9799759711653985,0.9811547714514836,0.9987755102040816
calibration_scale_camera_1200,1200,scale_camera,sam2_1_tiny,53,1,car_A.front_door,True,True,2498,2549,2493,2554,56,5,0.976115896632733,0.9780306002353865,0.9979983987189752
calibration_scale_camera_1200,1200,scale_camera,sam2_1_tiny,54,1,car_A.front_door,True,True,2547,2626,2545,2628,81,2,0.9684170471841704,0.9691546077684692,0.9992147624656459
calibration_scale_camera_1200,1200,scale_camera,sam2_1_tiny,55,1,car_A.front_door,True,True,2601,2671,2592,2680,79,9,0.9671641791044776,0.9704230625233995,0.9965397923875432
calibration_scale_camera_1200,1200,scale_camera,sam2_1_tiny,56,1,car_A.front_door,True,True,2647,2724,2646,2725,78,1,0.9710091743119266,0.9713656387665198,0.9996222138269739
calibration_scale_camera_1200,1200,scale_camera,sam2_1_tiny,57,1,car_A.front_door,True,True,2808,2818,2800,2826,18,8,0.9907997169143666,0.99361249112846,0.9971509971509972
calibration_scale_camera_1200,1200,scale_camera,sam2_1_tiny,58,1,car_A.front_door,True,True,2805,2867,2794,2878,73,11,0.970813064628214,0.9745378444366934,0.996078431372549
calibration_scale_camera_1200,1200,scale_camera,sam2_1_tiny,59,1,car_A.front_door,True,True,2915,2958,2912,2961,46,3,0.983451536643026,0.9844489519945909,0.9989708404802744
calibration_scale_camera_1200,1200,scale_camera,sam2_1_tiny,60,1,car_A.front_door,True,True,2968,3027,2966,3029,61,2,0.9792010564542754,0.9798480343574496,0.9993261455525606
calibration_scale_camera_1200,1200,scale_camera,sam2_1_tiny,61,1,car_A.front_door,True,True,3133,3139,3118,3154,21,15,0.9885859226379201,0.9933099713284486,0.995212256623045
calibration_scale_camera_1200,1200,scale_camera,sam2_1_tiny,62,1,car_A.front_door,True,True,3191,3257,3169,3279,88,22,0.96645318694724,0.972981271108382,0.993105609526794
calibration_scale_camera_1200,1200,scale_camera,sam2_1_tiny,63,1,car_A.front_door,True,True,3304,3302,3302,3304,0,2,0.9993946731234867,1.0,0.9993946731234867
calibration_scale_camera_1200,1200,scale_camera,sam2_1_tiny,1,2,car_A.window,True,True,2052,2049,2049,2052,0,3,0.9985380116959064,1.0,0.9985380116959064
calibration_scale_camera_1200,1200,scale_camera,sam2_1_tiny,2,2,car_A.window,True,True,2052,2049,2049,2052,0,3,0.9985380116959064,1.0,0.9985380116959064
calibration_scale_camera_1200,1200,scale_camera,sam2_1_tiny,3,2,car_A.window,True,True,2052,2049,2049,2052,0,3,0.9985380116959064,1.0,0.9985380116959064
calibration_scale_camera_1200,1200,scale_camera,sam2_1_tiny,4,2,car_A.window,True,True,2137,2131,2100,2168,31,37,0.9686346863468634,0.985452839042703,0.9826860084230229
calibration_scale_camera_1200,1200,scale_camera,sam2_1_tiny,5,2,car_A.window,True,True,2146,2195,2140,2201,55,6,0.9722853248523399,0.9749430523917996,0.9972041006523765
calibration_scale_camera_1200,1200,scale_camera,sam2_1_tiny,6,2,car_A.window,True,True,2272,2281,2269,2284,12,3,0.9934325744308231,0.9947391494958352,0.9986795774647887
calibration_scale_camera_1200,1200,scale_camera,sam2_1_tiny,7,2,car_A.window,True,True,2279,2319,2267,2331,52,12,0.9725439725439725,0.9775765416127641,0.9947345326897762
calibration_scale_camera_1200,1200,scale_camera,sam2_1_tiny,8,2,car_A.window,True,True,2379,2397,2373,2403,24,6,0.9875156054931336,0.9899874843554443,0.9974779319041615
calibration_scale_camera_1200,1200,scale_camera,sam2_1_tiny,9,2,car_A.window,True,True,2413,2445,2385,2473,60,28,0.964415689446017,0.9754601226993865,0.9883961873186904
calibration_scale_camera_1200,1200,scale_camera,sam2_1_tiny,10,2,car_A.window,True,True,2481,2507,2455,2533,52,26,0.9692064745361232,0.9792580773833267,0.9895203546956872
calibration_scale_camera_1200,1200,scale_camera,sam2_1_tiny,11,2,car_A.window,True,True,2578,2547,2536,2589,11,42,0.9795287755890305,0.9956811935610522,0.9837083010085338
calibration_scale_camera_1200,1200,scale_camera,sam2_1_tiny,12,2,car_A.window,True,True,2618,2601,2584,2635,17,34,0.9806451612903225,0.9934640522875817,0.987012987012987
calibration_scale_camera_1200,1200,scale_camera,sam2_1_tiny,13,2,car_A.window,True,True,2599,2636,2586,2649,50,13,0.9762174405436014,0.9810318664643399,0.9949980761831474
calibration_scale_camera_1200,1200,scale_camera,sam2_1_tiny,14,2,car_A.window,True,True,2561,2658,2556,2663,102,5,0.9598197521592189,0.9616252821670429,0.9980476376415462
calibration_scale_camera_1200,1200,scale_camera,sam2_1_tiny,15,2,car_A.window,True,True,2663,2696,2661,2698,35,2,0.986286137879911,0.9870178041543026,0.9992489673300788
calibration_scale_camera_1200,1200,scale_camera,sam2_1_tiny,16,2,car_A.window,True,True,2664,2707,2661,2710,46,3,0.9819188191881919,0.9830070188400444,0.9988738738738738
calibration_scale_camera_1200,1200,scale_camera,sam2_1_tiny,17,2,car_A.window,True,True,2667,2729,2664,2732,65,3,0.9751098096632503,0.976181751557347,0.9988751406074241
calibration_scale_camera_1200,1200,scale_camera,sam2_1_tiny,18,2,car_A.window,True,True,2665,2741,2663,2743,78,2,0.9708348523514401,0.9715432323969354,0.999249530956848
calibration_scale_camera_1200,1200,scale_camera,sam2_1_tiny,19,2,car_A.window,True,True,2667,2732,2664,2735,68,3,0.9740402193784278,0.9751098096632503,0.9988751406074241
calibration_scale_camera_1200,1200,scale_camera,sam2_1_tiny,20,2,car_A.window,True,True,2664,2716,2659,2721,57,5,0.9772142594634325,0.9790132547864506,0.9981231231231231
calibration_scale_camera_1200,1200,scale_camera,sam2_1_tiny,21,2,car_A.window,True,True,2663,2706,2657,2712,49,6,0.9797197640117994,0.9818920916481892,0.9977469019902365
calibration_scale_camera_1200,1200,scale_camera,sam2_1_tiny,22,2,car_A.window,True,True,2561,2674,2556,2679,118,5,0.9540873460246361,0.955871353777113,0.9980476376415462
calibration_scale_camera_1200,1200,scale_camera,sam2_1_tiny,23,2,car_A.window,True,True,2599,2645,2589,2655,56,10,0.9751412429378531,0.9788279773156899,0.9961523662947287
calibration_scale_camera_1200,1200,scale_camera,sam2_1_tiny,24,2,car_A.window,True,True,2618,2640,2589,2669,51,29,0.9700262270513301,0.9806818181818182,0.9889228418640184
calibration_scale_camera_1200,1200,scale_camera,sam2_1_tiny,25,2,car_A.window,True,True,2578,2548,2534,2592,14,44,0.9776234567901234,0.9945054945054945,0.9829325058184639
calibration_scale_camera_1200,1200,scale_camera,sam2_1_tiny,26,2,car_A.window,True,True,2481,2523,2454,2550,69,27,0.9623529411764706,0.9726516052318668,0.9891172914147521
calibration_scale_camera_1200,1200,scale_camera,sam2_1_tiny,27,2,car_A.window,True,True,2413,2462,2389,2486,73,24,0.9609814963797265,0.970349309504468,0.9900538748445918
calibration_scale_camera_1200,1200,scale_camera,sam2_1_tiny,28,2,car_A.window,True,True,2379,2384,2361,2402,23,18,0.9829308909242298,0.9903523489932886,0.9924337957124842
calibration_scale_camera_1200,1200,scale_camera,sam2_1_tiny,29,2,car_A.window,True,True,2279,2324,2254,2349,70,25,0.9595572584078331,0.9698795180722891,0.9890302764370338
calibration_scale_camera_1200,1200,scale_camera,sam2_1_tiny,30,2,car_A.window,True,True,2272,2278,2261,2289,17,11,0.9877675840978594,0.9925373134328358,0.9951584507042254
calibration_scale_camera_1200,1200,scale_camera,sam2_1_tiny,31,2,car_A.window,True,True,2146,2188,2131,2203,57,15,0.9673172945982751,0.9739488117001828,0.9930102516309413
calibration_scale_camera_1200,1200,scale_camera,sam2_1_tiny,32,2,car_A.window,True,True,2137,2142,2111,2168,31,26,0.9737084870848709,0.9855275443510738,0.9878334113242864
calibration_scale_camera_1200,1200,scale_camera,sam2_1_tiny,33,2,car_A.window,True,True,2052,2057,2049,2060,8,3,0.9946601941747573,0.9961108410306271,0.9985380116959064
calibration_scale_camera_1200,1200,scale_camera,sam2_1_tiny,34,2,car_A.window,True,True,1959,1997,1911,2045,86,48,0.9344743276283619,0.956935403104657,0.9754977029096478
calibration_scale_camera_1200,1200,scale_camera,sam2_1_tiny,35,2,car_A.window,True,True,1959,1939,1939,1959,0,20,0.9897907095456866,1.0,0.9897907095456866
calibration_scale_camera_1200,1200,scale_camera,sam2_1_tiny,36,2,car_A.window,True,True,1836,1874,1832,1878,42,4,0.9755058572949947,0.9775880469583778,0.9978213507625272
calibration_scale_camera_1200,1200,scale_camera,sam2_1_tiny,37,2,car_A.window,True,True,1827,1852,1820,1859,32,7,0.9790209790209791,0.9827213822894169,0.9961685823754789
calibration_scale_camera_1200,1200,scale_camera,sam2_1_tiny,38,2,car_A.window,True,True,1749,1792,1746,1795,46,3,0.9727019498607242,0.9743303571428571,0.9982847341337907
calibration_scale_camera_1200,1200,scale_camera,sam2_1_tiny,39,2,car_A.window,True,True,1714,1730,1704,1740,26,10,0.9793103448275862,0.9849710982658959,0.9941656942823804
calibration_scale_camera_1200,1200,scale_camera,sam2_1_tiny,40,2,car_A.window,True,True,1659,1683,1648,1694,35,11,0.9728453364817001,0.9792038027332145,0.9933694996986137
calibration_scale_camera_1200,1200,scale_camera,sam2_1_tiny,41,2,car_A.window,True,True,1580,1653,1577,1656,76,3,0.9522946859903382,0.9540229885057471,0.9981012658227848
calibration_scale_camera_1200,1200,scale_camera,sam2_1_tiny,42,2,car_A.window,True,True,1548,1605,1546,1607,59,2,0.9620410703173615,0.9632398753894081,0.9987080103359173
calibration_scale_camera_1200,1200,scale_camera,sam2_1_tiny,43,2,car_A.window,True,True,1561,1585,1541,1605,44,20,0.9601246105919004,0.9722397476340694,0.9871877001921845
calibration_scale_camera_1200,1200,scale_camera,sam2_1_tiny,44,2,car_A.window,True,True,1594,1571,1564,1601,7,30,0.976889444097439,0.9955442393380013,0.9811794228356336
calibration_scale_camera_1200,1200,scale_camera,sam2_1_tiny,45,2,car_A.window,True,True,1516,1538,1492,1562,46,24,0.9551856594110115,0.9700910273081924,0.9841688654353562
calibration_scale_camera_1200,1200,scale_camera,sam2_1_tiny,46,2,car_A.window,True,True,1516,1537,1494,1559,43,22,0.9583066067992303,0.9720234222511386,0.9854881266490765
calibration_scale_camera_1200,1200,scale_camera,sam2_1_tiny,47,2,car_A.window,True,True,1517,1549,1498,1568,51,19,0.9553571428571429,0.9670755326016786,0.987475280158207
calibration_scale_camera_1200,1200,scale_camera,sam2_1_tiny,48,2,car_A.window,True,True,1518,1534,1502,1550,32,16,0.9690322580645161,0.9791395045632334,0.9894598155467721
calibration_scale_camera_1200,1200,scale_camera,sam2_1_tiny,49,2,car_A.window,True,True,1517,1544,1503,1558,41,14,0.9646983311938383,0.9734455958549223,0.990771259063942
calibration_scale_camera_1200,1200,scale_camera,sam2_1_tiny,50,2,car_A.window,True,True,1516,1544,1495,1565,49,21,0.9552715654952076,0.9682642487046632,0.9861477572559367
calibration_scale_camera_1200,1200,scale_camera,sam2_1_tiny,51,2,car_A.window,True,True,1516,1517,1487,1546,30,29,0.961836998706339,0.98022412656559,0.9808707124010554
calibration_scale_camera_1200,1200,scale_camera,sam2_1_tiny,52,2,car_A.window,True,True,1594,1578,1567,1605,11,27,0.9763239875389408,0.9930291508238276,0.9830614805520702
calibration_scale_camera_1200,1200,scale_camera,sam2_1_tiny,53,2,car_A.window,True,True,1561,1562,1536,1587,26,25,0.9678638941398866,0.9833546734955185,0.9839846252402307
calibration_scale_camera_1200,1200,scale_camera,sam2_1_tiny,54,2,car_A.window,True,True,1548,1615,1546,1617,69,2,0.956091527520099,0.9572755417956657,0.9987080103359173
calibration_scale_camera_1200,1200,scale_camera,sam2_1_tiny,55,2,car_A.window,True,True,1580,1657,1577,1660,80,3,0.95,0.9517199758599879,0.9981012658227848
calibration_scale_camera_1200,1200,scale_camera,sam2_1_tiny,56,2,car_A.window,True,True,1659,1686,1648,1697,38,11,0.9711255156157925,0.9774614472123369,0.9933694996986137
calibration_scale_camera_1200,1200,scale_camera,sam2_1_tiny,57,2,car_A.window,True,True,1714,1736,1708,1742,28,6,0.9804822043628014,0.9838709677419355,0.9964994165694282
calibration_scale_camera_1200,1200,scale_camera,sam2_1_tiny,58,2,car_A.window,True,True,1749,1791,1747,1793,44,2,0.9743446737311768,0.9754327191513121,0.9988564894225271
calibration_scale_camera_1200,1200,scale_camera,sam2_1_tiny,59,2,car_A.window,True,True,1827,1839,1819,1847,20,8,0.9848402815376286,0.9891245241979336,0.9956212370005474
calibration_scale_camera_1200,1200,scale_camera,sam2_1_tiny,60,2,car_A.window,True,True,1836,1849,1828,1857,21,8,0.9843834141087776,0.9886425094645754,0.9956427015250545
calibration_scale_camera_1200,1200,scale_camera,sam2_1_tiny,61,2,car_A.window,True,True,1959,1970,1948,1981,22,11,0.98334174659263,0.9888324873096447,0.9943848902501277
calibration_scale_camera_1200,1200,scale_camera,sam2_1_tiny,62,2,car_A.window,True,True,1959,2000,1918,2041,82,41,0.9397354238118569,0.959,0.9790709545686574
calibration_scale_camera_1200,1200,scale_camera,sam2_1_tiny,63,2,car_A.window,True,True,2052,2049,2049,2052,0,3,0.9985380116959064,1.0,0.9985380116959064
calibration_scale_camera_1200,1200,scale_camera,sam2_1_tiny,1,3,car_B.front_door,True,True,3304,3302,3302,3304,0,2,0.9993946731234867,1.0,0.9993946731234867
calibration_scale_camera_1200,1200,scale_camera,sam2_1_tiny,2,3,car_B.front_door,True,True,3304,3303,3303,3304,0,1,0.9996973365617433,1.0,0.9996973365617433
calibration_scale_camera_1200,1200,scale_camera,sam2_1_tiny,3,3,car_B.front_door,True,True,3304,3303,3303,3304,0,1,0.9996973365617433,1.0,0.9996973365617433
calibration_scale_camera_1200,1200,scale_camera,sam2_1_tiny,4,3,car_B.front_door,True,True,3191,3286,3187,3290,99,4,0.9686930091185411,0.9698721850273889,0.9987464744594171
calibration_scale_camera_1200,1200,scale_camera,sam2_1_tiny,5,3,car_B.front_door,True,True,3133,3169,3126,3176,43,7,0.9842569269521411,0.9864310508046702,0.997765719757421
calibration_scale_camera_1200,1200,scale_camera,sam2_1_tiny,6,3,car_B.front_door,True,True,2968,3046,2966,3048,80,2,0.9730971128608924,0.9737360472751149,0.9993261455525606
calibration_scale_camera_1200,1200,scale_camera,sam2_1_tiny,7,3,car_B.front_door,True,True,2915,2984,2914,2985,70,1,0.976214405360134,0.9765415549597856,0.9996569468267581
calibration_scale_camera_1200,1200,scale_camera,sam2_1_tiny,8,3,car_B.front_door,True,True,2805,2877,2797,2885,80,8,0.9694974003466205,0.9721932568647897,0.9971479500891266
calibration_scale_camera_1200,1200,scale_camera,sam2_1_tiny,9,3,car_B.front_door,True,True,2808,2830,2801,2837,29,7,0.9873105393020797,0.9897526501766785,0.9975071225071225
calibration_scale_camera_1200,1200,scale_camera,sam2_1_tiny,10,3,car_B.front_door,True,True,2647,2724,2646,2725,78,1,0.9710091743119266,0.9713656387665198,0.9996222138269739
calibration_scale_camera_1200,1200,scale_camera,sam2_1_tiny,11,3,car_B.front_door,True,True,2601,2654,2597,2658,57,4,0.9770504138449962,0.9785229841748304,0.9984621299500193
calibration_scale_camera_1200,1200,scale_camera,sam2_1_tiny,12,3,car_B.front_door,True,True,2547,2608,2544,2611,64,3,0.9743393335886633,0.9754601226993865,0.9988221436984688
calibration_scale_camera_1200,1200,scale_camera,sam2_1_tiny,13,3,car_B.front_door,True,True,2498,2542,2491,2549,51,7,0.9772459788152217,0.9799370574350905,0.9971977582065652
calibration_scale_camera_1200,1200,scale_camera,sam2_1_tiny,14,3,car_B.front_door,True,True,2450,2507,2448,2509,59,2,0.9756875249103228,0.9764658954926206,0.9991836734693877
calibration_scale_camera_1200,1200,scale_camera,sam2_1_tiny,15,3,car_B.front_door,True,True,2351,2473,2350,2474,123,1,0.9498787388843978,0.950262838657501,0.9995746490854955
calibration_scale_camera_1200,1200,scale_camera,sam2_1_tiny,16,3,car_B.front_door,True,True,2352,2457,2351,2458,106,1,0.9564686737184703,0.9568579568579568,0.9995748299319728
calibration_scale_camera_1200,1200,scale_camera,sam2_1_tiny,17,3,car_B.front_door,True,True,2350,2445,2349,2446,96,1,0.9603434178250204,0.9607361963190184,0.9995744680851064
calibration_scale_camera_1200,1200,scale_camera,sam2_1_tiny,18,3,car_B.front_door,True,True,2399,2437,2394,2442,43,5,0.9803439803439803,0.982355354944604,0.9979157982492706
calibration_scale_camera_1200,1200,scale_camera,sam2_1_tiny,19,3,car_B.front_door,True,True,2350,2444,2349,2445,95,1,0.9607361963190184,0.9611292962356792,0.9995744680851064
calibration_scale_camera_1200,1200,scale_camera,sam2_1_tiny,20,3,car_B.front_door,True,True,2352,2461,2352,2461,109,0,0.9557090613571719,0.9557090613571719,1.0
calibration_scale_camera_1200,1200,scale_camera,sam2_1_tiny,21,3,car_B.front_door,True,True,2351,2461,2350,2462,111,1,0.9545085296506904,0.9548963835839089,0.9995746490854955
calibration_scale_camera_1200,1200,scale_camera,sam2_1_tiny,22,3,car_B.front_door,True,True,2450,2495,2446,2499,49,4,0.9787915166066427,0.9803607214428858,0.9983673469387755
calibration_scale_camera_1200,1200,scale_camera,sam2_1_tiny,23,3,car_B.front_door,True,True,2498,2541,2490,2549,51,8,0.9768536681051393,0.9799291617473436,0.9967974379503602
calibration_scale_camera_1200,1200,scale_camera,sam2_1_tiny,24,3,car_B.front_door,True,True,2547,2609,2544,2612,65,3,0.9739663093415007,0.9750862399386738,0.9988221436984688
calibration_scale_camera_1200,1200,scale_camera,sam2_1_tiny,25,3,car_B.front_door,True,True,2601,2648,2596,2653,52,5,0.9785148888051263,0.9803625377643505,0.998077662437524
calibration_scale_camera_1200,1200,scale_camera,sam2_1_tiny,26,3,car_B.front_door,True,True,2647,2717,2646,2718,71,1,0.9735099337748344,0.9738682370261318,0.9996222138269739
calibration_scale_camera_1200,1200,scale_camera,sam2_1_tiny,27,3,car_B.front_door,True,True,2808,2809,2793,2824,16,15,0.9890226628895185,0.9943040227839088,0.9946581196581197
calibration_scale_camera_1200,1200,scale_camera,sam2_1_tiny,28,3,car_B.front_door,True,True,2805,2864,2793,2876,71,12,0.9711404728789986,0.9752094972067039,0.9957219251336898
calibration_scale_camera_1200,1200,scale_camera,sam2_1_tiny,29,3,car_B.front_door,True,True,2915,2948,2899,2964,49,16,0.9780701754385965,0.9833785617367707,0.9945111492281303
calibration_scale_camera_1200,1200,scale_camera,sam2_1_tiny,30,3,car_B.front_door,True,True,2968,3040,2966,3042,74,2,0.9750164365548981,0.9756578947368421,0.9993261455525606
calibration_scale_camera_1200,1200,scale_camera,sam2_1_tiny,31,3,car_B.front_door,True,True,3133,3168,3126,3175,42,7,0.9845669291338582,0.9867424242424242,0.997765719757421
calibration_scale_camera_1200,1200,scale_camera,sam2_1_tiny,32,3,car_B.front_door,True,True,3191,3253,3177,3267,76,14,0.9724517906336089,0.9766369505072241,0.9956126606079598
calibration_scale_camera_1200,1200,scale_camera,sam2_1_tiny,33,3,car_B.front_door,True,True,3304,3303,3303,3304,0,1,0.9996973365617433,1.0,0.9996973365617433
calibration_scale_camera_1200,1200,scale_camera,sam2_1_tiny,34,3,car_B.front_door,True,True,3421,3430,3396,3455,34,25,0.9829232995658466,0.9900874635568513,0.9926921952645426
calibration_scale_camera_1200,1200,scale_camera,sam2_1_tiny,35,3,car_B.front_door,True,True,3480,3553,3472,3561,81,8,0.9750070204998595,0.9772023641992682,0.9977011494252873
calibration_scale_camera_1200,1200,scale_camera,sam2_1_tiny,36,3,car_B.front_door,True,True,3656,3666,3647,3675,19,9,0.9923809523809524,0.9948172394980905,0.9975382932166302
calibration_scale_camera_1200,1200,scale_camera,sam2_1_tiny,37,3,car_B.front_door,True,True,3717,3729,3709,3737,20,8,0.9925073588439925,0.9946366318047734,0.997847726661286
calibration_scale_camera_1200,1200,scale_camera,sam2_1_tiny,38,3,car_B.front_door,True,True,3841,3879,3820,3900,59,21,0.9794871794871794,0.9847898943026553,0.994532673782869
calibration_scale_camera_1200,1200,scale_camera,sam2_1_tiny,39,3,car_B.front_door,True,True,3839,3923,3838,3924,85,1,0.9780835881753313,0.9783329084884017,0.9997395154988278
calibration_scale_camera_1200,1200,scale_camera,sam2_1_tiny,40,3,car_B.front_door,True,True,4030,4035,3997,4068,38,33,0.9825467059980334,0.9905824039653036,0.9918114143920596
calibration_scale_camera_1200,1200,scale_camera,sam2_1_tiny,41,3,car_B.front_door,True,True,4093,4131,4071,4153,60,22,0.9802552371779436,0.9854756717501816,0.9946249694600537
calibration_scale_camera_1200,1200,scale_camera,sam2_1_tiny,42,3,car_B.front_door,True,True,4154,4195,4123,4226,72,31,0.9756270705158543,0.9828367103694875,0.9925373134328358
calibration_scale_camera_1200,1200,scale_camera,sam2_1_tiny,43,3,car_B.front_door,True,True,4216,4240,4197,4259,43,19,0.9854425921577835,0.9898584905660377,0.9954933586337761
calibration_scale_camera_1200,1200,scale_camera,sam2_1_tiny,44,3,car_B.front_door,True,True,4289,4310,4276,4323,34,13,0.9891279204256304,0.9921113689095128,0.9969689904406621
calibration_scale_camera_1200,1200,scale_camera,sam2_1_tiny,45,3,car_B.front_door,True,True,4418,4354,4349,4423,5,69,0.9832692742482478,0.9988516306844281,0.9843820733363513
calibration_scale_camera_1200,1200,scale_camera,sam2_1_tiny,46,3,car_B.front_door,True,True,4420,4380,4368,4432,12,52,0.9855595667870036,0.9972602739726028,0.9882352941176471
calibration_scale_camera_1200,1200,scale_camera,sam2_1_tiny,47,3,car_B.front_door,True,True,4420,4394,4381,4433,13,39,0.9882697947214076,0.9970414201183432,0.9911764705882353
calibration_scale_camera_1200,1200,scale_camera,sam2_1_tiny,48,3,car_B.front_door,True,True,4352,4406,4346,4412,60,6,0.985040797824116,0.9863822060826146,0.9986213235294118
calibration_scale_camera_1200,1200,scale_camera,sam2_1_tiny,49,3,car_B.front_door,True,True,4420,4382,4374,4428,8,46,0.9878048780487805,0.9981743496120493,0.9895927601809955
calibration_scale_camera_1200,1200,scale_camera,sam2_1_tiny,50,3,car_B.front_door,True,True,4420,4367,4358,4429,9,62,0.9839692932941974,0.9979390886191893,0.9859728506787331
calibration_scale_camera_1200,1200,scale_camera,sam2_1_tiny,51,3,car_B.front_door,True,True,4418,4364,4357,4425,7,61,0.9846327683615819,0.9983959670027498,0.9861928474422815
calibration_scale_camera_1200,1200,scale_camera,sam2_1_tiny,52,3,car_B.front_door,True,True,4289,4300,4267,4322,33,22,0.9872744099953725,0.9923255813953489,0.9948705992072744
calibration_scale_camera_1200,1200,scale_camera,sam2_1_tiny,53,3,car_B.front_door,True,True,4216,4240,4196,4260,44,20,0.9849765258215962,0.9896226415094339,0.9952561669829222
calibration_scale_camera_1200,1200,scale_camera,sam2_1_tiny,54,3,car_B.front_door,True,True,4154,4178,4114,4218,64,40,0.975343764817449,0.9846816658688368,0.9903707270101108
calibration_scale_camera_1200,1200,scale_camera,sam2_1_tiny,55,3,car_B.front_door,True,True,4093,4139,4078,4154,61,15,0.9817043813192105,0.9852621406136748,0.9963352064500367
calibration_scale_camera_1200,1200,scale_camera,sam2_1_tiny,56,3,car_B.front_door,True,True,4030,4053,4002,4081,51,28,0.980641999509924,0.9874167283493709,0.9930521091811414
calibration_scale_camera_1200,1200,scale_camera,sam2_1_tiny,57,3,car_B.front_door,True,True,3839,3916,3837,3918,79,2,0.9793261868300153,0.9798263534218591,0.9994790309976557
calibration_scale_camera_1200,1200,scale_camera,sam2_1_tiny,58,3,car_B.front_door,True,True,3841,3859,3808,3892,51,33,0.9784172661870504,0.986784140969163,0.99140848737308
calibration_scale_camera_1200,1200,scale_camera,sam2_1_tiny,59,3,car_B.front_door,True,True,3717,3755,3709,3763,46,8,0.9856497475418549,0.9877496671105193,0.997847726661286
calibration_scale_camera_1200,1200,scale_camera,sam2_1_tiny,60,3,car_B.front_door,True,True,3656,3643,3633,3666,10,23,0.9909983633387889,0.9972550096074664,0.9937089715536105
calibration_scale_camera_1200,1200,scale_camera,sam2_1_tiny,61,3,car_B.front_door,True,True,3480,3531,3458,3553,73,22,0.9732620320855615,0.9793259699801756,0.9936781609195402
calibration_scale_camera_1200,1200,scale_camera,sam2_1_tiny,62,3,car_B.front_door,True,True,3421,3463,3415,3469,48,6,0.984433554338426,0.9861391856771585,0.9982461268634902
calibration_scale_camera_1200,1200,scale_camera,sam2_1_tiny,63,3,car_B.front_door,True,True,3304,3304,3303,3305,1,1,0.9993948562783661,0.9996973365617433,0.9996973365617433
calibration_scale_camera_1200,1200,scale_camera,sam2_1_tiny,1,4,car_B.window,True,True,2052,2049,2049,2052,0,3,0.9985380116959064,1.0,0.9985380116959064
calibration_scale_camera_1200,1200,scale_camera,sam2_1_tiny,2,4,car_B.window,True,True,2052,2049,2049,2052,0,3,0.9985380116959064,1.0,0.9985380116959064
calibration_scale_camera_1200,1200,scale_camera,sam2_1_tiny,3,4,car_B.window,True,True,2052,2049,2049,2052,0,3,0.9985380116959064,1.0,0.9985380116959064
calibration_scale_camera_1200,1200,scale_camera,sam2_1_tiny,4,4,car_B.window,True,True,1959,1983,1904,2038,79,55,0.9342492639842983,0.9601613716591024,0.9719244512506381
calibration_scale_camera_1200,1200,scale_camera,sam2_1_tiny,5,4,car_B.window,True,True,1959,1942,1940,1961,2,19,0.9892911779704232,0.9989701338825953,0.9903011740684022
calibration_scale_camera_1200,1200,scale_camera,sam2_1_tiny,6,4,car_B.window,True,True,1836,1843,1825,1854,18,11,0.9843581445523193,0.9902333152468801,0.9940087145969498
calibration_scale_camera_1200,1200,scale_camera,sam2_1_tiny,7,4,car_B.window,True,True,1827,1809,1804,1832,5,23,0.9847161572052402,0.9972360420121614,0.9874110563765737
calibration_scale_camera_1200,1200,scale_camera,sam2_1_tiny,8,4,car_B.window,True,True,1749,1771,1746,1774,25,3,0.9842164599774521,0.9858836815358555,0.9982847341337907
calibration_scale_camera_1200,1200,scale_camera,sam2_1_tiny,9,4,car_B.window,True,True,1714,1713,1695,1732,18,19,0.9786374133949192,0.989492119089317,0.9889148191365228
calibration_scale_camera_1200,1200,scale_camera,sam2_1_tiny,10,4,car_B.window,True,True,1659,1666,1641,1684,25,18,0.9744655581947743,0.9849939975990396,0.9891500904159132
calibration_scale_camera_1200,1200,scale_camera,sam2_1_tiny,11,4,car_B.window,True,True,1580,1628,1573,1635,55,7,0.962079510703364,0.9662162162162162,0.9955696202531645
calibration_scale_camera_1200,1200,scale_camera,sam2_1_tiny,12,4,car_B.window,True,True,1548,1582,1545,1585,37,3,0.9747634069400631,0.9766118836915297,0.998062015503876
calibration_scale_camera_1200,1200,scale_camera,sam2_1_tiny,13,4,car_B.window,True,True,1561,1558,1532,1587,26,29,0.9653434152488973,0.9833119383825417,0.9814221652786675
calibration_scale_camera_1200,1200,scale_camera,sam2_1_tiny,14,4,car_B.window,True,True,1594,1543,1543,1594,0,51,0.9680050188205772,1.0,0.9680050188205772
calibration_scale_camera_1200,1200,scale_camera,sam2_1_tiny,15,4,car_B.window,True,True,1516,1516,1488,1544,28,28,0.9637305699481865,0.9815303430079155,0.9815303430079155
calibration_scale_camera_1200,1200,scale_camera,sam2_1_tiny,16,4,car_B.window,True,True,1516,1510,1482,1544,28,34,0.9598445595854922,0.9814569536423841,0.9775725593667546
calibration_scale_camera_1200,1200,scale_camera,sam2_1_tiny,17,4,car_B.window,True,True,1517,1505,1481,1541,24,36,0.9610642439974043,0.9840531561461794,0.976268951878708
calibration_scale_camera_1200,1200,scale_camera,sam2_1_tiny,18,4,car_B.window,True,True,1518,1500,1489,1529,11,29,0.973839110529758,0.9926666666666667,0.9808959156785244
calibration_scale_camera_1200,1200,scale_camera,sam2_1_tiny,19,4,car_B.window,True,True,1517,1507,1481,1543,26,36,0.9598185353208036,0.9827471798274718,0.976268951878708
calibration_scale_camera_1200,1200,scale_camera,sam2_1_tiny,20,4,car_B.window,True,True,1516,1518,1483,1551,35,33,0.9561573178594455,0.9769433465085638,0.9782321899736148
calibration_scale_camera_1200,1200,scale_camera,sam2_1_tiny,21,4,car_B.window,True,True,1516,1518,1483,1551,35,33,0.9561573178594455,0.9769433465085638,0.9782321899736148
calibration_scale_camera_1200,1200,scale_camera,sam2_1_tiny,22,4,car_B.window,True,True,1594,1555,1553,1596,2,41,0.9730576441102757,0.9987138263665595,0.9742785445420327
calibration_scale_camera_1200,1200,scale_camera,sam2_1_tiny,23,4,car_B.window,True,True,1561,1563,1530,1594,33,31,0.9598494353826851,0.9788867562380038,0.9801409352978859
calibration_scale_camera_1200,1200,scale_camera,sam2_1_tiny,24,4,car_B.window,True,True,1548,1590,1546,1592,44,2,0.9711055276381909,0.9723270440251572,0.9987080103359173
calibration_scale_camera_1200,1200,scale_camera,sam2_1_tiny,25,4,car_B.window,True,True,1580,1634,1575,1639,59,5,0.9609517998779744,0.9638922888616891,0.9968354430379747
calibration_scale_camera_1200,1200,scale_camera,sam2_1_tiny,26,4,car_B.window,True,True,1659,1664,1642,1681,22,17,0.9767995240928019,0.9867788461538461,0.9897528631705846
calibration_scale_camera_1200,1200,scale_camera,sam2_1_tiny,27,4,car_B.window,True,True,1714,1713,1699,1728,14,15,0.9832175925925926,0.9918272037361354,0.9912485414235706
calibration_scale_camera_1200,1200,scale_camera,sam2_1_tiny,28,4,car_B.window,True,True,1749,1767,1745,1771,22,4,0.9853190287972897,0.987549518958687,0.9977129788450543
calibration_scale_camera_1200,1200,scale_camera,sam2_1_tiny,29,4,car_B.window,True,True,1827,1805,1801,1831,4,26,0.983615510649918,0.9977839335180055,0.9857690202517789
calibration_scale_camera_1200,1200,scale_camera,sam2_1_tiny,30,4,car_B.window,True,True,1836,1855,1828,1863,27,8,0.9812130971551262,0.98544474393531,0.9956427015250545
calibration_scale_camera_1200,1200,scale_camera,sam2_1_tiny,31,4,car_B.window,True,True,1959,1946,1939,1966,7,20,0.986266531027467,0.9964028776978417,0.9897907095456866
calibration_scale_camera_1200,1200,scale_camera,sam2_1_tiny,32,4,car_B.window,True,True,1959,1994,1910,2043,84,49,0.9348996573666177,0.9578736208625878,0.9749872383869321
calibration_scale_camera_1200,1200,scale_camera,sam2_1_tiny,33,4,car_B.window,True,True,2052,2049,2049,2052,0,3,0.9985380116959064,1.0,0.9985380116959064
calibration_scale_camera_1200,1200,scale_camera,sam2_1_tiny,34,4,car_B.window,True,True,2137,2141,2110,2168,31,27,0.9732472324723247,0.985520784680056,0.9873654656059897
calibration_scale_camera_1200,1200,scale_camera,sam2_1_tiny,35,4,car_B.window,True,True,2146,2181,2133,2194,48,13,0.9721969006381039,0.9779917469050894,0.9939422180801492
calibration_scale_camera_1200,1200,scale_camera,sam2_1_tiny,36,4,car_B.window,True,True,2272,2269,2251,2290,18,21,0.9829694323144105,0.9920669898633759,0.9907570422535211
calibration_scale_camera_1200,1200,scale_camera,sam2_1_tiny,37,4,car_B.window,True,True,2279,2314,2256,2337,58,23,0.9653401797175867,0.9749351771823682,0.9899078543220711
calibration_scale_camera_1200,1200,scale_camera,sam2_1_tiny,38,4,car_B.window,True,True,2379,2392,2363,2408,29,16,0.981312292358804,0.987876254180602,0.9932744850777637
calibration_scale_camera_1200,1200,scale_camera,sam2_1_tiny,39,4,car_B.window,True,True,2413,2431,2385,2459,46,28,0.9699064660431069,0.9810777457836282,0.9883961873186904
calibration_scale_camera_1200,1200,scale_camera,sam2_1_tiny,40,4,car_B.window,True,True,2481,2504,2452,2533,52,29,0.9680221081721279,0.9792332268370607,0.988311164852882
calibration_scale_camera_1200,1200,scale_camera,sam2_1_tiny,41,4,car_B.window,True,True,2578,2551,2543,2586,8,35,0.9833720030935809,0.9968639749117993,0.9864235841737781
calibration_scale_camera_1200,1200,scale_camera,sam2_1_tiny,42,4,car_B.window,True,True,2618,2591,2574,2635,17,44,0.9768500948766603,0.9934388267078348,0.9831932773109243
calibration_scale_camera_1200,1200,scale_camera,sam2_1_tiny,43,4,car_B.window,True,True,2599,2620,2582,2637,38,17,0.9791429654910884,0.9854961832061069,0.9934590227010388
calibration_scale_camera_1200,1200,scale_camera,sam2_1_tiny,44,4,car_B.window,True,True,2561,2654,2557,2658,97,4,0.9620015048908954,0.9634513941220799,0.998438110113237
calibration_scale_camera_1200,1200,scale_camera,sam2_1_tiny,45,4,car_B.window,True,True,2663,2682,2657,2688,25,6,0.9884672619047619,0.9906785980611484,0.9977469019902365
calibration_scale_camera_1200,1200,scale_camera,sam2_1_tiny,46,4,car_B.window,True,True,2664,2685,2658,2691,27,6,0.987736900780379,0.9899441340782122,0.9977477477477478
calibration_scale_camera_1200,1200,scale_camera,sam2_1_tiny,47,4,car_B.window,True,True,2667,2710,2664,2713,46,3,0.9819388131220051,0.9830258302583026,0.9988751406074241
calibration_scale_camera_1200,1200,scale_camera,sam2_1_tiny,48,4,car_B.window,True,True,2665,2710,2661,2714,49,4,0.9804716285924834,0.9819188191881919,0.9984990619136961
calibration_scale_camera_1200,1200,scale_camera,sam2_1_tiny,49,4,car_B.window,True,True,2667,2707,2664,2710,43,3,0.9830258302583026,0.9841152567417806,0.9988751406074241
calibration_scale_camera_1200,1200,scale_camera,sam2_1_tiny,50,4,car_B.window,True,True,2664,2688,2658,2694,30,6,0.9866369710467706,0.9888392857142857,0.9977477477477478
calibration_scale_camera_1200,1200,scale_camera,sam2_1_tiny,51,4,car_B.window,True,True,2663,2686,2659,2690,27,4,0.9884758364312267,0.9899478778853313,0.9984979346601577
calibration_scale_camera_1200,1200,scale_camera,sam2_1_tiny,52,4,car_B.window,True,True,2561,2654,2557,2658,97,4,0.9620015048908954,0.9634513941220799,0.998438110113237
calibration_scale_camera_1200,1200,scale_camera,sam2_1_tiny,53,4,car_B.window,True,True,2599,2624,2583,2640,41,16,0.9784090909090909,0.984375,0.993843786071566
calibration_scale_camera_1200,1200,scale_camera,sam2_1_tiny,54,4,car_B.window,True,True,2618,2592,2572,2638,20,46,0.974981046247157,0.9922839506172839,0.9824293353705118
calibration_scale_camera_1200,1200,scale_camera,sam2_1_tiny,55,4,car_B.window,True,True,2578,2546,2539,2585,7,39,0.9822050290135397,0.9972505891594659,0.9848719937936384
calibration_scale_camera_1200,1200,scale_camera,sam2_1_tiny,56,4,car_B.window,True,True,2481,2493,2448,2526,45,33,0.9691211401425178,0.9819494584837545,0.9866989117291415
calibration_scale_camera_1200,1200,scale_camera,sam2_1_tiny,57,4,car_B.window,True,True,2413,2435,2383,2465,52,30,0.9667342799188641,0.9786447638603696,0.9875673435557397
calibration_scale_camera_1200,1200,scale_camera,sam2_1_tiny,58,4,car_B.window,True,True,2379,2392,2359,2412,33,20,0.9780265339966833,0.9862040133779264,0.9915931063472047
calibration_scale_camera_1200,1200,scale_camera,sam2_1_tiny,59,4,car_B.window,True,True,2279,2323,2254,2348,69,25,0.9599659284497445,0.9702970297029703,0.9890302764370338
calibration_scale_camera_1200,1200,scale_camera,sam2_1_tiny,60,4,car_B.window,True,True,2272,2278,2261,2289,17,11,0.9877675840978594,0.9925373134328358,0.9951584507042254
calibration_scale_camera_1200,1200,scale_camera,sam2_1_tiny,61,4,car_B.window,True,True,2146,2170,2138,2178,32,8,0.9816345270890725,0.9852534562211982,0.9962721342031687
calibration_scale_camera_1200,1200,scale_camera,sam2_1_tiny,62,4,car_B.window,True,True,2137,2142,2111,2168,31,26,0.9737084870848709,0.9855275443510738,0.9878334113242864
calibration_scale_camera_1200,1200,scale_camera,sam2_1_tiny,63,4,car_B.window,True,True,2052,2051,2050,2053,1,2,0.9985387238188017,0.999512432959532,0.9990253411306043
calibration_scale_camera_1201,1201,scale_camera,sam2_1_tiny,1,1,car_A.front_door,True,True,3304,3301,3301,3304,0,3,0.99909200968523,1.0,0.99909200968523
calibration_scale_camera_1201,1201,scale_camera,sam2_1_tiny,2,1,car_A.front_door,True,True,3304,3301,3301,3304,0,3,0.99909200968523,1.0,0.99909200968523
calibration_scale_camera_1201,1201,scale_camera,sam2_1_tiny,3,1,car_A.front_door,True,True,3304,3301,3301,3304,0,3,0.99909200968523,1.0,0.99909200968523
calibration_scale_camera_1201,1201,scale_camera,sam2_1_tiny,4,1,car_A.front_door,True,True,3420,3402,3395,3427,7,25,0.9906623869273417,0.9979423868312757,0.9926900584795322
calibration_scale_camera_1201,1201,scale_camera,sam2_1_tiny,5,1,car_A.front_door,True,True,3420,3487,3416,3491,71,4,0.9785161844743626,0.9796386578720964,0.9988304093567252
calibration_scale_camera_1201,1201,scale_camera,sam2_1_tiny,6,1,car_A.front_door,True,True,3481,3535,3462,3554,73,19,0.9741136747326955,0.9793493635077793,0.9945417983338122
calibration_scale_camera_1201,1201,scale_camera,sam2_1_tiny,7,1,car_A.front_door,True,True,3535,3595,3534,3596,61,1,0.9827586206896551,0.9830319888734353,0.9997171145685997
calibration_scale_camera_1201,1201,scale_camera,sam2_1_tiny,8,1,car_A.front_door,True,True,3659,3682,3633,3708,49,26,0.9797734627831716,0.9866920152091255,0.992894233397103
calibration_scale_camera_1201,1201,scale_camera,sam2_1_tiny,9,1,car_A.front_door,True,True,3713,3743,3702,3754,41,11,0.9861481086840703,0.9890462196099385,0.9970374360355507
calibration_scale_camera_1201,1201,scale_camera,sam2_1_tiny,10,1,car_A.front_door,True,True,3777,3796,3748,3825,48,29,0.9798692810457517,0.9873551106427819,0.9923219486364839
calibration_scale_camera_1201,1201,scale_camera,sam2_1_tiny,11,1,car_A.front_door,True,True,3842,3859,3811,3890,48,31,0.9796915167095116,0.9875615444415652,0.9919312857886518
calibration_scale_camera_1201,1201,scale_camera,sam2_1_tiny,12,1,car_A.front_door,True,True,3837,3893,3835,3895,58,2,0.9845956354300385,0.9851014641664526,0.999478759447485
calibration_scale_camera_1201,1201,scale_camera,sam2_1_tiny,13,1,car_A.front_door,True,True,3904,3935,3892,3947,43,12,0.9860653661008361,0.9890724269377382,0.9969262295081968
calibration_scale_camera_1201,1201,scale_camera,sam2_1_tiny,14,1,car_A.front_door,True,True,3904,3943,3893,3954,50,11,0.9845725847243298,0.9873193000253614,0.9971823770491803
calibration_scale_camera_1201,1201,scale_camera,sam2_1_tiny,15,1,car_A.front_door,True,True,4034,4010,3996,4048,14,38,0.9871541501976284,0.9965087281795512,0.9905800694100149
calibration_scale_camera_1201,1201,scale_camera,sam2_1_tiny,16,1,car_A.front_door,True,True,4031,4022,3988,4065,34,43,0.9810578105781058,0.991546494281452,0.9893326717935996
calibration_scale_camera_1201,1201,scale_camera,sam2_1_tiny,17,1,car_A.front_door,True,True,4031,4025,3987,4069,38,44,0.9798476284099288,0.9905590062111801,0.9890845943934508
calibration_scale_camera_1201,1201,scale_camera,sam2_1_tiny,18,1,car_A.front_door,True,True,4031,4023,3986,4068,37,45,0.97984267453294,0.9908028834203331,0.9888365169933019
calibration_scale_camera_1201,1201,scale_camera,sam2_1_tiny,19,1,car_A.front_door,True,True,4031,4033,3996,4068,37,35,0.9823008849557522,0.9908256880733946,0.9913172909947904
calibration_scale_camera_1201,1201,scale_camera,sam2_1_tiny,20,1,car_A.front_door,True,True,4031,4035,3997,4069,38,34,0.9823052347014009,0.9905824039653036,0.9915653683949393
calibration_scale_camera_1201,1201,scale_camera,sam2_1_tiny,21,1,car_A.front_door,True,True,4034,4020,4001,4053,19,33,0.9871699975326919,0.995273631840796,0.9918195339613287
calibration_scale_camera_1201,1201,scale_camera,sam2_1_tiny,22,1,car_A.front_door,True,True,3904,3945,3890,3959,55,14,0.9825713564031321,0.9860583016476553,0.9964139344262295
calibration_scale_camera_1201,1201,scale_camera,sam2_1_tiny,23,1,car_A.front_door,True,True,3904,3938,3890,3952,48,14,0.9843117408906883,0.9878110716099543,0.9964139344262295
calibration_scale_camera_1201,1201,scale_camera,sam2_1_tiny,24,1,car_A.front_door,True,True,3837,3899,3835,3901,64,2,0.9830812612150731,0.9835855347525007,0.999478759447485
calibration_scale_camera_1201,1201,scale_camera,sam2_1_tiny,25,1,car_A.front_door,True,True,3842,3854,3809,3887,45,33,0.979933110367893,0.9883238194084069,0.991410723581468
calibration_scale_camera_1201,1201,scale_camera,sam2_1_tiny,26,1,car_A.front_door,True,True,3777,3794,3752,3819,42,25,0.9824561403508771,0.988929889298893,0.9933809902038655
calibration_scale_camera_1201,1201,scale_camera,sam2_1_tiny,27,1,car_A.front_door,True,True,3713,3740,3706,3747,34,7,0.9890579129970644,0.990909090909091,0.9981147320226232
calibration_scale_camera_1201,1201,scale_camera,sam2_1_tiny,28,1,car_A.front_door,True,True,3659,3682,3631,3710,51,28,0.9787061994609164,0.9861488321564367,0.992347635966111
calibration_scale_camera_1201,1201,scale_camera,sam2_1_tiny,29,1,car_A.front_door,True,True,3535,3591,3532,3594,59,3,0.9827490261547023,0.9835700362016151,0.9991513437057992
calibration_scale_camera_1201,1201,scale_camera,sam2_1_tiny,30,1,car_A.front_door,True,True,3481,3535,3462,3554,73,19,0.9741136747326955,0.9793493635077793,0.9945417983338122
calibration_scale_camera_1201,1201,scale_camera,sam2_1_tiny,31,1,car_A.front_door,True,True,3420,3486,3415,3491,71,5,0.9782297336006874,0.9796328169822146,0.9985380116959064
calibration_scale_camera_1201,1201,scale_camera,sam2_1_tiny,32,1,car_A.front_door,True,True,3420,3401,3393,3428,8,27,0.9897899649941657,0.9976477506615701,0.9921052631578947
calibration_scale_camera_1201,1201,scale_camera,sam2_1_tiny,33,1,car_A.front_door,True,True,3304,3302,3302,3304,0,2,0.9993946731234867,1.0,0.9993946731234867
calibration_scale_camera_1201,1201,scale_camera,sam2_1_tiny,34,1,car_A.front_door,True,True,3190,3235,3188,3237,47,2,0.9848625270312017,0.9854714064914992,0.9993730407523511
calibration_scale_camera_1201,1201,scale_camera,sam2_1_tiny,35,1,car_A.front_door,True,True,3190,3192,3176,3206,16,14,0.990642545227698,0.9949874686716792,0.9956112852664577
calibration_scale_camera_1201,1201,scale_camera,sam2_1_tiny,36,1,car_A.front_door,True,True,3132,3157,3118,3171,39,14,0.9832860296436455,0.9876464998416218,0.9955300127713921
calibration_scale_camera_1201,1201,scale_camera,sam2_1_tiny,37,1,car_A.front_door,True,True,3075,3074,3057,3092,17,18,0.9886804657179818,0.994469746258946,0.9941463414634146
calibration_scale_camera_1201,1201,scale_camera,sam2_1_tiny,38,1,car_A.front_door,True,True,2967,3020,2964,3023,56,3,0.9804829639431029,0.9814569536423841,0.9989888776541962
calibration_scale_camera_1201,1201,scale_camera,sam2_1_tiny,39,1,car_A.front_door,True,True,2916,2947,2903,2960,44,13,0.9807432432432432,0.9850695622667119,0.9955418381344308
calibration_scale_camera_1201,1201,scale_camera,sam2_1_tiny,40,1,car_A.front_door,True,True,2858,2919,2854,2923,65,4,0.976394115634622,0.9777321000342583,0.9986004198740378
calibration_scale_camera_1201,1201,scale_camera,sam2_1_tiny,41,1,car_A.front_door,True,True,2806,2861,2802,2865,59,4,0.9780104712041885,0.9793778399161133,0.9985744832501782
calibration_scale_camera_1201,1201,scale_camera,sam2_1_tiny,42,1,car_A.front_door,True,True,2805,2825,2795,2835,30,10,0.9858906525573192,0.9893805309734514,0.9964349376114082
calibration_scale_camera_1201,1201,scale_camera,sam2_1_tiny,43,1,car_A.front_door,True,True,2753,2776,2748,2781,28,5,0.9881337648327939,0.9899135446685879,0.9981837994914639
calibration_scale_camera_1201,1201,scale_camera,sam2_1_tiny,44,1,car_A.front_door,True,True,2753,2788,2748,2793,40,5,0.9838882921589689,0.9856527977044476,0.9981837994914639
calibration_scale_camera_1201,1201,scale_camera,sam2_1_tiny,45,1,car_A.front_door,True,True,2651,2727,2651,2727,76,0,0.9721305463879721,0.9721305463879721,1.0
calibration_scale_camera_1201,1201,scale_camera,sam2_1_tiny,46,1,car_A.front_door,True,True,2648,2712,2647,2713,65,1,0.9756726870622927,0.9760324483775811,0.9996223564954683
calibration_scale_camera_1201,1201,scale_camera,sam2_1_tiny,47,1,car_A.front_door,True,True,2648,2685,2644,2689,41,4,0.9832651543324656,0.984729981378026,0.9984894259818731
calibration_scale_camera_1201,1201,scale_camera,sam2_1_tiny,48,1,car_A.front_door,True,True,2647,2694,2645,2696,49,2,0.9810830860534124,0.98181143281366,0.9992444276539478
calibration_scale_camera_1201,1201,scale_camera,sam2_1_tiny,49,1,car_A.front_door,True,True,2648,2706,2646,2708,60,2,0.9771048744460856,0.9778270509977827,0.9992447129909365
calibration_scale_camera_1201,1201,scale_camera,sam2_1_tiny,50,1,car_A.front_door,True,True,2648,2706,2647,2707,59,1,0.9778352419652752,0.9781966001478196,0.9996223564954683
calibration_scale_camera_1201,1201,scale_camera,sam2_1_tiny,51,1,car_A.front_door,True,True,2651,2722,2651,2722,71,0,0.9739162380602499,0.9739162380602499,1.0
calibration_scale_camera_1201,1201,scale_camera,sam2_1_tiny,52,1,car_A.front_door,True,True,2753,2771,2747,2777,24,6,0.9891969751530428,0.9913388668350775,0.9978205593897567
calibration_scale_camera_1201,1201,scale_camera,sam2_1_tiny,53,1,car_A.front_door,True,True,2753,2772,2747,2778,25,6,0.9888408927285817,0.990981240981241,0.9978205593897567
calibration_scale_camera_1201,1201,scale_camera,sam2_1_tiny,54,1,car_A.front_door,True,True,2805,2822,2785,2842,37,20,0.9799437016185785,0.986888731396173,0.9928698752228164
calibration_scale_camera_1201,1201,scale_camera,sam2_1_tiny,55,1,car_A.front_door,True,True,2806,2855,2802,2859,53,4,0.9800629590766002,0.9814360770577933,0.9985744832501782
calibration_scale_camera_1201,1201,scale_camera,sam2_1_tiny,56,1,car_A.front_door,True,True,2858,2908,2852,2914,56,6,0.9787234042553191,0.9807427785419532,0.9979006298110566
calibration_scale_camera_1201,1201,scale_camera,sam2_1_tiny,57,1,car_A.front_door,True,True,2916,2952,2907,2961,45,9,0.9817629179331308,0.9847560975609756,0.9969135802469136
calibration_scale_camera_1201,1201,scale_camera,sam2_1_tiny,58,1,car_A.front_door,True,True,2967,3017,2965,3019,52,2,0.9821132825438887,0.9827643354325489,0.9993259184361307
calibration_scale_camera_1201,1201,scale_camera,sam2_1_tiny,59,1,car_A.front_door,True,True,3075,3089,3057,3107,32,18,0.9839073060830383,0.989640660407899,0.9941463414634146
calibration_scale_camera_1201,1201,scale_camera,sam2_1_tiny,60,1,car_A.front_door,True,True,3132,3156,3123,3165,33,9,0.9867298578199052,0.9895437262357415,0.9971264367816092
calibration_scale_camera_1201,1201,scale_camera,sam2_1_tiny,61,1,car_A.front_door,True,True,3190,3189,3175,3204,14,15,0.9909488139825219,0.995609909062402,0.9952978056426333
calibration_scale_camera_1201,1201,scale_camera,sam2_1_tiny,62,1,car_A.front_door,True,True,3190,3238,3188,3240,50,2,0.9839506172839506,0.9845583693638048,0.9993730407523511
calibration_scale_camera_1201,1201,scale_camera,sam2_1_tiny,63,1,car_A.front_door,True,True,3304,3301,3301,3304,0,3,0.99909200968523,1.0,0.99909200968523
calibration_scale_camera_1201,1201,scale_camera,sam2_1_tiny,1,2,car_A.window,True,True,2052,2050,2050,2052,0,2,0.9990253411306043,1.0,0.9990253411306043
calibration_scale_camera_1201,1201,scale_camera,sam2_1_tiny,2,2,car_A.window,True,True,2052,2050,2050,2052,0,2,0.9990253411306043,1.0,0.9990253411306043
calibration_scale_camera_1201,1201,scale_camera,sam2_1_tiny,3,2,car_A.window,True,True,2052,2050,2050,2052,0,2,0.9990253411306043,1.0,0.9990253411306043
calibration_scale_camera_1201,1201,scale_camera,sam2_1_tiny,4,2,car_A.window,True,True,2089,2148,2069,2168,79,20,0.9543357933579336,0.9632216014897579,0.990426041168023
calibration_scale_camera_1201,1201,scale_camera,sam2_1_tiny,5,2,car_A.window,True,True,2146,2187,2138,2195,49,8,0.9740318906605923,0.9775948788294467,0.9962721342031687
calibration_scale_camera_1201,1201,scale_camera,sam2_1_tiny,6,2,car_A.window,True,True,2147,2219,2144,2222,75,3,0.9648964896489649,0.9662009914375845,0.9986027014438752
calibration_scale_camera_1201,1201,scale_camera,sam2_1_tiny,7,2,car_A.window,True,True,2242,2240,2218,2264,22,24,0.9796819787985865,0.9901785714285715,0.9892952720785013
calibration_scale_camera_1201,1201,scale_camera,sam2_1_tiny,8,2,car_A.window,True,True,2276,2326,2272,2330,54,4,0.975107296137339,0.9767841788478074,0.9982425307557118
calibration_scale_camera_1201,1201,scale_camera,sam2_1_tiny,9,2,car_A.window,True,True,2279,2323,2260,2342,63,19,0.9649871904355252,0.9728798966853207,0.9916630100921456
calibration_scale_camera_1201,1201,scale_camera,sam2_1_tiny,10,2,car_A.window,True,True,2336,2359,2321,2374,38,15,0.9776748104465038,0.9838914794404409,0.9935787671232876
calibration_scale_camera_1201,1201,scale_camera,sam2_1_tiny,11,2,car_A.window,True,True,2378,2431,2362,2447,69,16,0.9652635880670208,0.9716166186754422,0.9932716568544996
calibration_scale_camera_1201,1201,scale_camera,sam2_1_tiny,12,2,car_A.window,True,True,2413,2467,2399,2481,68,14,0.9669488109633212,0.9724361572760438,0.9941980936593452
calibration_scale_camera_1201,1201,scale_camera,sam2_1_tiny,13,2,car_A.window,True,True,2472,2459,2436,2495,23,36,0.9763527054108216,0.9906466043106954,0.9854368932038835
calibration_scale_camera_1201,1201,scale_camera,sam2_1_tiny,14,2,car_A.window,True,True,2472,2460,2435,2497,25,37,0.9751702042450942,0.9898373983739838,0.985032362459547
calibration_scale_camera_1201,1201,scale_camera,sam2_1_tiny,15,2,car_A.window,True,True,2513,2529,2484,2558,45,29,0.9710711493354183,0.9822064056939501,0.9884600079586152
calibration_scale_camera_1201,1201,scale_camera,sam2_1_tiny,16,2,car_A.window,True,True,2478,2546,2462,2562,84,16,0.960967993754879,0.96700706991359,0.993543179983858
calibration_scale_camera_1201,1201,scale_camera,sam2_1_tiny,17,2,car_A.window,True,True,2478,2546,2461,2563,85,17,0.9602028872415138,0.9666142969363708,0.9931396287328491
calibration_scale_camera_1201,1201,scale_camera,sam2_1_tiny,18,2,car_A.window,True,True,2478,2540,2462,2556,78,16,0.9632237871674492,0.9692913385826771,0.993543179983858
calibration_scale_camera_1201,1201,scale_camera,sam2_1_tiny,19,2,car_A.window,True,True,2478,2534,2455,2557,79,23,0.9601095033242081,0.9688239936858721,0.9907183212267958
calibration_scale_camera_1201,1201,scale_camera,sam2_1_tiny,20,2,car_A.window,True,True,2478,2532,2457,2553,75,21,0.9623971797884842,0.9703791469194313,0.9915254237288136
calibration_scale_camera_1201,1201,scale_camera,sam2_1_tiny,21,2,car_A.window,True,True,2513,2524,2484,2553,40,29,0.972972972972973,0.9841521394611727,0.9884600079586152
calibration_scale_camera_1201,1201,scale_camera,sam2_1_tiny,22,2,car_A.window,True,True,2472,2505,2451,2526,54,21,0.9703087885985748,0.9784431137724551,0.991504854368932
calibration_scale_camera_1201,1201,scale_camera,sam2_1_tiny,23,2,car_A.window,True,True,2472,2501,2454,2519,47,18,0.9741961095672886,0.9812075169932027,0.9927184466019418
calibration_scale_camera_1201,1201,scale_camera,sam2_1_tiny,24,2,car_A.window,True,True,2413,2458,2393,2478,65,20,0.9656981436642453,0.9735557363710333,0.9917115623704932
calibration_scale_camera_1201,1201,scale_camera,sam2_1_tiny,25,2,car_A.window,True,True,2378,2428,2356,2450,72,22,0.9616326530612245,0.9703459637561779,0.990748528174937
calibration_scale_camera_1201,1201,scale_camera,sam2_1_tiny,26,2,car_A.window,True,True,2336,2387,2322,2401,65,14,0.9670970428987922,0.9727691663175534,0.9940068493150684
calibration_scale_camera_1201,1201,scale_camera,sam2_1_tiny,27,2,car_A.window,True,True,2279,2348,2259,2368,89,20,0.9539695945945946,0.9620954003407155,0.991224221149627
calibration_scale_camera_1201,1201,scale_camera,sam2_1_tiny,28,2,car_A.window,True,True,2276,2319,2268,2327,51,8,0.974645466265578,0.9780077619663649,0.9964850615114236
calibration_scale_camera_1201,1201,scale_camera,sam2_1_tiny,29,2,car_A.window,True,True,2242,2257,2222,2277,35,20,0.9758454106280193,0.9844926894107222,0.9910793933987511
calibration_scale_camera_1201,1201,scale_camera,sam2_1_tiny,30,2,car_A.window,True,True,2147,2212,2139,2220,73,8,0.9635135135135136,0.966998191681736,0.9962738705170004
calibration_scale_camera_1201,1201,scale_camera,sam2_1_tiny,31,2,car_A.window,True,True,2146,2172,2141,2177,31,5,0.9834634818557648,0.9857274401473296,0.9976700838769804
calibration_scale_camera_1201,1201,scale_camera,sam2_1_tiny,32,2,car_A.window,True,True,2089,2120,2082,2127,38,7,0.9788434414668548,0.9820754716981132,0.996649114408808
calibration_scale_camera_1201,1201,scale_camera,sam2_1_tiny,33,2,car_A.window,True,True,2052,2072,2050,2074,22,2,0.9884281581485053,0.9893822393822393,0.9990253411306043
calibration_scale_camera_1201,1201,scale_camera,sam2_1_tiny,34,2,car_A.window,True,True,2015,2066,2002,2079,64,13,0.9629629629629629,0.9690222652468539,0.9935483870967742
calibration_scale_camera_1201,1201,scale_camera,sam2_1_tiny,35,2,car_A.window,True,True,1958,1997,1945,2010,52,13,0.9676616915422885,0.9739609414121182,0.9933605720122574
calibration_scale_camera_1201,1201,scale_camera,sam2_1_tiny,36,2,car_A.window,True,True,1961,1971,1953,1979,18,8,0.9868620515411825,0.9908675799086758,0.9959204487506375
calibration_scale_camera_1201,1201,scale_camera,sam2_1_tiny,37,2,car_A.window,True,True,1869,1933,1863,1939,70,6,0.960804538421867,0.9637868598034144,0.9967897271268058
calibration_scale_camera_1201,1201,scale_camera,sam2_1_tiny,38,2,car_A.window,True,True,1835,1884,1831,1888,53,4,0.9698093220338984,0.971868365180467,0.9978201634877384
calibration_scale_camera_1201,1201,scale_camera,sam2_1_tiny,39,2,car_A.window,True,True,1830,1856,1819,1867,37,11,0.9742903053026245,0.9800646551724138,0.9939890710382514
calibration_scale_camera_1201,1201,scale_camera,sam2_1_tiny,40,2,car_A.window,True,True,1777,1824,1768,1833,56,9,0.9645390070921985,0.9692982456140351,0.9949352841868317
calibration_scale_camera_1201,1201,scale_camera,sam2_1_tiny,41,2,car_A.window,True,True,1746,1788,1740,1794,48,6,0.9698996655518395,0.9731543624161074,0.9965635738831615
calibration_scale_camera_1201,1201,scale_camera,sam2_1_tiny,42,2,car_A.window,True,True,1716,1762,1712,1766,50,4,0.9694224235560589,0.9716231555051078,0.9976689976689976
calibration_scale_camera_1201,1201,scale_camera,sam2_1_tiny,43,2,car_A.window,True,True,1663,1735,1661,1737,74,2,0.9562464018422567,0.9573487031700288,0.9987973541791942
calibration_scale_camera_1201,1201,scale_camera,sam2_1_tiny,44,2,car_A.window,True,True,1665,1745,1662,1748,83,3,0.9508009153318078,0.9524355300859599,0.9981981981981982
calibration_scale_camera_1201,1201,scale_camera,sam2_1_tiny,45,2,car_A.window,True,True,1634,1718,1632,1720,86,2,0.9488372093023256,0.9499417927823051,0.9987760097919217
calibration_scale_camera_1201,1201,scale_camera,sam2_1_tiny,46,2,car_A.window,True,True,1661,1678,1648,1691,30,13,0.9745712596096984,0.9821215733015495,0.9921733895243829
calibration_scale_camera_1201,1201,scale_camera,sam2_1_tiny,47,2,car_A.window,True,True,1658,1718,1655,1721,63,3,0.9616502033701336,0.9633294528521537,0.9981905910735827
calibration_scale_camera_1201,1201,scale_camera,sam2_1_tiny,48,2,car_A.window,True,True,1661,1680,1650,1691,30,11,0.9757539917208752,0.9821428571428571,0.9933774834437086
calibration_scale_camera_1201,1201,scale_camera,sam2_1_tiny,49,2,car_A.window,True,True,1658,1686,1651,1693,35,7,0.9751919669226226,0.9792408066429419,0.9957780458383595
calibration_scale_camera_1201,1201,scale_camera,sam2_1_tiny,50,2,car_A.window,True,True,1661,1688,1652,1697,36,9,0.9734826163818503,0.9786729857819905,0.9945815773630343
calibration_scale_camera_1201,1201,scale_camera,sam2_1_tiny,51,2,car_A.window,True,True,1634,1694,1631,1697,63,3,0.9611078373600471,0.9628099173553719,0.9981640146878825
calibration_scale_camera_1201,1201,scale_camera,sam2_1_tiny,52,2,car_A.window,True,True,1665,1706,1656,1715,50,9,0.965597667638484,0.9706916764361079,0.9945945945945946
calibration_scale_camera_1201,1201,scale_camera,sam2_1_tiny,53,2,car_A.window,True,True,1663,1714,1658,1719,56,5,0.9645142524723677,0.9673278879813302,0.9969933854479855
calibration_scale_camera_1201,1201,scale_camera,sam2_1_tiny,54,2,car_A.window,True,True,1716,1742,1711,1747,31,5,0.9793932455638237,0.9822043628013777,0.997086247086247
calibration_scale_camera_1201,1201,scale_camera,sam2_1_tiny,55,2,car_A.window,True,True,1746,1772,1741,1777,31,5,0.979741136747327,0.9825056433408578,0.9971363115693013
calibration_scale_camera_1201,1201,scale_camera,sam2_1_tiny,56,2,car_A.window,True,True,1777,1812,1771,1818,41,6,0.9741474147414741,0.9773730684326711,0.9966235227912211
calibration_scale_camera_1201,1201,scale_camera,sam2_1_tiny,57,2,car_A.window,True,True,1830,1827,1816,1841,11,14,0.986420423682781,0.9939792008757526,0.9923497267759562
calibration_scale_camera_1201,1201,scale_camera,sam2_1_tiny,58,2,car_A.window,True,True,1835,1862,1833,1864,29,2,0.9833690987124464,0.9844253490870032,0.9989100817438692
calibration_scale_camera_1201,1201,scale_camera,sam2_1_tiny,59,2,car_A.window,True,True,1869,1909,1858,1920,51,11,0.9677083333333333,0.9732844421162913,0.9941144997324772
calibration_scale_camera_1201,1201,scale_camera,sam2_1_tiny,60,2,car_A.window,True,True,1961,1949,1944,1966,5,17,0.9888097660223805,0.9974345818368394,0.9913309535951046
calibration_scale_camera_1201,1201,scale_camera,sam2_1_tiny,61,2,car_A.window,True,True,1958,1963,1951,1970,12,7,0.9903553299492386,0.9938869077941925,0.9964249233912156
calibration_scale_camera_1201,1201,scale_camera,sam2_1_tiny,62,2,car_A.window,True,True,2015,2019,1995,2039,24,20,0.9784207945071113,0.9881129271916791,0.9900744416873449
calibration_scale_camera_1201,1201,scale_camera,sam2_1_tiny,63,2,car_A.window,True,True,2052,2050,2050,2052,0,2,0.9990253411306043,1.0,0.9990253411306043
calibration_scale_camera_1201,1201,scale_camera,sam2_1_tiny,1,3,car_B.front_door,True,True,3304,3301,3301,3304,0,3,0.99909200968523,1.0,0.99909200968523
calibration_scale_camera_1201,1201,scale_camera,sam2_1_tiny,2,3,car_B.front_door,True,True,3304,3301,3301,3304,0,3,0.99909200968523,1.0,0.99909200968523
calibration_scale_camera_1201,1201,scale_camera,sam2_1_tiny,3,3,car_B.front_door,True,True,3304,3301,3301,3304,0,3,0.99909200968523,1.0,0.99909200968523
calibration_scale_camera_1201,1201,scale_camera,sam2_1_tiny,4,3,car_B.front_door,True,True,3190,3239,3187,3242,52,3,0.9830351634793337,0.9839456622414325,0.9990595611285267
calibration_scale_camera_1201,1201,scale_camera,sam2_1_tiny,5,3,car_B.front_door,True,True,3190,3172,3161,3201,11,29,0.9875039050296782,0.9965321563682219,0.990909090909091
calibration_scale_camera_1201,1201,scale_camera,sam2_1_tiny,6,3,car_B.front_door,True,True,3132,3151,3116,3167,35,16,0.9838964319545311,0.9888924151063154,0.9948914431673053
calibration_scale_camera_1201,1201,scale_camera,sam2_1_tiny,7,3,car_B.front_door,True,True,3075,3087,3053,3109,34,22,0.9819877774203924,0.9889860706187237,0.9928455284552845
calibration_scale_camera_1201,1201,scale_camera,sam2_1_tiny,8,3,car_B.front_door,True,True,2967,3011,2965,3013,46,2,0.9840690341851974,0.9847226834938558,0.9993259184361307
calibration_scale_camera_1201,1201,scale_camera,sam2_1_tiny,9,3,car_B.front_door,True,True,2916,2948,2909,2955,39,7,0.9844331641285956,0.9867706919945726,0.997599451303155
calibration_scale_camera_1201,1201,scale_camera,sam2_1_tiny,10,3,car_B.front_door,True,True,2858,2912,2852,2918,60,6,0.9773817683344757,0.9793956043956044,0.9979006298110566
calibration_scale_camera_1201,1201,scale_camera,sam2_1_tiny,11,3,car_B.front_door,True,True,2806,2859,2799,2866,60,7,0.9766224703419399,0.9790136411332634,0.9975053456878118
calibration_scale_camera_1201,1201,scale_camera,sam2_1_tiny,12,3,car_B.front_door,True,True,2805,2813,2793,2825,20,12,0.9886725663716814,0.9928901528617134,0.9957219251336898
calibration_scale_camera_1201,1201,scale_camera,sam2_1_tiny,13,3,car_B.front_door,True,True,2753,2779,2745,2787,34,8,0.984930032292788,0.9877653832313782,0.9970940791863422
calibration_scale_camera_1201,1201,scale_camera,sam2_1_tiny,14,3,car_B.front_door,True,True,2753,2775,2748,2780,27,5,0.9884892086330935,0.9902702702702703,0.9981837994914639
calibration_scale_camera_1201,1201,scale_camera,sam2_1_tiny,15,3,car_B.front_door,True,True,2651,2715,2650,2716,65,1,0.975699558173785,0.9760589318600368,0.999622783855149
calibration_scale_camera_1201,1201,scale_camera,sam2_1_tiny,16,3,car_B.front_door,True,True,2648,2697,2646,2699,51,2,0.9803630974434976,0.9810901001112347,0.9992447129909365
calibration_scale_camera_1201,1201,scale_camera,sam2_1_tiny,17,3,car_B.front_door,True,True,2648,2695,2644,2699,51,4,0.9796220822526862,0.9810760667903525,0.9984894259818731
calibration_scale_camera_1201,1201,scale_camera,sam2_1_tiny,18,3,car_B.front_door,True,True,2647,2706,2642,2711,64,5,0.9745481372187385,0.9763488543976349,0.9981110691348697
calibration_scale_camera_1201,1201,scale_camera,sam2_1_tiny,19,3,car_B.front_door,True,True,2648,2706,2646,2708,60,2,0.9771048744460856,0.9778270509977827,0.9992447129909365
calibration_scale_camera_1201,1201,scale_camera,sam2_1_tiny,20,3,car_B.front_door,True,True,2648,2698,2645,2701,53,3,0.9792669381710477,0.980355819125278,0.9988670694864048
calibration_scale_camera_1201,1201,scale_camera,sam2_1_tiny,21,3,car_B.front_door,True,True,2651,2717,2651,2717,66,0,0.9757085020242915,0.9757085020242915,1.0
calibration_scale_camera_1201,1201,scale_camera,sam2_1_tiny,22,3,car_B.front_door,True,True,2753,2769,2742,2780,27,11,0.9863309352517986,0.9902491874322861,0.9960043588812205
calibration_scale_camera_1201,1201,scale_camera,sam2_1_tiny,23,3,car_B.front_door,True,True,2753,2771,2747,2777,24,6,0.9891969751530428,0.9913388668350775,0.9978205593897567
calibration_scale_camera_1201,1201,scale_camera,sam2_1_tiny,24,3,car_B.front_door,True,True,2805,2809,2789,2825,20,16,0.9872566371681416,0.9928800284798861,0.9942959001782531
calibration_scale_camera_1201,1201,scale_camera,sam2_1_tiny,25,3,car_B.front_door,True,True,2806,2857,2802,2861,55,4,0.9793778399161133,0.9807490374518726,0.9985744832501782
calibration_scale_camera_1201,1201,scale_camera,sam2_1_tiny,26,3,car_B.front_door,True,True,2858,2896,2847,2907,49,11,0.9793601651186791,0.9830801104972375,0.9961511546536039
calibration_scale_camera_1201,1201,scale_camera,sam2_1_tiny,27,3,car_B.front_door,True,True,2916,2948,2903,2961,45,13,0.9804120229652145,0.9847354138398915,0.9955418381344308
calibration_scale_camera_1201,1201,scale_camera,sam2_1_tiny,28,3,car_B.front_door,True,True,2967,3002,2964,3005,38,3,0.9863560732113145,0.9873417721518988,0.9989888776541962
calibration_scale_camera_1201,1201,scale_camera,sam2_1_tiny,29,3,car_B.front_door,True,True,3075,3099,3064,3110,35,11,0.985209003215434,0.9887060342045821,0.9964227642276423
calibration_scale_camera_1201,1201,scale_camera,sam2_1_tiny,30,3,car_B.front_door,True,True,3132,3133,3106,3159,27,26,0.9832225387780943,0.991382061921481,0.991698595146871
calibration_scale_camera_1201,1201,scale_camera,sam2_1_tiny,31,3,car_B.front_door,True,True,3190,3187,3172,3205,15,18,0.9897035881435258,0.995293379353624,0.9943573667711598
calibration_scale_camera_1201,1201,scale_camera,sam2_1_tiny,32,3,car_B.front_door,True,True,3190,3255,3189,3256,66,1,0.9794226044226044,0.9797235023041475,0.9996865203761756
calibration_scale_camera_1201,1201,scale_camera,sam2_1_tiny,33,3,car_B.front_door,True,True,3304,3301,3301,3304,0,3,0.99909200968523,1.0,0.99909200968523
calibration_scale_camera_1201,1201,scale_camera,sam2_1_tiny,34,3,car_B.front_door,True,True,3420,3402,3393,3429,9,27,0.989501312335958,0.9973544973544973,0.9921052631578947
calibration_scale_camera_1201,1201,scale_camera,sam2_1_tiny,35,3,car_B.front_door,True,True,3420,3468,3412,3476,56,8,0.9815880322209436,0.9838523644752019,0.9976608187134502
calibration_scale_camera_1201,1201,scale_camera,sam2_1_tiny,36,3,car_B.front_door,True,True,3481,3525,3455,3551,70,26,0.9729653618698958,0.9801418439716312,0.9925308819304798
calibration_scale_camera_1201,1201,scale_camera,sam2_1_tiny,37,3,car_B.front_door,True,True,3535,3576,3532,3579,44,3,0.9868678401788209,0.9876957494407159,0.9991513437057992
calibration_scale_camera_1201,1201,scale_camera,sam2_1_tiny,38,3,car_B.front_door,True,True,3659,3682,3630,3711,52,29,0.9781729991915926,0.9858772406300923,0.9920743372506149
calibration_scale_camera_1201,1201,scale_camera,sam2_1_tiny,39,3,car_B.front_door,True,True,3713,3739,3705,3747,34,8,0.988791032826261,0.990906659534635,0.9978454080258551
calibration_scale_camera_1201,1201,scale_camera,sam2_1_tiny,40,3,car_B.front_door,True,True,3777,3792,3755,3814,37,22,0.9845306764551652,0.9902426160337553,0.9941752713794016
calibration_scale_camera_1201,1201,scale_camera,sam2_1_tiny,41,3,car_B.front_door,True,True,3842,3851,3809,3884,42,33,0.9806900102986612,0.9890937418852246,0.991410723581468
calibration_scale_camera_1201,1201,scale_camera,sam2_1_tiny,42,3,car_B.front_door,True,True,3837,3894,3833,3898,61,4,0.9833247819394562,0.9843348741653827,0.99895751889497
calibration_scale_camera_1201,1201,scale_camera,sam2_1_tiny,43,3,car_B.front_door,True,True,3904,3936,3891,3949,45,13,0.9853127374018739,0.9885670731707317,0.9966700819672131
calibration_scale_camera_1201,1201,scale_camera,sam2_1_tiny,44,3,car_B.front_door,True,True,3904,3930,3887,3947,43,17,0.9847985812009121,0.989058524173028,0.9956454918032787
calibration_scale_camera_1201,1201,scale_camera,sam2_1_tiny,45,3,car_B.front_door,True,True,4034,4012,3988,4058,24,46,0.9827501232134056,0.9940179461615155,0.9885969261279127
calibration_scale_camera_1201,1201,scale_camera,sam2_1_tiny,46,3,car_B.front_door,True,True,4031,4022,3987,4066,35,44,0.9805705853418594,0.9912978617603182,0.9890845943934508
calibration_scale_camera_1201,1201,scale_camera,sam2_1_tiny,47,3,car_B.front_door,True,True,4031,4024,3991,4064,33,40,0.9820374015748031,0.9917992047713717,0.9900769039940461
calibration_scale_camera_1201,1201,scale_camera,sam2_1_tiny,48,3,car_B.front_door,True,True,4031,4021,3989,4063,32,42,0.9817868570022151,0.9920417806515792,0.9895807491937485
calibration_scale_camera_1201,1201,scale_camera,sam2_1_tiny,49,3,car_B.front_door,True,True,4031,4026,3995,4062,31,36,0.9835056622353521,0.9923000496770988,0.9910692135946415
calibration_scale_camera_1201,1201,scale_camera,sam2_1_tiny,50,3,car_B.front_door,True,True,4031,4016,3986,4061,30,45,0.9815316424525978,0.9925298804780877,0.9888365169933019
calibration_scale_camera_1201,1201,scale_camera,sam2_1_tiny,51,3,car_B.front_door,True,True,4034,3997,3980,4051,17,54,0.9824734633423846,0.9957468101075807,0.9866137828458106
calibration_scale_camera_1201,1201,scale_camera,sam2_1_tiny,52,3,car_B.front_door,True,True,3904,3931,3885,3950,46,19,0.9835443037974684,0.9882981429661664,0.9951331967213115
calibration_scale_camera_1201,1201,scale_camera,sam2_1_tiny,53,3,car_B.front_door,True,True,3904,3933,3887,3950,46,17,0.9840506329113924,0.9883040935672515,0.9956454918032787
calibration_scale_camera_1201,1201,scale_camera,sam2_1_tiny,54,3,car_B.front_door,True,True,3837,3890,3831,3896,59,6,0.9833162217659137,0.9848329048843187,0.9984362783424551
calibration_scale_camera_1201,1201,scale_camera,sam2_1_tiny,55,3,car_B.front_door,True,True,3842,3853,3813,3882,40,29,0.982225656877898,0.9896184791071893,0.9924518479958355
calibration_scale_camera_1201,1201,scale_camera,sam2_1_tiny,56,3,car_B.front_door,True,True,3777,3789,3749,3817,40,28,0.9821849620120513,0.9894431248350488,0.9925867090283294
calibration_scale_camera_1201,1201,scale_camera,sam2_1_tiny,57,3,car_B.front_door,True,True,3713,3735,3703,3745,32,10,0.9887850467289719,0.9914323962516733,0.9973067600323189
calibration_scale_camera_1201,1201,scale_camera,sam2_1_tiny,58,3,car_B.front_door,True,True,3659,3697,3636,3720,61,23,0.9774193548387097,0.9835001352447931,0.9937141295435912
calibration_scale_camera_1201,1201,scale_camera,sam2_1_tiny,59,3,car_B.front_door,True,True,3535,3611,3532,3614,79,3,0.9773104593248478,0.9781224037662697,0.9991513437057992
calibration_scale_camera_1201,1201,scale_camera,sam2_1_tiny,60,3,car_B.front_door,True,True,3481,3521,3457,3545,64,24,0.9751763046544428,0.981823345640443,0.993105429474289
calibration_scale_camera_1201,1201,scale_camera,sam2_1_tiny,61,3,car_B.front_door,True,True,3420,3500,3417,3503,83,3,0.9754496146160434,0.9762857142857143,0.9991228070175439
calibration_scale_camera_1201,1201,scale_camera,sam2_1_tiny,62,3,car_B.front_door,True,True,3420,3418,3400,3438,18,20,0.9889470622454916,0.994733762434172,0.9941520467836257
calibration_scale_camera_1201,1201,scale_camera,sam2_1_tiny,63,3,car_B.front_door,True,True,3304,3308,3302,3310,6,2,0.997583081570997,0.998186215235792,0.9993946731234867
calibration_scale_camera_1201,1201,scale_camera,sam2_1_tiny,1,4,car_B.window,True,True,2052,2051,2051,2052,0,1,0.9995126705653021,1.0,0.9995126705653021
calibration_scale_camera_1201,1201,scale_camera,sam2_1_tiny,2,4,car_B.window,True,True,2052,2051,2051,2052,0,1,0.9995126705653021,1.0,0.9995126705653021
calibration_scale_camera_1201,1201,scale_camera,sam2_1_tiny,3,4,car_B.window,True,True,2052,2051,2051,2052,0,1,0.9995126705653021,1.0,0.9995126705653021
calibration_scale_camera_1201,1201,scale_camera,sam2_1_tiny,4,4,car_B.window,True,True,2015,2031,2003,2043,28,12,0.9804209495839452,0.9862136878385032,0.994044665012407
calibration_scale_camera_1201,1201,scale_camera,sam2_1_tiny,5,4,car_B.window,True,True,1958,1980,1948,1990,32,10,0.978894472361809,0.9838383838383838,0.9948927477017364
calibration_scale_camera_1201,1201,scale_camera,sam2_1_tiny,6,4,car_B.window,True,True,1961,1938,1933,1966,5,28,0.9832146490335707,0.9974200206398349,0.985721570627231
calibration_scale_camera_1201,1201,scale_camera,sam2_1_tiny,7,4,car_B.window,True,True,1869,1893,1853,1909,40,16,0.9706652697747512,0.9788695192815636,0.9914392723381488
calibration_scale_camera_1201,1201,scale_camera,sam2_1_tiny,8,4,car_B.window,True,True,1835,1850,1833,1852,17,2,0.9897408207343412,0.9908108108108108,0.9989100817438692
calibration_scale_camera_1201,1201,scale_camera,sam2_1_tiny,9,4,car_B.window,True,True,1830,1813,1802,1841,11,28,0.9788158609451385,0.9939327082184225,0.9846994535519126
calibration_scale_camera_1201,1201,scale_camera,sam2_1_tiny,10,4,car_B.window,True,True,1777,1796,1765,1808,31,12,0.9762168141592921,0.982739420935412,0.9932470455824424
calibration_scale_camera_1201,1201,scale_camera,sam2_1_tiny,11,4,car_B.window,True,True,1746,1756,1734,1768,22,12,0.9807692307692307,0.9874715261958997,0.993127147766323
calibration_scale_camera_1201,1201,scale_camera,sam2_1_tiny,12,4,car_B.window,True,True,1716,1725,1707,1734,18,9,0.9844290657439446,0.9895652173913043,0.9947552447552448
calibration_scale_camera_1201,1201,scale_camera,sam2_1_tiny,13,4,car_B.window,True,True,1663,1700,1654,1709,46,9,0.967817437097718,0.9729411764705882,0.994588093806374
calibration_scale_camera_1201,1201,scale_camera,sam2_1_tiny,14,4,car_B.window,True,True,1665,1702,1655,1712,47,10,0.9667056074766355,0.9723854289071681,0.993993993993994
calibration_scale_camera_1201,1201,scale_camera,sam2_1_tiny,15,4,car_B.window,True,True,1634,1676,1632,1678,44,2,0.9725864123957092,0.9737470167064439,0.9987760097919217
calibration_scale_camera_1201,1201,scale_camera,sam2_1_tiny,16,4,car_B.window,True,True,1661,1675,1647,1689,28,14,0.9751332149200711,0.9832835820895522,0.99157134256472
calibration_scale_camera_1201,1201,scale_camera,sam2_1_tiny,17,4,car_B.window,True,True,1658,1677,1645,1690,32,13,0.9733727810650887,0.9809183064997018,0.9921592279855247
calibration_scale_camera_1201,1201,scale_camera,sam2_1_tiny,18,4,car_B.window,True,True,1661,1669,1643,1687,26,18,0.973918197984588,0.9844218094667465,0.9891631547260686
calibration_scale_camera_1201,1201,scale_camera,sam2_1_tiny,19,4,car_B.window,True,True,1658,1673,1646,1685,27,12,0.9768545994065282,0.9838613269575612,0.9927623642943305
calibration_scale_camera_1201,1201,scale_camera,sam2_1_tiny,20,4,car_B.window,True,True,1661,1678,1650,1689,28,11,0.9769094138543517,0.9833134684147795,0.9933774834437086
calibration_scale_camera_1201,1201,scale_camera,sam2_1_tiny,21,4,car_B.window,True,True,1634,1676,1633,1677,43,1,0.97376267143709,0.9743436754176611,0.9993880048959608
calibration_scale_camera_1201,1201,scale_camera,sam2_1_tiny,22,4,car_B.window,True,True,1665,1701,1653,1713,48,12,0.9649737302977233,0.9717813051146384,0.9927927927927928
calibration_scale_camera_1201,1201,scale_camera,sam2_1_tiny,23,4,car_B.window,True,True,1663,1696,1655,1704,41,8,0.971244131455399,0.9758254716981132,0.995189416716777
calibration_scale_camera_1201,1201,scale_camera,sam2_1_tiny,24,4,car_B.window,True,True,1716,1728,1709,1735,19,7,0.985014409221902,0.9890046296296297,0.995920745920746
calibration_scale_camera_1201,1201,scale_camera,sam2_1_tiny,25,4,car_B.window,True,True,1746,1757,1732,1771,25,14,0.9779785431959345,0.9857712009106432,0.9919816723940436
calibration_scale_camera_1201,1201,scale_camera,sam2_1_tiny,26,4,car_B.window,True,True,1777,1803,1764,1816,39,13,0.9713656387665198,0.978369384359401,0.9926842993809791
calibration_scale_camera_1201,1201,scale_camera,sam2_1_tiny,27,4,car_B.window,True,True,1830,1822,1814,1838,8,16,0.9869423286180631,0.995609220636663,0.9912568306010929
calibration_scale_camera_1201,1201,scale_camera,sam2_1_tiny,28,4,car_B.window,True,True,1835,1859,1831,1863,28,4,0.9828234031132582,0.9849381387842926,0.9978201634877384
calibration_scale_camera_1201,1201,scale_camera,sam2_1_tiny,29,4,car_B.window,True,True,1869,1902,1857,1914,45,12,0.9702194357366771,0.9763406940063092,0.9935794542536116
calibration_scale_camera_1201,1201,scale_camera,sam2_1_tiny,30,4,car_B.window,True,True,1961,1961,1945,1977,16,16,0.9838138593829034,0.9918408975012749,0.9918408975012749
calibration_scale_camera_1201,1201,scale_camera,sam2_1_tiny,31,4,car_B.window,True,True,1958,1978,1945,1991,33,13,0.9768960321446509,0.9833164812942367,0.9933605720122574
calibration_scale_camera_1201,1201,scale_camera,sam2_1_tiny,32,4,car_B.window,True,True,2015,2032,1998,2049,34,17,0.9751098096632503,0.9832677165354331,0.9915632754342432
calibration_scale_camera_1201,1201,scale_camera,sam2_1_tiny,33,4,car_B.window,True,True,2052,2050,2050,2052,0,2,0.9990253411306043,1.0,0.9990253411306043
calibration_scale_camera_1201,1201,scale_camera,sam2_1_tiny,34,4,car_B.window,True,True,2089,2093,2067,2115,26,22,0.9773049645390071,0.9875776397515528,0.9894686452848253
calibration_scale_camera_1201,1201,scale_camera,sam2_1_tiny,35,4,car_B.window,True,True,2146,2142,2131,2157,11,15,0.9879462216040797,0.9948646125116714,0.9930102516309413
calibration_scale_camera_1201,1201,scale_camera,sam2_1_tiny,36,4,car_B.window,True,True,2147,2188,2140,2195,48,7,0.9749430523917996,0.9780621572212066,0.9967396367023754
calibration_scale_camera_1201,1201,scale_camera,sam2_1_tiny,37,4,car_B.window,True,True,2242,2236,2219,2259,17,23,0.9822930500221337,0.9923971377459749,0.9897413024085637
calibration_scale_camera_1201,1201,scale_camera,sam2_1_tiny,38,4,car_B.window,True,True,2276,2279,2259,2296,20,17,0.9838850174216028,0.991224221149627,0.9925307557117751
calibration_scale_camera_1201,1201,scale_camera,sam2_1_tiny,39,4,car_B.window,True,True,2279,2326,2262,2343,64,17,0.9654289372599232,0.9724849527085124,0.9925405879771829
calibration_scale_camera_1201,1201,scale_camera,sam2_1_tiny,40,4,car_B.window,True,True,2336,2351,2322,2365,29,14,0.9818181818181818,0.9876648234793705,0.9940068493150684
calibration_scale_camera_1201,1201,scale_camera,sam2_1_tiny,41,4,car_B.window,True,True,2378,2396,2360,2414,36,18,0.9776304888152444,0.9849749582637729,0.992430613961312
calibration_scale_camera_1201,1201,scale_camera,sam2_1_tiny,42,4,car_B.window,True,True,2413,2419,2387,2445,32,26,0.9762781186094069,0.9867713931376602,0.9892250310816411
calibration_scale_camera_1201,1201,scale_camera,sam2_1_tiny,43,4,car_B.window,True,True,2472,2459,2442,2489,17,30,0.9811169144234633,0.9930866205774705,0.9878640776699029
calibration_scale_camera_1201,1201,scale_camera,sam2_1_tiny,44,4,car_B.window,True,True,2472,2463,2443,2492,20,29,0.9803370786516854,0.9918798213560698,0.9882686084142395
calibration_scale_camera_1201,1201,scale_camera,sam2_1_tiny,45,4,car_B.window,True,True,2513,2483,2471,2525,12,42,0.9786138613861386,0.9951671365283931,0.9832869080779945
calibration_scale_camera_1201,1201,scale_camera,sam2_1_tiny,46,4,car_B.window,True,True,2478,2495,2451,2522,44,27,0.971847739888977,0.9823647294589178,0.9891041162227603
calibration_scale_camera_1201,1201,scale_camera,sam2_1_tiny,47,4,car_B.window,True,True,2478,2489,2448,2519,41,30,0.9718142119888845,0.9835275210928084,0.9878934624697336
calibration_scale_camera_1201,1201,scale_camera,sam2_1_tiny,48,4,car_B.window,True,True,2478,2493,2452,2519,41,26,0.9734021437078205,0.9835539510629764,0.9895076674737692
calibration_scale_camera_1201,1201,scale_camera,sam2_1_tiny,49,4,car_B.window,True,True,2478,2487,2447,2518,40,31,0.971803018268467,0.9839163650985122,0.9874899112187248
calibration_scale_camera_1201,1201,scale_camera,sam2_1_tiny,50,4,car_B.window,True,True,2478,2496,2453,2521,43,25,0.9730265767552558,0.9827724358974359,0.989911218724778
calibration_scale_camera_1201,1201,scale_camera,sam2_1_tiny,51,4,car_B.window,True,True,2513,2487,2471,2529,16,42,0.9770660340055358,0.9935665460394049,0.9832869080779945
calibration_scale_camera_1201,1201,scale_camera,sam2_1_tiny,52,4,car_B.window,True,True,2472,2462,2442,2492,20,30,0.9799357945425361,0.991876523151909,0.9878640776699029
calibration_scale_camera_1201,1201,scale_camera,sam2_1_tiny,53,4,car_B.window,True,True,2472,2458,2442,2488,16,30,0.9815112540192926,0.9934906427990235,0.9878640776699029
calibration_scale_camera_1201,1201,scale_camera,sam2_1_tiny,54,4,car_B.window,True,True,2413,2427,2393,2447,34,20,0.9779321618308132,0.9859909353110836,0.9917115623704932
calibration_scale_camera_1201,1201,scale_camera,sam2_1_tiny,55,4,car_B.window,True,True,2378,2396,2360,2414,36,18,0.9776304888152444,0.9849749582637729,0.992430613961312
calibration_scale_camera_1201,1201,scale_camera,sam2_1_tiny,56,4,car_B.window,True,True,2336,2354,2322,2368,32,14,0.9805743243243243,0.9864061172472387,0.9940068493150684
calibration_scale_camera_1201,1201,scale_camera,sam2_1_tiny,57,4,car_B.window,True,True,2279,2324,2260,2343,64,19,0.9645753307725139,0.9724612736660929,0.9916630100921456
calibration_scale_camera_1201,1201,scale_camera,sam2_1_tiny,58,4,car_B.window,True,True,2276,2286,2264,2298,22,12,0.9852045256744996,0.9903762029746281,0.9947275922671354
calibration_scale_camera_1201,1201,scale_camera,sam2_1_tiny,59,4,car_B.window,True,True,2242,2238,2223,2257,15,19,0.9849357554275587,0.9932975871313673,0.9915254237288136
calibration_scale_camera_1201,1201,scale_camera,sam2_1_tiny,60,4,car_B.window,True,True,2147,2186,2141,2192,45,6,0.9767335766423357,0.9794144556267155,0.9972054028877504
calibration_scale_camera_1201,1201,scale_camera,sam2_1_tiny,61,4,car_B.window,True,True,2146,2160,2143,2163,17,3,0.9907535829865927,0.9921296296296296,0.9986020503261882
calibration_scale_camera_1201,1201,scale_camera,sam2_1_tiny,62,4,car_B.window,True,True,2089,2104,2078,2115,26,11,0.9825059101654846,0.9876425855513308,0.9947343226424127
calibration_scale_camera_1201,1201,scale_camera,sam2_1_tiny,63,4,car_B.window,True,True,2052,2050,2050,2052,0,2,0.9990253411306043,1.0,0.9990253411306043
