scene,seed,condition,method,tubelet,first_frame,target,state,window,boundary,recovery,present,score,threshold,row,col,predicted_gt,hit,wrong_car,wrong_part,id_switch,chance
calibration_long_occlusion_1000,1000,long_occlusion,sam2_1_tiny,1,2,car_A.front_door,visible,1,False,False,True,1.0,0.9404296875,7,7,1,True,False,False,False,0.015625
calibration_long_occlusion_1000,1000,long_occlusion,sam2_1_tiny,2,4,car_A.front_door,visible,1,False,False,True,1.0,0.9404296875,7,7,1,True,False,False,False,0.015625
calibration_long_occlusion_1000,1000,long_occlusion,sam2_1_tiny,3,6,car_A.front_door,visible,1,False,False,True,1.0,0.9404296875,7,8,1,True,False,False,False,0.015625
calibration_long_occlusion_1000,1000,long_occlusion,sam2_1_tiny,4,8,car_A.front_door,visible,1,False,False,True,1.0,0.9404296875,7,9,1,True,False,False,False,0.010416666666666666
calibration_long_occlusion_1000,1000,long_occlusion,sam2_1_tiny,5,10,car_A.front_door,ambiguous,1,False,False,False,0.6875,0.9404296875,7,10,-2,False,False,False,False,0.0
calibration_long_occlusion_1000,1000,long_occlusion,sam2_1_tiny,6,12,car_A.front_door,absent,1,False,False,False,0.0,0.9404296875,0,0,-2,False,False,False,False,0.0
calibration_long_occlusion_1000,1000,long_occlusion,sam2_1_tiny,7,14,car_A.front_door,absent,1,False,False,False,0.0,0.9404296875,0,0,-2,False,False,False,False,0.0
calibration_long_occlusion_1000,1000,long_occlusion,sam2_1_tiny,8,16,car_A.front_door,absent,2,True,False,False,0.0,0.9404296875,0,0,-2,False,False,False,False,0.0
calibration_long_occlusion_1000,1000,long_occlusion,sam2_1_tiny,9,18,car_A.front_door,absent,2,False,False,False,0.0,0.9404296875,0,0,-2,False,False,False,False,0.0
calibration_long_occlusion_1000,1000,long_occlusion,sam2_1_tiny,10,20,car_A.front_door,absent,2,False,False,False,0.0,0.9404296875,0,0,-2,False,False,False,False,0.0
calibration_long_occlusion_1000,1000,long_occlusion,sam2_1_tiny,11,22,car_A.front_door,absent,2,False,False,False,0.0,0.9404296875,0,0,-2,False,False,False,False,0.0
calibration_long_occlusion_1000,1000,long_occlusion,sam2_1_tiny,12,24,car_A.front_door,absent,2,False,False,False,0.0,0.9404296875,0,0,-2,False,False,False,False,0.0
calibration_long_occlusion_1000,1000,long_occlusion,sam2_1_tiny,13,26,car_A.front_door,absent,2,False,False,False,0.0,0.9404296875,0,0,-2,False,False,False,False,0.0
calibration_long_occlusion_1000,1000,long_occlusion,sam2_1_tiny,14,28,car_A.front_door,absent,2,False,False,False,0.0,0.9404296875,0,0,-2,False,False,False,False,0.0
calibration_long_occlusion_1000,1000,long_occlusion,sam2_1_tiny,15,30,car_A.front_door,absent,2,False,False,False,0.0,0.9404296875,0,0,-2,False,False,False,False,0.0
calibration_long_occlusion_1000,1000,long_occlusion,sam2_1_tiny,16,32,car_A.front_door,absent,3,True,False,False,0.0,0.9404296875,0,0,-2,False,False,False,False,0.0
calibration_long_occlusion_1000,1000,long_occlusion,sam2_1_tiny,17,34,car_A.front_door,absent,3,False,False,False,0.0,0.9404296875,0,0,-2,False,False,False,False,0.0
calibration_long_occlusion_1000,1000,long_occlusion,sam2_1_tiny,18,36,car_A.front_door,absent,3,False,False,False,0.0,0.9404296875,0,0,-2,False,False,False,False,0.0
calibration_long_occlusion_1000,1000,long_occlusion,sam2_1_tiny,19,38,car_A.front_door,absent,3,False,False,False,0.0,0.9404296875,0,0,-2,False,False,False,False,0.0
calibration_long_occlusion_1000,1000,long_occlusion,sam2_1_tiny,20,40,car_A.front_door,absent,3,False,False,False,0.0,0.9404296875,0,0,-2,False,False,False,False,0.0
calibration_long_occlusion_1000,1000,long_occlusion,sam2_1_tiny,21,42,car_A.front_door,absent,3,False,False,False,0.0,0.9404296875,0,0,-2,False,False,False,False,0.0
calibration_long_occlusion_1000,1000,long_occlusion,sam2_1_tiny,22,44,car_A.front_door,absent,3,False,False,False,0.0,0.9404296875,0,0,-2,False,False,False,False,0.0
calibration_long_occlusion_1000,1000,long_occlusion,sam2_1_tiny,23,46,car_A.front_door,absent,3,False,False,False,0.0,0.9404296875,0,0,-2,False,False,False,False,0.0
calibration_long_occlusion_1000,1000,long_occlusion,sam2_1_tiny,24,48,car_A.front_door,absent,4,True,False,False,0.29296875,0.9404296875,7,10,-2,False,False,False,False,0.0
calibration_long_occlusion_1000,1000,long_occlusion,sam2_1_tiny,25,50,car_A.front_door,absent,4,False,False,True,1.0,0.9404296875,7,10,0,False,False,False,False,0.0
calibration_long_occlusion_1000,1000,long_occlusion,sam2_1_tiny,26,52,car_A.front_door,absent,4,False,False,True,1.0,0.9404296875,7,9,0,False,False,False,False,0.0
calibration_long_occlusion_1000,1000,long_occlusion,sam2_1_tiny,27,54,car_A.front_door,ambiguous,4,False,False,True,1.0,0.9404296875,7,8,0,False,False,False,False,0.0
calibration_long_occlusion_1000,1000,long_occlusion,sam2_1_tiny,28,56,car_A.front_door,visible,4,False,True,True,1.0,0.9404296875,7,10,1,True,False,False,False,0.010416666666666666
calibration_long_occlusion_1000,1000,long_occlusion,sam2_1_tiny,29,58,car_A.front_door,visible,4,False,False,True,1.0,0.9404296875,7,9,1,True,False,False,False,0.015625
calibration_long_occlusion_1000,1000,long_occlusion,sam2_1_tiny,30,60,car_A.front_door,visible,4,False,False,True,1.0,0.9404296875,7,8,1,True,False,False,False,0.015625
calibration_long_occlusion_1000,1000,long_occlusion,sam2_1_tiny,31,62,car_A.front_door,visible,4,False,False,True,1.0,0.9404296875,7,8,1,True,False,False,False,0.015625
calibration_long_occlusion_1000,1000,long_occlusion,sam2_1_tiny,1,2,car_A.window,visible,1,False,False,True,1.0,0.9404296875,4,7,2,True,False,False,False,0.010416666666666666
calibration_long_occlusion_1000,1000,long_occlusion,sam2_1_tiny,2,4,car_A.window,visible,1,False,False,True,1.0,0.9404296875,4,7,2,True,False,False,False,0.010416666666666666
calibration_long_occlusion_1000,1000,long_occlusion,sam2_1_tiny,3,6,car_A.window,visible,1,False,False,True,1.0,0.9404296875,4,8,2,True,False,False,False,0.010416666666666666
calibration_long_occlusion_1000,1000,long_occlusion,sam2_1_tiny,4,8,car_A.window,visible,1,False,False,True,1.0,0.9404296875,4,9,2,True,False,False,False,0.006944444444444444
calibration_long_occlusion_1000,1000,long_occlusion,sam2_1_tiny,5,10,car_A.window,ambiguous,1,False,False,False,0.75,0.9404296875,4,10,-2,False,False,False,False,0.0
calibration_long_occlusion_1000,1000,long_occlusion,sam2_1_tiny,6,12,car_A.window,absent,1,False,False,False,0.0,0.9404296875,0,0,-2,False,False,False,False,0.0
calibration_long_occlusion_1000,1000,long_occlusion,sam2_1_tiny,7,14,car_A.window,absent,1,False,False,False,0.0,0.9404296875,0,0,-2,False,False,False,False,0.0
calibration_long_occlusion_1000,1000,long_occlusion,sam2_1_tiny,8,16,car_A.window,absent,2,True,False,False,0.0,0.9404296875,0,0,-2,False,False,False,False,0.0
calibration_long_occlusion_1000,1000,long_occlusion,sam2_1_tiny,9,18,car_A.window,absent,2,False,False,False,0.0,0.9404296875,0,0,-2,False,False,False,False,0.0
calibration_long_occlusion_1000,1000,long_occlusion,sam2_1_tiny,10,20,car_A.window,absent,2,False,False,False,0.0,0.9404296875,0,0,-2,False,False,False,False,0.0
calibration_long_occlusion_1000,1000,long_occlusion,sam2_1_tiny,11,22,car_A.window,absent,2,False,False,False,0.0,0.9404296875,0,0,-2,False,False,False,False,0.0
calibration_long_occlusion_1000,1000,long_occlusion,sam2_1_tiny,12,24,car_A.window,absent,2,False,False,False,0.0,0.9404296875,0,0,-2,False,False,False,False,0.0
calibration_long_occlusion_1000,1000,long_occlusion,sam2_1_tiny,13,26,car_A.window,absent,2,False,False,False,0.0,0.9404296875,0,0,-2,False,False,False,False,0.0
calibration_long_occlusion_1000,1000,long_occlusion,sam2_1_tiny,14,28,car_A.window,absent,2,False,False,False,0.0,0.9404296875,0,0,-2,False,False,False,False,0.0
calibration_long_occlusion_1000,1000,long_occlusion,sam2_1_tiny,15,30,car_A.window,absent,2,False,False,False,0.0,0.9404296875,0,0,-2,False,False,False,False,0.0
calibration_long_occlusion_1000,1000,long_occlusion,sam2_1_tiny,16,32,car_A.window,absent,3,True,False,False,0.0,0.9404296875,0,0,-2,False,False,False,False,0.0
calibration_long_occlusion_1000,1000,long_occlusion,sam2_1_tiny,17,34,car_A.window,absent,3,False,False,False,0.0,0.9404296875,0,0,-2,False,False,False,False,0.0
calibration_long_occlusion_1000,1000,long_occlusion,sam2_1_tiny,18,36,car_A.window,absent,3,False,False,False,0.0,0.9404296875,0,0,-2,False,False,False,False,0.0
calibration_long_occlusion_1000,1000,long_occlusion,sam2_1_tiny,19,38,car_A.window,absent,3,False,False,False,0.0,0.9404296875,0,0,-2,False,False,False,False,0.0
calibration_long_occlusion_1000,1000,long_occlusion,sam2_1_tiny,20,40,car_A.window,absent,3,False,False,False,0.0,0.9404296875,0,0,-2,False,False,False,False,0.0
calibration_long_occlusion_1000,1000,long_occlusion,sam2_1_tiny,21,42,car_A.window,absent,3,False,False,False,0.0,0.9404296875,0,0,-2,False,False,False,False,0.0
calibration_long_occlusion_1000,1000,long_occlusion,sam2_1_tiny,22,44,car_A.window,absent,3,False,False,False,0.0,0.9404296875,0,0,-2,False,False,False,False,0.0
calibration_long_occlusion_1000,1000,long_occlusion,sam2_1_tiny,23,46,car_A.window,absent,3,False,False,False,0.0,0.9404296875,0,0,-2,False,False,False,False,0.0
calibration_long_occlusion_1000,1000,long_occlusion,sam2_1_tiny,24,48,car_A.window,absent,4,True,False,False,0.125,0.9404296875,4,10,-2,False,False,False,False,0.0
calibration_long_occlusion_1000,1000,long_occlusion,sam2_1_tiny,25,50,car_A.window,absent,4,False,False,True,1.0,0.9404296875,4,10,0,False,False,False,False,0.0
calibration_long_occlusion_1000,1000,long_occlusion,sam2_1_tiny,26,52,car_A.window,absent,4,False,False,True,1.0,0.9404296875,4,9,0,False,False,False,False,0.0
calibration_long_occlusion_1000,1000,long_occlusion,sam2_1_tiny,27,54,car_A.window,ambiguous,4,False,False,True,1.0,0.9404296875,4,8,0,False,False,False,False,0.0
calibration_long_occlusion_1000,1000,long_occlusion,sam2_1_tiny,28,56,car_A.window,visible,4,False,True,True,1.0,0.9404296875,4,6,0,False,False,False,False,0.006944444444444444
calibration_long_occlusion_1000,1000,long_occlusion,sam2_1_tiny,29,58,car_A.window,visible,4,False,False,True,1.0,0.9404296875,4,5,0,False,False,False,False,0.010416666666666666
calibration_long_occlusion_1000,1000,long_occlusion,sam2_1_tiny,30,60,car_A.window,visible,4,False,False,True,1.0,0.9404296875,4,4,0,False,False,False,False,0.010416666666666666
calibration_long_occlusion_1000,1000,long_occlusion,sam2_1_tiny,31,62,car_A.window,visible,4,False,False,True,1.0,0.9404296875,4,4,0,False,False,False,False,0.010416666666666666
calibration_long_occlusion_1000,1000,long_occlusion,sam2_1_tiny,1,2,car_B.front_door,visible,1,False,False,True,1.0,0.9404296875,18,20,3,True,False,False,False,0.015625
calibration_long_occlusion_1000,1000,long_occlusion,sam2_1_tiny,2,4,car_B.front_door,visible,1,False,False,True,1.0,0.9404296875,18,20,3,True,False,False,False,0.015625
calibration_long_occlusion_1000,1000,long_occlusion,sam2_1_tiny,3,6,car_B.front_door,visible,1,False,False,True,1.0,0.9404296875,18,20,3,True,False,False,False,0.015625
calibration_long_occlusion_1000,1000,long_occlusion,sam2_1_tiny,4,8,car_B.front_door,visible,1,False,False,True,1.0,0.9404296875,18,20,3,True,False,False,False,0.019097222222222224
calibration_long_occlusion_1000,1000,long_occlusion,sam2_1_tiny,5,10,car_B.front_door,visible,1,False,False,True,1.0,0.9404296875,18,19,3,True,False,False,False,0.020833333333333332
calibration_long_occlusion_1000,1000,long_occlusion,sam2_1_tiny,6,12,car_B.front_door,visible,1,False,False,True,1.0,0.9404296875,18,19,3,True,False,False,False,0.015625
calibration_long_occlusion_1000,1000,long_occlusion,sam2_1_tiny,7,14,car_B.front_door,visible,1,False,False,True,1.0,0.9404296875,18,19,3,True,False,False,False,0.015625
calibration_long_occlusion_1000,1000,long_occlusion,sam2_1_tiny,8,16,car_B.front_door,visible,2,True,False,True,1.0,0.9404296875,18,19,3,True,False,False,False,0.015625
calibration_long_occlusion_1000,1000,long_occlusion,sam2_1_tiny,9,18,car_B.front_door,visible,2,False,False,True,1.0,0.9404296875,18,18,3,True,False,False,False,0.015625
calibration_long_occlusion_1000,1000,long_occlusion,sam2_1_tiny,10,20,car_B.front_door,visible,2,False,False,True,1.0,0.9404296875,18,18,3,True,False,False,False,0.015625
calibration_long_occlusion_1000,1000,long_occlusion,sam2_1_tiny,11,22,car_B.front_door,visible,2,False,False,True,1.0,0.9404296875,18,17,3,True,False,False,False,0.015625
calibration_long_occlusion_1000,1000,long_occlusion,sam2_1_tiny,12,24,car_B.front_door,visible,2,False,False,True,1.0,0.9404296875,18,17,3,True,False,False,False,0.015625
calibration_long_occlusion_1000,1000,long_occlusion,sam2_1_tiny,13,26,car_B.front_door,visible,2,False,False,True,1.0,0.9404296875,18,16,3,True,False,False,False,0.015625
calibration_long_occlusion_1000,1000,long_occlusion,sam2_1_tiny,14,28,car_B.front_door,visible,2,False,False,True,1.0,0.9404296875,18,16,3,True,False,False,False,0.015625
calibration_long_occlusion_1000,1000,long_occlusion,sam2_1_tiny,15,30,car_B.front_door,visible,2,False,False,True,1.0,0.9404296875,18,15,3,True,False,False,False,0.015625
calibration_long_occlusion_1000,1000,long_occlusion,sam2_1_tiny,16,32,car_B.front_door,visible,3,True,False,True,1.0,0.9404296875,18,15,3,True,False,False,False,0.015625
calibration_long_occlusion_1000,1000,long_occlusion,sam2_1_tiny,17,34,car_B.front_door,visible,3,False,False,True,1.0,0.9404296875,18,14,3,True,False,False,False,0.015625
calibration_long_occlusion_1000,1000,long_occlusion,sam2_1_tiny,18,36,car_B.front_door,visible,3,False,False,True,1.0,0.9404296875,18,13,3,True,False,False,False,0.015625
calibration_long_occlusion_1000,1000,long_occlusion,sam2_1_tiny,19,38,car_B.front_door,visible,3,False,False,True,1.0,0.9404296875,18,13,3,True,False,False,False,0.015625
calibration_long_occlusion_1000,1000,long_occlusion,sam2_1_tiny,20,40,car_B.front_door,visible,3,False,False,True,1.0,0.9404296875,18,12,3,True,False,False,False,0.015625
calibration_long_occlusion_1000,1000,long_occlusion,sam2_1_tiny,21,42,car_B.front_door,visible,3,False,False,True,1.0,0.9404296875,18,11,3,True,False,False,False,0.015625
calibration_long_occlusion_1000,1000,long_occlusion,sam2_1_tiny,22,44,car_B.front_door,visible,3,False,False,True,1.0,0.9404296875,18,11,3,True,False,False,False,0.015625
calibration_long_occlusion_1000,1000,long_occlusion,sam2_1_tiny,23,46,car_B.front_door,visible,3,False,False,True,1.0,0.9404296875,18,10,3,True,False,False,False,0.015625
calibration_long_occlusion_1000,1000,long_occlusion,sam2_1_tiny,24,48,car_B.front_door,visible,4,True,False,True,1.0,0.9404296875,18,10,3,True,False,False,False,0.015625
calibration_long_occlusion_1000,1000,long_occlusion,sam2_1_tiny,25,50,car_B.front_door,visible,4,False,False,True,1.0,0.9404296875,18,9,3,True,False,False,False,0.015625
calibration_long_occlusion_1000,1000,long_occlusion,sam2_1_tiny,26,52,car_B.front_door,visible,4,False,False,True,1.0,0.9404296875,18,9,3,True,False,False,False,0.015625
calibration_long_occlusion_1000,1000,long_occlusion,sam2_1_tiny,27,54,car_B.front_door,visible,4,False,False,True,1.0,0.9404296875,18,8,3,True,False,False,False,0.015625
calibration_long_occlusion_1000,1000,long_occlusion,sam2_1_tiny,28,56,car_B.front_door,visible,4,False,False,True,1.0,0.9404296875,18,8,3,True,False,False,False,0.015625
calibration_long_occlusion_1000,1000,long_occlusion,sam2_1_tiny,29,58,car_B.front_door,visible,4,False,False,True,1.0,0.9404296875,18,8,3,True,False,False,False,0.015625
calibration_long_occlusion_1000,1000,long_occlusion,sam2_1_tiny,30,60,car_B.front_door,visible,4,False,False,True,1.0,0.9404296875,18,8,3,True,False,False,False,0.019097222222222224
calibration_long_occlusion_1000,1000,long_occlusion,sam2_1_tiny,31,62,car_B.front_door,visible,4,False,False,True,1.0,0.9404296875,18,7,3,True,False,False,False,0.020833333333333332
calibration_long_occlusion_1000,1000,long_occlusion,sam2_1_tiny,1,2,car_B.window,visible,1,False,False,True,1.0,0.9404296875,15,20,4,True,False,False,False,0.008680555555555556
calibration_long_occlusion_1000,1000,long_occlusion,sam2_1_tiny,2,4,car_B.window,visible,1,False,False,True,1.0,0.9404296875,15,20,4,True,False,False,False,0.008680555555555556
calibration_long_occlusion_1000,1000,long_occlusion,sam2_1_tiny,3,6,car_B.window,visible,1,False,False,True,1.0,0.9404296875,15,19,4,True,False,False,False,0.010416666666666666
calibration_long_occlusion_1000,1000,long_occlusion,sam2_1_tiny,4,8,car_B.window,visible,1,False,False,True,1.0,0.9404296875,15,19,4,True,False,False,False,0.010416666666666666
calibration_long_occlusion_1000,1000,long_occlusion,sam2_1_tiny,5,10,car_B.window,visible,1,False,False,True,1.0,0.9404296875,15,19,4,True,False,False,False,0.010416666666666666
calibration_long_occlusion_1000,1000,long_occlusion,sam2_1_tiny,6,12,car_B.window,visible,1,False,False,True,1.0,0.9404296875,15,19,4,True,False,False,False,0.010416666666666666
calibration_long_occlusion_1000,1000,long_occlusion,sam2_1_tiny,7,14,car_B.window,visible,1,False,False,True,1.0,0.9404296875,15,19,4,True,False,False,False,0.010416666666666666
calibration_long_occlusion_1000,1000,long_occlusion,sam2_1_tiny,8,16,car_B.window,visible,2,True,False,True,1.0,0.9404296875,15,18,4,True,False,False,False,0.008680555555555556
calibration_long_occlusion_1000,1000,long_occlusion,sam2_1_tiny,9,18,car_B.window,visible,2,False,False,True,1.0,0.9404296875,15,18,4,True,False,False,False,0.010416666666666666
calibration_long_occlusion_1000,1000,long_occlusion,sam2_1_tiny,10,20,car_B.window,visible,2,False,False,True,1.0,0.9404296875,15,18,4,True,False,False,False,0.008680555555555556
calibration_long_occlusion_1000,1000,long_occlusion,sam2_1_tiny,11,22,car_B.window,visible,2,False,False,True,1.0,0.9404296875,15,17,4,True,False,False,False,0.010416666666666666
calibration_long_occlusion_1000,1000,long_occlusion,sam2_1_tiny,12,24,car_B.window,visible,2,False,False,True,1.0,0.9404296875,15,17,4,True,False,False,False,0.008680555555555556
calibration_long_occlusion_1000,1000,long_occlusion,sam2_1_tiny,13,26,car_B.window,visible,2,False,False,True,1.0,0.9404296875,15,16,4,True,False,False,False,0.010416666666666666
calibration_long_occlusion_1000,1000,long_occlusion,sam2_1_tiny,14,28,car_B.window,visible,2,False,False,True,1.0,0.9404296875,15,16,4,True,False,False,False,0.008680555555555556
calibration_long_occlusion_1000,1000,long_occlusion,sam2_1_tiny,15,30,car_B.window,visible,2,False,False,True,1.0,0.9404296875,15,15,4,True,False,False,False,0.010416666666666666
calibration_long_occlusion_1000,1000,long_occlusion,sam2_1_tiny,16,32,car_B.window,visible,3,True,False,True,1.0,0.9404296875,15,14,4,True,False,False,False,0.008680555555555556
calibration_long_occlusion_1000,1000,long_occlusion,sam2_1_tiny,17,34,car_B.window,visible,3,False,False,True,1.0,0.9404296875,15,14,4,True,False,False,False,0.010416666666666666
calibration_long_occlusion_1000,1000,long_occlusion,sam2_1_tiny,18,36,car_B.window,visible,3,False,False,True,1.0,0.9404296875,15,13,4,True,False,False,False,0.010416666666666666
calibration_long_occlusion_1000,1000,long_occlusion,sam2_1_tiny,19,38,car_B.window,visible,3,False,False,True,1.0,0.9404296875,15,12,4,True,False,False,False,0.008680555555555556
calibration_long_occlusion_1000,1000,long_occlusion,sam2_1_tiny,20,40,car_B.window,visible,3,False,False,True,1.0,0.9404296875,15,12,4,True,False,False,False,0.010416666666666666
calibration_long_occlusion_1000,1000,long_occlusion,sam2_1_tiny,21,42,car_B.window,visible,3,False,False,True,1.0,0.9404296875,15,11,4,True,False,False,False,0.010416666666666666
calibration_long_occlusion_1000,1000,long_occlusion,sam2_1_tiny,22,44,car_B.window,visible,3,False,False,True,1.0,0.9404296875,15,11,4,True,False,False,False,0.008680555555555556
calibration_long_occlusion_1000,1000,long_occlusion,sam2_1_tiny,23,46,car_B.window,visible,3,False,False,True,1.0,0.9404296875,15,10,4,True,False,False,False,0.010416666666666666
calibration_long_occlusion_1000,1000,long_occlusion,sam2_1_tiny,24,48,car_B.window,visible,4,True,False,True,1.0,0.9404296875,15,9,4,True,False,False,False,0.008680555555555556
calibration_long_occlusion_1000,1000,long_occlusion,sam2_1_tiny,25,50,car_B.window,visible,4,False,False,True,1.0,0.9404296875,15,9,4,True,False,False,False,0.010416666666666666
calibration_long_occlusion_1000,1000,long_occlusion,sam2_1_tiny,26,52,car_B.window,visible,4,False,False,True,1.0,0.9404296875,15,9,4,True,False,False,False,0.008680555555555556
calibration_long_occlusion_1000,1000,long_occlusion,sam2_1_tiny,27,54,car_B.window,visible,4,False,False,True,1.0,0.9404296875,15,8,4,True,False,False,False,0.010416666666666666
calibration_long_occlusion_1000,1000,long_occlusion,sam2_1_tiny,28,56,car_B.window,visible,4,False,False,True,1.0,0.9404296875,15,8,4,True,False,False,False,0.010416666666666666
calibration_long_occlusion_1000,1000,long_occlusion,sam2_1_tiny,29,58,car_B.window,visible,4,False,False,True,1.0,0.9404296875,15,8,4,True,False,False,False,0.008680555555555556
calibration_long_occlusion_1000,1000,long_occlusion,sam2_1_tiny,30,60,car_B.window,visible,4,False,False,True,1.0,0.9404296875,15,7,4,True,False,False,False,0.010416666666666666
calibration_long_occlusion_1000,1000,long_occlusion,sam2_1_tiny,31,62,car_B.window,visible,4,False,False,True,1.0,0.9404296875,15,7,4,True,False,False,False,0.010416666666666666
calibration_long_occlusion_1001,1001,long_occlusion,sam2_1_tiny,1,2,car_A.front_door,visible,1,False,False,True,1.0,0.9404296875,7,7,1,True,False,False,False,0.015625
calibration_long_occlusion_1001,1001,long_occlusion,sam2_1_tiny,2,4,car_A.front_door,visible,1,False,False,True,1.0,0.9404296875,7,7,1,True,False,False,False,0.015625
calibration_long_occlusion_1001,1001,long_occlusion,sam2_1_tiny,3,6,car_A.front_door,visible,1,False,False,True,1.0,0.9404296875,7,8,1,True,False,False,False,0.015625
calibration_long_occlusion_1001,1001,long_occlusion,sam2_1_tiny,4,8,car_A.front_door,visible,1,False,False,True,1.0,0.9404296875,7,9,1,True,False,False,False,0.010416666666666666
calibration_long_occlusion_1001,1001,long_occlusion,sam2_1_tiny,5,10,car_A.front_door,ambiguous,1,False,False,False,0.5625,0.9404296875,7,10,-2,False,False,False,False,0.0
calibration_long_occlusion_1001,1001,long_occlusion,sam2_1_tiny,6,12,car_A.front_door,absent,1,False,False,False,0.0,0.9404296875,0,0,-2,False,False,False,False,0.0
calibration_long_occlusion_1001,1001,long_occlusion,sam2_1_tiny,7,14,car_A.front_door,absent,1,False,False,False,0.0,0.9404296875,0,0,-2,False,False,False,False,0.0
calibration_long_occlusion_1001,1001,long_occlusion,sam2_1_tiny,8,16,car_A.front_door,absent,2,True,False,False,0.0,0.9404296875,0,0,-2,False,False,False,False,0.0
calibration_long_occlusion_1001,1001,long_occlusion,sam2_1_tiny,9,18,car_A.front_door,absent,2,False,False,False,0.0,0.9404296875,0,0,-2,False,False,False,False,0.0
calibration_long_occlusion_1001,1001,long_occlusion,sam2_1_tiny,10,20,car_A.front_door,absent,2,False,False,False,0.0,0.9404296875,0,0,-2,False,False,False,False,0.0
calibration_long_occlusion_1001,1001,long_occlusion,sam2_1_tiny,11,22,car_A.front_door,absent,2,False,False,False,0.0,0.9404296875,0,0,-2,False,False,False,False,0.0
calibration_long_occlusion_1001,1001,long_occlusion,sam2_1_tiny,12,24,car_A.front_door,absent,2,False,False,False,0.0,0.9404296875,0,0,-2,False,False,False,False,0.0
calibration_long_occlusion_1001,1001,long_occlusion,sam2_1_tiny,13,26,car_A.front_door,absent,2,False,False,False,0.0,0.9404296875,0,0,-2,False,False,False,False,0.0
calibration_long_occlusion_1001,1001,long_occlusion,sam2_1_tiny,14,28,car_A.front_door,absent,2,False,False,False,0.0,0.9404296875,0,0,-2,False,False,False,False,0.0
calibration_long_occlusion_1001,1001,long_occlusion,sam2_1_tiny,15,30,car_A.front_door,absent,2,False,False,False,0.0,0.9404296875,0,0,-2,False,False,False,False,0.0
calibration_long_occlusion_1001,1001,long_occlusion,sam2_1_tiny,16,32,car_A.front_door,absent,3,True,False,False,0.0,0.9404296875,0,0,-2,False,False,False,False,0.0
calibration_long_occlusion_1001,1001,long_occlusion,sam2_1_tiny,17,34,car_A.front_door,absent,3,False,False,False,0.0,0.9404296875,0,0,-2,False,False,False,False,0.0
calibration_long_occlusion_1001,1001,long_occlusion,sam2_1_tiny,18,36,car_A.front_door,absent,3,False,False,False,0.0,0.9404296875,0,0,-2,False,False,False,False,0.0
calibration_long_occlusion_1001,1001,long_occlusion,sam2_1_tiny,19,38,car_A.front_door,absent,3,False,False,False,0.0,0.9404296875,0,0,-2,False,False,False,False,0.0
calibration_long_occlusion_1001,1001,long_occlusion,sam2_1_tiny,20,40,car_A.front_door,absent,3,False,False,False,0.0,0.9404296875,0,0,-2,False,False,False,False,0.0
calibration_long_occlusion_1001,1001,long_occlusion,sam2_1_tiny,21,42,car_A.front_door,absent,3,False,False,False,0.0,0.9404296875,0,0,-2,False,False,False,False,0.0
calibration_long_occlusion_1001,1001,long_occlusion,sam2_1_tiny,22,44,car_A.front_door,absent,3,False,False,False,0.0,0.9404296875,0,0,-2,False,False,False,False,0.0
calibration_long_occlusion_1001,1001,long_occlusion,sam2_1_tiny,23,46,car_A.front_door,absent,3,False,False,False,0.0,0.9404296875,0,0,-2,False,False,False,False,0.0
calibration_long_occlusion_1001,1001,long_occlusion,sam2_1_tiny,24,48,car_A.front_door,absent,4,True,False,False,0.0,0.9404296875,0,0,-2,False,False,False,False,0.0
calibration_long_occlusion_1001,1001,long_occlusion,sam2_1_tiny,25,50,car_A.front_door,absent,4,False,False,False,0.56640625,0.9404296875,7,10,-2,False,False,False,False,0.0
calibration_long_occlusion_1001,1001,long_occlusion,sam2_1_tiny,26,52,car_A.front_door,absent,4,False,False,False,0.9375,0.9404296875,7,9,-2,False,False,False,False,0.0
calibration_long_occlusion_1001,1001,long_occlusion,sam2_1_tiny,27,54,car_A.front_door,ambiguous,4,False,False,True,1.0,0.9404296875,7,8,0,False,False,False,False,0.0
calibration_long_occlusion_1001,1001,long_occlusion,sam2_1_tiny,28,56,car_A.front_door,visible,4,False,True,True,1.0,0.9404296875,7,6,0,False,False,False,False,0.005208333333333333
calibration_long_occlusion_1001,1001,long_occlusion,sam2_1_tiny,29,58,car_A.front_door,visible,4,False,False,True,1.0,0.9404296875,7,5,0,False,False,False,False,0.015625
calibration_long_occlusion_1001,1001,long_occlusion,sam2_1_tiny,30,60,car_A.front_door,visible,4,False,False,True,1.0,0.9404296875,7,4,0,False,False,False,False,0.015625
calibration_long_occlusion_1001,1001,long_occlusion,sam2_1_tiny,31,62,car_A.front_door,visible,4,False,False,True,1.0,0.9404296875,7,4,0,False,False,False,False,0.015625
calibration_long_occlusion_1001,1001,long_occlusion,sam2_1_tiny,1,2,car_A.window,visible,1,False,False,True,1.0,0.9404296875,3,7,2,True,False,False,False,0.010416666666666666
calibration_long_occlusion_1001,1001,long_occlusion,sam2_1_tiny,2,4,car_A.window,visible,1,False,False,True,1.0,0.9404296875,3,7,2,True,False,False,False,0.010416666666666666
calibration_long_occlusion_1001,1001,long_occlusion,sam2_1_tiny,3,6,car_A.window,visible,1,False,False,True,1.0,0.9404296875,3,8,2,True,False,False,False,0.010416666666666666
calibration_long_occlusion_1001,1001,long_occlusion,sam2_1_tiny,4,8,car_A.window,visible,1,False,False,True,1.0,0.9404296875,3,9,2,True,False,False,False,0.006944444444444444
calibration_long_occlusion_1001,1001,long_occlusion,sam2_1_tiny,5,10,car_A.window,ambiguous,1,False,False,False,0.625,0.9404296875,3,10,-2,False,False,False,False,0.0
calibration_long_occlusion_1001,1001,long_occlusion,sam2_1_tiny,6,12,car_A.window,absent,1,False,False,False,0.0,0.9404296875,0,0,-2,False,False,False,False,0.0
calibration_long_occlusion_1001,1001,long_occlusion,sam2_1_tiny,7,14,car_A.window,absent,1,False,False,False,0.0,0.9404296875,0,0,-2,False,False,False,False,0.0
calibration_long_occlusion_1001,1001,long_occlusion,sam2_1_tiny,8,16,car_A.window,absent,2,True,False,False,0.0,0.9404296875,0,0,-2,False,False,False,False,0.0
calibration_long_occlusion_1001,1001,long_occlusion,sam2_1_tiny,9,18,car_A.window,absent,2,False,False,False,0.0,0.9404296875,0,0,-2,False,False,False,False,0.0
calibration_long_occlusion_1001,1001,long_occlusion,sam2_1_tiny,10,20,car_A.window,absent,2,False,False,False,0.0,0.9404296875,0,0,-2,False,False,False,False,0.0
calibration_long_occlusion_1001,1001,long_occlusion,sam2_1_tiny,11,22,car_A.window,absent,2,False,False,False,0.0,0.9404296875,0,0,-2,False,False,False,False,0.0
calibration_long_occlusion_1001,1001,long_occlusion,sam2_1_tiny,12,24,car_A.window,absent,2,False,False,False,0.0,0.9404296875,0,0,-2,False,False,False,False,0.0
calibration_long_occlusion_1001,1001,long_occlusion,sam2_1_tiny,13,26,car_A.window,absent,2,False,False,False,0.0,0.9404296875,0,0,-2,False,False,False,False,0.0
calibration_long_occlusion_1001,1001,long_occlusion,sam2_1_tiny,14,28,car_A.window,absent,2,False,False,False,0.0,0.9404296875,0,0,-2,False,False,False,False,0.0
calibration_long_occlusion_1001,1001,long_occlusion,sam2_1_tiny,15,30,car_A.window,absent,2,False,False,False,0.0,0.9404296875,0,0,-2,False,False,False,False,0.0
calibration_long_occlusion_1001,1001,long_occlusion,sam2_1_tiny,16,32,car_A.window,absent,3,True,False,False,0.0,0.9404296875,0,0,-2,False,False,False,False,0.0
calibration_long_occlusion_1001,1001,long_occlusion,sam2_1_tiny,17,34,car_A.window,absent,3,False,False,False,0.0,0.9404296875,0,0,-2,False,False,False,False,0.0
calibration_long_occlusion_1001,1001,long_occlusion,sam2_1_tiny,18,36,car_A.window,absent,3,False,False,False,0.0,0.9404296875,0,0,-2,False,False,False,False,0.0
calibration_long_occlusion_1001,1001,long_occlusion,sam2_1_tiny,19,38,car_A.window,absent,3,False,False,False,0.0,0.9404296875,0,0,-2,False,False,False,False,0.0
calibration_long_occlusion_1001,1001,long_occlusion,sam2_1_tiny,20,40,car_A.window,absent,3,False,False,False,0.0,0.9404296875,0,0,-2,False,False,False,False,0.0
calibration_long_occlusion_1001,1001,long_occlusion,sam2_1_tiny,21,42,car_A.window,absent,3,False,False,False,0.0,0.9404296875,0,0,-2,False,False,False,False,0.0
calibration_long_occlusion_1001,1001,long_occlusion,sam2_1_tiny,22,44,car_A.window,absent,3,False,False,False,0.0,0.9404296875,0,0,-2,False,False,False,False,0.0
calibration_long_occlusion_1001,1001,long_occlusion,sam2_1_tiny,23,46,car_A.window,absent,3,False,False,False,0.0,0.9404296875,0,0,-2,False,False,False,False,0.0
calibration_long_occlusion_1001,1001,long_occlusion,sam2_1_tiny,24,48,car_A.window,absent,4,True,False,False,0.0,0.9404296875,0,0,-2,False,False,False,False,0.0
calibration_long_occlusion_1001,1001,long_occlusion,sam2_1_tiny,25,50,car_A.window,absent,4,False,False,False,0.3125,0.9404296875,4,10,-2,False,False,False,False,0.0
calibration_long_occlusion_1001,1001,long_occlusion,sam2_1_tiny,26,52,car_A.window,absent,4,False,False,False,0.9375,0.9404296875,4,10,-2,False,False,False,False,0.0
calibration_long_occlusion_1001,1001,long_occlusion,sam2_1_tiny,27,54,car_A.window,ambiguous,4,False,False,True,1.0,0.9404296875,4,8,0,False,False,False,False,0.0
calibration_long_occlusion_1001,1001,long_occlusion,sam2_1_tiny,28,56,car_A.window,visible,4,False,True,True,1.0,0.9404296875,4,7,0,False,False,False,False,0.003472222222222222
calibration_long_occlusion_1001,1001,long_occlusion,sam2_1_tiny,29,58,car_A.window,visible,4,False,False,True,1.0,0.9404296875,4,5,0,False,False,False,False,0.010416666666666666
calibration_long_occlusion_1001,1001,long_occlusion,sam2_1_tiny,30,60,car_A.window,visible,4,False,False,True,1.0,0.9404296875,4,4,0,False,False,False,False,0.010416666666666666
calibration_long_occlusion_1001,1001,long_occlusion,sam2_1_tiny,31,62,car_A.window,visible,4,False,False,True,1.0,0.9404296875,4,4,0,False,False,False,False,0.013888888888888888
calibration_long_occlusion_1001,1001,long_occlusion,sam2_1_tiny,1,2,car_B.front_door,visible,1,False,False,True,1.0,0.9404296875,19,20,3,True,False,False,False,0.019097222222222224
calibration_long_occlusion_1001,1001,long_occlusion,sam2_1_tiny,2,4,car_B.front_door,visible,1,False,False,True,1.0,0.9404296875,19,20,3,True,False,False,False,0.020833333333333332
calibration_long_occlusion_1001,1001,long_occlusion,sam2_1_tiny,3,6,car_B.front_door,visible,1,False,False,True,1.0,0.9404296875,19,19,3,True,False,False,False,0.015625
calibration_long_occlusion_1001,1001,long_occlusion,sam2_1_tiny,4,8,car_B.front_door,visible,1,False,False,True,1.0,0.9404296875,19,19,3,True,False,False,False,0.015625
calibration_long_occlusion_1001,1001,long_occlusion,sam2_1_tiny,5,10,car_B.front_door,visible,1,False,False,True,1.0,0.9404296875,19,19,3,True,False,False,False,0.015625
calibration_long_occlusion_1001,1001,long_occlusion,sam2_1_tiny,6,12,car_B.front_door,visible,1,False,False,True,1.0,0.9404296875,19,18,3,True,False,False,False,0.015625
calibration_long_occlusion_1001,1001,long_occlusion,sam2_1_tiny,7,14,car_B.front_door,visible,1,False,False,True,1.0,0.9404296875,19,18,3,True,False,False,False,0.015625
calibration_long_occlusion_1001,1001,long_occlusion,sam2_1_tiny,8,16,car_B.front_door,visible,2,True,False,True,1.0,0.9404296875,19,17,3,True,False,False,False,0.015625
calibration_long_occlusion_1001,1001,long_occlusion,sam2_1_tiny,9,18,car_B.front_door,visible,2,False,False,True,1.0,0.9404296875,19,17,3,True,False,False,False,0.015625
calibration_long_occlusion_1001,1001,long_occlusion,sam2_1_tiny,10,20,car_B.front_door,visible,2,False,False,True,1.0,0.9404296875,19,16,3,True,False,False,False,0.015625
calibration_long_occlusion_1001,1001,long_occlusion,sam2_1_tiny,11,22,car_B.front_door,visible,2,False,False,True,1.0,0.9404296875,19,16,3,True,False,False,False,0.015625
calibration_long_occlusion_1001,1001,long_occlusion,sam2_1_tiny,12,24,car_B.front_door,visible,2,False,False,True,1.0,0.9404296875,19,15,3,True,False,False,False,0.015625
calibration_long_occlusion_1001,1001,long_occlusion,sam2_1_tiny,13,26,car_B.front_door,visible,2,False,False,True,1.0,0.9404296875,19,14,3,True,False,False,False,0.017361111111111112
calibration_long_occlusion_1001,1001,long_occlusion,sam2_1_tiny,14,28,car_B.front_door,visible,2,False,False,True,1.0,0.9404296875,19,14,3,True,False,False,False,0.015625
calibration_long_occlusion_1001,1001,long_occlusion,sam2_1_tiny,15,30,car_B.front_door,visible,2,False,False,True,1.0,0.9404296875,19,13,3,True,False,False,False,0.015625
calibration_long_occlusion_1001,1001,long_occlusion,sam2_1_tiny,16,32,car_B.front_door,visible,3,True,False,True,1.0,0.9404296875,19,13,3,True,False,False,False,0.015625
calibration_long_occlusion_1001,1001,long_occlusion,sam2_1_tiny,17,34,car_B.front_door,visible,3,False,False,True,1.0,0.9404296875,19,12,3,True,False,False,False,0.015625
calibration_long_occlusion_1001,1001,long_occlusion,sam2_1_tiny,18,36,car_B.front_door,visible,3,False,False,True,1.0,0.9404296875,19,12,3,True,False,False,False,0.015625
calibration_long_occlusion_1001,1001,long_occlusion,sam2_1_tiny,19,38,car_B.front_door,visible,3,False,False,True,1.0,0.9404296875,19,11,3,True,False,False,False,0.015625
calibration_long_occlusion_1001,1001,long_occlusion,sam2_1_tiny,20,40,car_B.front_door,visible,3,False,False,True,1.0,0.9404296875,19,11,3,True,False,False,False,0.015625
calibration_long_occlusion_1001,1001,long_occlusion,sam2_1_tiny,21,42,car_B.front_door,visible,3,False,False,True,1.0,0.9404296875,19,10,3,True,False,False,False,0.015625
calibration_long_occlusion_1001,1001,long_occlusion,sam2_1_tiny,22,44,car_B.front_door,visible,3,False,False,True,1.0,0.9404296875,19,10,3,True,False,False,False,0.015625
calibration_long_occlusion_1001,1001,long_occlusion,sam2_1_tiny,23,46,car_B.front_door,visible,3,False,False,True,1.0,0.9404296875,19,9,3,True,False,False,False,0.015625
calibration_long_occlusion_1001,1001,long_occlusion,sam2_1_tiny,24,48,car_B.front_door,visible,4,True,False,True,1.0,0.9404296875,19,9,3,True,False,False,False,0.015625
calibration_long_occlusion_1001,1001,long_occlusion,sam2_1_tiny,25,50,car_B.front_door,visible,4,False,False,True,1.0,0.9404296875,19,9,3,True,False,False,False,0.019097222222222224
calibration_long_occlusion_1001,1001,long_occlusion,sam2_1_tiny,26,52,car_B.front_door,visible,4,False,False,True,1.0,0.9404296875,19,8,3,True,False,False,False,0.015625
calibration_long_occlusion_1001,1001,long_occlusion,sam2_1_tiny,27,54,car_B.front_door,visible,4,False,False,True,1.0,0.9404296875,19,8,3,True,False,False,False,0.015625
calibration_long_occlusion_1001,1001,long_occlusion,sam2_1_tiny,28,56,car_B.front_door,visible,4,False,False,True,1.0,0.9404296875,19,8,3,True,False,False,False,0.015625
calibration_long_occlusion_1001,1001,long_occlusion,sam2_1_tiny,29,58,car_B.front_door,visible,4,False,False,True,1.0,0.9404296875,19,8,3,True,False,False,False,0.015625
calibration_long_occlusion_1001,1001,long_occlusion,sam2_1_tiny,30,60,car_B.front_door,visible,4,False,False,True,1.0,0.9404296875,19,8,3,True,False,False,False,0.019097222222222224
calibration_long_occlusion_1001,1001,long_occlusion,sam2_1_tiny,31,62,car_B.front_door,visible,4,False,False,True,1.0,0.9404296875,19,7,3,True,False,False,False,0.020833333333333332
calibration_long_occlusion_1001,1001,long_occlusion,sam2_1_tiny,1,2,car_B.window,visible,1,False,False,True,1.0,0.9404296875,15,19,4,True,False,False,False,0.010416666666666666
calibration_long_occlusion_1001,1001,long_occlusion,sam2_1_tiny,2,4,car_B.window,visible,1,False,False,True,1.0,0.9404296875,15,19,4,True,False,False,False,0.010416666666666666
calibration_long_occlusion_1001,1001,long_occlusion,sam2_1_tiny,3,6,car_B.window,visible,1,False,False,True,1.0,0.9404296875,15,19,4,True,False,False,False,0.010416666666666666
calibration_long_occlusion_1001,1001,long_occlusion,sam2_1_tiny,4,8,car_B.window,visible,1,False,False,True,1.0,0.9404296875,15,19,4,True,False,False,False,0.010416666666666666
calibration_long_occlusion_1001,1001,long_occlusion,sam2_1_tiny,5,10,car_B.window,visible,1,False,False,True,1.0,0.9404296875,15,18,4,True,False,False,False,0.013888888888888888
calibration_long_occlusion_1001,1001,long_occlusion,sam2_1_tiny,6,12,car_B.window,visible,1,False,False,True,1.0,0.9404296875,15,18,4,True,False,False,False,0.010416666666666666
calibration_long_occlusion_1001,1001,long_occlusion,sam2_1_tiny,7,14,car_B.window,visible,1,False,False,True,1.0,0.9404296875,15,18,4,True,False,False,False,0.010416666666666666
calibration_long_occlusion_1001,1001,long_occlusion,sam2_1_tiny,8,16,car_B.window,visible,2,True,False,True,1.0,0.9404296875,15,17,4,True,False,False,False,0.010416666666666666
calibration_long_occlusion_1001,1001,long_occlusion,sam2_1_tiny,9,18,car_B.window,visible,2,False,False,True,1.0,0.9404296875,15,17,4,True,False,False,False,0.010416666666666666
calibration_long_occlusion_1001,1001,long_occlusion,sam2_1_tiny,10,20,car_B.window,visible,2,False,False,True,1.0,0.9404296875,15,16,4,True,False,False,False,0.010416666666666666
calibration_long_occlusion_1001,1001,long_occlusion,sam2_1_tiny,11,22,car_B.window,visible,2,False,False,True,1.0,0.9404296875,15,15,4,True,False,False,False,0.006944444444444444
calibration_long_occlusion_1001,1001,long_occlusion,sam2_1_tiny,12,24,car_B.window,visible,2,False,False,True,1.0,0.9404296875,15,15,4,True,False,False,False,0.010416666666666666
calibration_long_occlusion_1001,1001,long_occlusion,sam2_1_tiny,13,26,car_B.window,visible,2,False,False,True,1.0,0.9404296875,15,14,4,True,False,False,False,0.010416666666666666
calibration_long_occlusion_1001,1001,long_occlusion,sam2_1_tiny,14,28,car_B.window,visible,2,False,False,True,1.0,0.9404296875,15,14,4,True,False,False,False,0.010416666666666666
calibration_long_occlusion_1001,1001,long_occlusion,sam2_1_tiny,15,30,car_B.window,visible,2,False,False,True,1.0,0.9404296875,15,13,4,True,False,False,False,0.010416666666666666
calibration_long_occlusion_1001,1001,long_occlusion,sam2_1_tiny,16,32,car_B.window,visible,3,True,False,True,1.0,0.9404296875,15,13,4,True,False,False,False,0.010416666666666666
calibration_long_occlusion_1001,1001,long_occlusion,sam2_1_tiny,17,34,car_B.window,visible,3,False,False,True,1.0,0.9404296875,15,12,4,True,False,False,False,0.010416666666666666
calibration_long_occlusion_1001,1001,long_occlusion,sam2_1_tiny,18,36,car_B.window,visible,3,False,False,True,1.0,0.9404296875,15,11,4,True,False,False,False,0.010416666666666666
calibration_long_occlusion_1001,1001,long_occlusion,sam2_1_tiny,19,38,car_B.window,visible,3,False,False,True,1.0,0.9404296875,15,11,4,True,False,False,False,0.010416666666666666
calibration_long_occlusion_1001,1001,long_occlusion,sam2_1_tiny,20,40,car_B.window,visible,3,False,False,True,1.0,0.9404296875,15,10,4,True,False,False,False,0.010416666666666666
calibration_long_occlusion_1001,1001,long_occlusion,sam2_1_tiny,21,42,car_B.window,visible,3,False,False,True,1.0,0.9404296875,15,10,4,True,False,False,False,0.010416666666666666
calibration_long_occlusion_1001,1001,long_occlusion,sam2_1_tiny,22,44,car_B.window,visible,3,False,False,True,1.0,0.9404296875,15,9,4,True,False,False,False,0.010416666666666666
calibration_long_occlusion_1001,1001,long_occlusion,sam2_1_tiny,23,46,car_B.window,visible,3,False,False,True,1.0,0.9404296875,15,9,4,True,False,False,False,0.010416666666666666
calibration_long_occlusion_1001,1001,long_occlusion,sam2_1_tiny,24,48,car_B.window,visible,4,True,False,True,1.0,0.9404296875,15,9,4,True,False,False,False,0.010416666666666666
calibration_long_occlusion_1001,1001,long_occlusion,sam2_1_tiny,25,50,car_B.window,visible,4,False,False,True,1.0,0.9404296875,15,8,4,True,False,False,False,0.010416666666666666
calibration_long_occlusion_1001,1001,long_occlusion,sam2_1_tiny,26,52,car_B.window,visible,4,False,False,True,1.0,0.9404296875,15,8,4,True,False,False,False,0.010416666666666666
calibration_long_occlusion_1001,1001,long_occlusion,sam2_1_tiny,27,54,car_B.window,visible,4,False,False,True,1.0,0.9404296875,15,8,4,True,False,False,False,0.010416666666666666
calibration_long_occlusion_1001,1001,long_occlusion,sam2_1_tiny,28,56,car_B.window,visible,4,False,False,True,1.0,0.9404296875,15,8,4,True,False,False,False,0.010416666666666666
calibration_long_occlusion_1001,1001,long_occlusion,sam2_1_tiny,29,58,car_B.window,visible,4,False,False,True,1.0,0.9404296875,15,7,4,True,False,False,False,0.013888888888888888
calibration_long_occlusion_1001,1001,long_occlusion,sam2_1_tiny,30,60,car_B.window,visible,4,False,False,True,1.0,0.9404296875,15,7,4,True,False,False,False,0.010416666666666666
calibration_long_occlusion_1001,1001,long_occlusion,sam2_1_tiny,31,62,car_B.window,visible,4,False,False,True,1.0,0.9404296875,15,7,4,True,False,False,False,0.010416666666666666
calibration_crossing_1100,1100,crossing,sam2_1_tiny,1,2,car_A.front_door,visible,1,False,False,True,1.0,0.9404296875,7,7,1,True,False,False,False,0.015625
calibration_crossing_1100,1100,crossing,sam2_1_tiny,2,4,car_A.front_door,visible,1,False,False,True,1.0,0.9404296875,7,7,1,True,False,False,False,0.015625
calibration_crossing_1100,1100,crossing,sam2_1_tiny,3,6,car_A.front_door,visible,1,False,False,True,1.0,0.9404296875,7,7,1,True,False,False,False,0.015625
calibration_crossing_1100,1100,crossing,sam2_1_tiny,4,8,car_A.front_door,visible,1,False,False,True,1.0,0.9404296875,7,7,1,True,False,False,False,0.020833333333333332
calibration_crossing_1100,1100,crossing,sam2_1_tiny,5,10,car_A.front_door,visible,1,False,False,True,1.0,0.9404296875,7,8,1,True,False,False,False,0.015625
calibration_crossing_1100,1100,crossing,sam2_1_tiny,6,12,car_A.front_door,visible,1,False,False,True,1.0,0.9404296875,8,8,1,True,False,False,False,0.015625
calibration_crossing_1100,1100,crossing,sam2_1_tiny,7,14,car_A.front_door,visible,1,False,False,True,1.0,0.9404296875,8,9,1,True,False,False,False,0.015625
calibration_crossing_1100,1100,crossing,sam2_1_tiny,8,16,car_A.front_door,visible,2,True,False,True,1.0,0.9404296875,9,9,1,True,False,False,False,0.015625
calibration_crossing_1100,1100,crossing,sam2_1_tiny,9,18,car_A.front_door,visible,2,False,False,True,1.0,0.9404296875,9,10,1,True,False,False,False,0.015625
calibration_crossing_1100,1100,crossing,sam2_1_tiny,10,20,car_A.front_door,visible,2,False,False,True,1.0,0.9404296875,10,10,1,True,False,False,False,0.015625
calibration_crossing_1100,1100,crossing,sam2_1_tiny,11,22,car_A.front_door,visible,2,False,False,True,1.0,0.9404296875,10,10,1,True,False,False,False,0.012152777777777778
calibration_crossing_1100,1100,crossing,sam2_1_tiny,12,24,car_A.front_door,ambiguous,2,False,False,False,0.57421875,0.9404296875,10,10,-2,False,False,False,False,0.0
calibration_crossing_1100,1100,crossing,sam2_1_tiny,13,26,car_A.front_door,ambiguous,2,False,False,False,0.09375,0.9404296875,10,12,-2,False,False,False,False,0.0
calibration_crossing_1100,1100,crossing,sam2_1_tiny,14,28,car_A.front_door,absent,2,False,False,False,0.0,0.9404296875,0,0,-2,False,False,False,False,0.0
calibration_crossing_1100,1100,crossing,sam2_1_tiny,15,30,car_A.front_door,absent,2,False,False,False,0.5,0.9404296875,13,13,-2,False,False,False,False,0.0
calibration_crossing_1100,1100,crossing,sam2_1_tiny,16,32,car_A.front_door,ambiguous,3,True,False,True,1.0,0.9404296875,12,12,3,False,False,False,False,0.0
calibration_crossing_1100,1100,crossing,sam2_1_tiny,17,34,car_A.front_door,visible,3,False,True,True,1.0,0.9404296875,12,12,3,False,True,False,True,0.005208333333333333
calibration_crossing_1100,1100,crossing,sam2_1_tiny,18,36,car_A.front_door,visible,3,False,False,True,1.0,0.9404296875,11,11,3,False,True,False,False,0.013888888888888888
calibration_crossing_1100,1100,crossing,sam2_1_tiny,19,38,car_A.front_door,visible,3,False,False,True,1.0,0.9404296875,11,11,3,False,True,False,False,0.015625
calibration_crossing_1100,1100,crossing,sam2_1_tiny,20,40,car_A.front_door,visible,3,False,False,True,1.0,0.9404296875,10,10,3,False,True,False,False,0.015625
calibration_crossing_1100,1100,crossing,sam2_1_tiny,21,42,car_A.front_door,visible,3,False,False,True,1.0,0.9404296875,10,10,3,False,True,False,False,0.015625
calibration_crossing_1100,1100,crossing,sam2_1_tiny,22,44,car_A.front_door,visible,3,False,False,True,1.0,0.9404296875,9,9,3,False,True,False,False,0.015625
calibration_crossing_1100,1100,crossing,sam2_1_tiny,23,46,car_A.front_door,visible,3,False,False,True,1.0,0.9404296875,9,9,3,False,True,False,False,0.015625
calibration_crossing_1100,1100,crossing,sam2_1_tiny,24,48,car_A.front_door,visible,4,True,False,True,1.0,0.9404296875,8,8,3,False,True,False,False,0.015625
calibration_crossing_1100,1100,crossing,sam2_1_tiny,25,50,car_A.front_door,visible,4,False,False,True,1.0,0.9404296875,8,8,3,False,True,False,False,0.019097222222222224
calibration_crossing_1100,1100,crossing,sam2_1_tiny,26,52,car_A.front_door,visible,4,False,False,True,1.0,0.9404296875,8,8,3,False,True,False,False,0.015625
calibration_crossing_1100,1100,crossing,sam2_1_tiny,27,54,car_A.front_door,visible,4,False,False,True,1.0,0.9404296875,7,7,3,False,True,False,False,0.015625
calibration_crossing_1100,1100,crossing,sam2_1_tiny,28,56,car_A.front_door,visible,4,False,False,True,1.0,0.9404296875,7,7,3,False,True,False,False,0.015625
calibration_crossing_1100,1100,crossing,sam2_1_tiny,29,58,car_A.front_door,visible,4,False,False,True,1.0,0.9404296875,7,7,3,False,True,False,False,0.020833333333333332
calibration_crossing_1100,1100,crossing,sam2_1_tiny,30,60,car_A.front_door,visible,4,False,False,True,1.0,0.9404296875,7,7,3,False,True,False,False,0.020833333333333332
calibration_crossing_1100,1100,crossing,sam2_1_tiny,31,62,car_A.front_door,visible,4,False,False,True,1.0,0.9404296875,7,7,3,False,True,False,False,0.019097222222222224
calibration_crossing_1100,1100,crossing,sam2_1_tiny,1,2,car_A.window,visible,1,False,False,True,1.0,0.9404296875,4,7,2,True,False,False,False,0.010416666666666666
calibration_crossing_1100,1100,crossing,sam2_1_tiny,2,4,car_A.window,visible,1,False,False,True,1.0,0.9404296875,4,7,2,True,False,False,False,0.010416666666666666
calibration_crossing_1100,1100,crossing,sam2_1_tiny,3,6,car_A.window,visible,1,False,False,True,1.0,0.9404296875,4,7,2,True,False,False,False,0.010416666666666666
calibration_crossing_1100,1100,crossing,sam2_1_tiny,4,8,car_A.window,visible,1,False,False,True,1.0,0.9404296875,4,7,2,True,False,False,False,0.005208333333333333
calibration_crossing_1100,1100,crossing,sam2_1_tiny,5,10,car_A.window,visible,1,False,False,True,1.0,0.9404296875,4,8,2,True,False,False,False,0.010416666666666666
calibration_crossing_1100,1100,crossing,sam2_1_tiny,6,12,car_A.window,visible,1,False,False,True,1.0,0.9404296875,5,8,2,True,False,False,False,0.010416666666666666
calibration_crossing_1100,1100,crossing,sam2_1_tiny,7,14,car_A.window,visible,1,False,False,True,1.0,0.9404296875,5,9,2,True,False,False,False,0.005208333333333333
calibration_crossing_1100,1100,crossing,sam2_1_tiny,8,16,car_A.window,visible,2,True,False,True,1.0,0.9404296875,5,9,2,True,False,False,False,0.010416666666666666
calibration_crossing_1100,1100,crossing,sam2_1_tiny,9,18,car_A.window,visible,2,False,False,True,1.0,0.9404296875,6,10,2,True,False,False,False,0.005208333333333333
calibration_crossing_1100,1100,crossing,sam2_1_tiny,10,20,car_A.window,visible,2,False,False,True,1.0,0.9404296875,6,10,2,True,False,False,False,0.010416666666666666
calibration_crossing_1100,1100,crossing,sam2_1_tiny,11,22,car_A.window,visible,2,False,False,True,1.0,0.9404296875,7,11,2,True,False,False,False,0.005208333333333333
calibration_crossing_1100,1100,crossing,sam2_1_tiny,12,24,car_A.window,visible,2,False,False,True,1.0,0.9404296875,8,11,2,True,False,False,False,0.008680555555555556
calibration_crossing_1100,1100,crossing,sam2_1_tiny,13,26,car_A.window,visible,2,False,False,True,1.0,0.9404296875,8,12,2,True,False,False,False,0.005208333333333333
calibration_crossing_1100,1100,crossing,sam2_1_tiny,14,28,car_A.window,visible,2,False,False,False,0.90625,0.9404296875,8,13,-2,False,False,False,False,0.005208333333333333
calibration_crossing_1100,1100,crossing,sam2_1_tiny,15,30,car_A.window,ambiguous,2,False,False,False,0.505859375,0.9404296875,9,15,-2,False,False,False,False,0.0
calibration_crossing_1100,1100,crossing,sam2_1_tiny,16,32,car_A.window,visible,3,True,False,False,0.853515625,0.9404296875,9,15,-2,False,False,False,False,0.001736111111111111
calibration_crossing_1100,1100,crossing,sam2_1_tiny,17,34,car_A.window,ambiguous,3,False,False,False,0.78515625,0.9404296875,10,16,-2,False,False,False,False,0.0
calibration_crossing_1100,1100,crossing,sam2_1_tiny,18,36,car_A.window,visible,3,False,False,True,1.0,0.9404296875,11,16,2,True,False,False,False,0.003472222222222222
calibration_crossing_1100,1100,crossing,sam2_1_tiny,19,38,car_A.window,visible,3,False,False,True,1.0,0.9404296875,11,16,2,True,False,False,False,0.010416666666666666
calibration_crossing_1100,1100,crossing,sam2_1_tiny,20,40,car_A.window,visible,3,False,False,True,1.0,0.9404296875,12,16,2,True,False,False,False,0.005208333333333333
calibration_crossing_1100,1100,crossing,sam2_1_tiny,21,42,car_A.window,visible,3,False,False,True,1.0,0.9404296875,12,17,2,True,False,False,False,0.010416666666666666
calibration_crossing_1100,1100,crossing,sam2_1_tiny,22,44,car_A.window,visible,3,False,False,True,1.0,0.9404296875,13,17,2,True,False,False,False,0.005208333333333333
calibration_crossing_1100,1100,crossing,sam2_1_tiny,23,46,car_A.window,visible,3,False,False,True,1.0,0.9404296875,13,18,2,True,False,False,False,0.010416666666666666
calibration_crossing_1100,1100,crossing,sam2_1_tiny,24,48,car_A.window,visible,4,True,False,True,1.0,0.9404296875,14,18,2,True,False,False,False,0.010416666666666666
calibration_crossing_1100,1100,crossing,sam2_1_tiny,25,50,car_A.window,visible,4,False,False,True,1.0,0.9404296875,14,18,2,True,False,False,False,0.005208333333333333
calibration_crossing_1100,1100,crossing,sam2_1_tiny,26,52,car_A.window,visible,4,False,False,True,1.0,0.9404296875,14,19,2,True,False,False,False,0.010416666666666666
calibration_crossing_1100,1100,crossing,sam2_1_tiny,27,54,car_A.window,visible,4,False,False,True,1.0,0.9404296875,15,19,2,True,False,False,False,0.010416666666666666
calibration_crossing_1100,1100,crossing,sam2_1_tiny,28,56,car_A.window,visible,4,False,False,True,1.0,0.9404296875,15,19,2,True,False,False,False,0.010416666666666666
calibration_crossing_1100,1100,crossing,sam2_1_tiny,29,58,car_A.window,visible,4,False,False,True,1.0,0.9404296875,15,19,2,True,False,False,False,0.010416666666666666
calibration_crossing_1100,1100,crossing,sam2_1_tiny,30,60,car_A.window,visible,4,False,False,True,1.0,0.9404296875,15,19,2,True,False,False,False,0.010416666666666666
calibration_crossing_1100,1100,crossing,sam2_1_tiny,31,62,car_A.window,visible,4,False,False,True,1.0,0.9404296875,15,19,2,True,False,False,False,0.010416666666666666
calibration_crossing_1100,1100,crossing,sam2_1_tiny,1,2,car_B.front_door,visible,1,False,False,True,1.0,0.9404296875,18,19,3,True,False,False,False,0.019097222222222224
calibration_crossing_1100,1100,crossing,sam2_1_tiny,2,4,car_B.front_door,visible,1,False,False,True,1.0,0.9404296875,18,19,3,True,False,False,False,0.019097222222222224
calibration_crossing_1100,1100,crossing,sam2_1_tiny,3,6,car_B.front_door,visible,1,False,False,True,1.0,0.9404296875,18,19,3,True,False,False,False,0.015625
calibration_crossing_1100,1100,crossing,sam2_1_tiny,4,8,car_B.front_door,visible,1,False,False,True,1.0,0.9404296875,18,19,3,True,False,False,False,0.015625
calibration_crossing_1100,1100,crossing,sam2_1_tiny,5,10,car_B.front_door,visible,1,False,False,True,1.0,0.9404296875,18,19,3,True,False,False,False,0.015625
calibration_crossing_1100,1100,crossing,sam2_1_tiny,6,12,car_B.front_door,visible,1,False,False,True,1.0,0.9404296875,17,18,3,True,False,False,False,0.015625
calibration_crossing_1100,1100,crossing,sam2_1_tiny,7,14,car_B.front_door,visible,1,False,False,True,1.0,0.9404296875,17,18,3,True,False,False,False,0.015625
calibration_crossing_1100,1100,crossing,sam2_1_tiny,8,16,car_B.front_door,visible,2,True,False,True,1.0,0.9404296875,17,17,3,True,False,False,False,0.015625
calibration_crossing_1100,1100,crossing,sam2_1_tiny,9,18,car_B.front_door,visible,2,False,False,True,1.0,0.9404296875,16,17,3,True,False,False,False,0.015625
calibration_crossing_1100,1100,crossing,sam2_1_tiny,10,20,car_B.front_door,visible,2,False,False,True,1.0,0.9404296875,16,16,3,True,False,False,False,0.015625
calibration_crossing_1100,1100,crossing,sam2_1_tiny,11,22,car_B.front_door,visible,2,False,False,True,1.0,0.9404296875,15,16,3,True,False,False,False,0.015625
calibration_crossing_1100,1100,crossing,sam2_1_tiny,12,24,car_B.front_door,visible,2,False,False,True,1.0,0.9404296875,15,15,3,True,False,False,False,0.015625
calibration_crossing_1100,1100,crossing,sam2_1_tiny,13,26,car_B.front_door,visible,2,False,False,True,1.0,0.9404296875,14,14,3,True,False,False,False,0.015625
calibration_crossing_1100,1100,crossing,sam2_1_tiny,14,28,car_B.front_door,visible,2,False,False,True,1.0,0.9404296875,13,14,3,True,False,False,False,0.010416666666666666
calibration_crossing_1100,1100,crossing,sam2_1_tiny,15,30,car_B.front_door,visible,2,False,False,True,1.0,0.9404296875,13,13,3,True,False,False,False,0.015625
calibration_crossing_1100,1100,crossing,sam2_1_tiny,16,32,car_B.front_door,visible,3,True,False,True,1.0,0.9404296875,12,12,3,True,False,False,False,0.019097222222222224
calibration_crossing_1100,1100,crossing,sam2_1_tiny,17,34,car_B.front_door,visible,3,False,False,True,1.0,0.9404296875,12,12,3,True,False,False,False,0.015625
calibration_crossing_1100,1100,crossing,sam2_1_tiny,18,36,car_B.front_door,visible,3,False,False,True,1.0,0.9404296875,11,11,3,True,False,False,False,0.015625
calibration_crossing_1100,1100,crossing,sam2_1_tiny,19,38,car_B.front_door,visible,3,False,False,True,1.0,0.9404296875,11,11,3,True,False,False,False,0.015625
calibration_crossing_1100,1100,crossing,sam2_1_tiny,20,40,car_B.front_door,visible,3,False,False,True,1.0,0.9404296875,10,10,3,True,False,False,False,0.015625
calibration_crossing_1100,1100,crossing,sam2_1_tiny,21,42,car_B.front_door,visible,3,False,False,True,1.0,0.9404296875,10,10,3,True,False,False,False,0.015625
calibration_crossing_1100,1100,crossing,sam2_1_tiny,22,44,car_B.front_door,visible,3,False,False,True,1.0,0.9404296875,9,9,3,True,False,False,False,0.015625
calibration_crossing_1100,1100,crossing,sam2_1_tiny,23,46,car_B.front_door,visible,3,False,False,True,1.0,0.9404296875,9,9,3,True,False,False,False,0.015625
calibration_crossing_1100,1100,crossing,sam2_1_tiny,24,48,car_B.front_door,visible,4,True,False,True,1.0,0.9404296875,8,8,3,True,False,False,False,0.015625
calibration_crossing_1100,1100,crossing,sam2_1_tiny,25,50,car_B.front_door,visible,4,False,False,True,1.0,0.9404296875,8,8,3,True,False,False,False,0.015625
calibration_crossing_1100,1100,crossing,sam2_1_tiny,26,52,car_B.front_door,visible,4,False,False,True,1.0,0.9404296875,8,8,3,True,False,False,False,0.015625
calibration_crossing_1100,1100,crossing,sam2_1_tiny,27,54,car_B.front_door,visible,4,False,False,True,1.0,0.9404296875,7,7,3,True,False,False,False,0.019097222222222224
calibration_crossing_1100,1100,crossing,sam2_1_tiny,28,56,car_B.front_door,visible,4,False,False,True,1.0,0.9404296875,7,7,3,True,False,False,False,0.015625
calibration_crossing_1100,1100,crossing,sam2_1_tiny,29,58,car_B.front_door,visible,4,False,False,True,1.0,0.9404296875,7,7,3,True,False,False,False,0.015625
calibration_crossing_1100,1100,crossing,sam2_1_tiny,30,60,car_B.front_door,visible,4,False,False,True,1.0,0.9404296875,7,7,3,True,False,False,False,0.015625
calibration_crossing_1100,1100,crossing,sam2_1_tiny,31,62,car_B.front_door,visible,4,False,False,True,1.0,0.9404296875,7,7,3,True,False,False,False,0.015625
calibration_crossing_1100,1100,crossing,sam2_1_tiny,1,2,car_B.window,visible,1,False,False,True,1.0,0.9404296875,15,19,4,True,False,False,False,0.010416666666666666
calibration_crossing_1100,1100,crossing,sam2_1_tiny,2,4,car_B.window,visible,1,False,False,True,1.0,0.9404296875,15,19,4,True,False,False,False,0.010416666666666666
calibration_crossing_1100,1100,crossing,sam2_1_tiny,3,6,car_B.window,visible,1,False,False,True,1.0,0.9404296875,15,19,4,True,False,False,False,0.010416666666666666
calibration_crossing_1100,1100,crossing,sam2_1_tiny,4,8,car_B.window,visible,1,False,False,True,1.0,0.9404296875,15,19,4,True,False,False,False,0.010416666666666666
calibration_crossing_1100,1100,crossing,sam2_1_tiny,5,10,car_B.window,visible,1,False,False,True,1.0,0.9404296875,15,18,4,True,False,False,False,0.010416666666666666
calibration_crossing_1100,1100,crossing,sam2_1_tiny,6,12,car_B.window,visible,1,False,False,True,1.0,0.9404296875,14,18,4,True,False,False,False,0.010416666666666666
calibration_crossing_1100,1100,crossing,sam2_1_tiny,7,14,car_B.window,visible,1,False,False,True,1.0,0.9404296875,14,18,4,True,False,False,False,0.008680555555555556
calibration_crossing_1100,1100,crossing,sam2_1_tiny,8,16,car_B.window,visible,2,True,False,True,1.0,0.9404296875,13,17,4,True,False,False,False,0.010416666666666666
calibration_crossing_1100,1100,crossing,sam2_1_tiny,9,18,car_B.window,visible,2,False,False,True,1.0,0.9404296875,13,16,4,True,False,False,False,0.005208333333333333
calibration_crossing_1100,1100,crossing,sam2_1_tiny,10,20,car_B.window,visible,2,False,False,True,1.0,0.9404296875,12,16,4,True,False,False,False,0.010416666666666666
calibration_crossing_1100,1100,crossing,sam2_1_tiny,11,22,car_B.window,visible,2,False,False,True,1.0,0.9404296875,12,15,4,True,False,False,False,0.005208333333333333
calibration_crossing_1100,1100,crossing,sam2_1_tiny,12,24,car_B.window,visible,2,False,False,True,1.0,0.9404296875,11,15,4,True,False,False,False,0.010416666666666666
calibration_crossing_1100,1100,crossing,sam2_1_tiny,13,26,car_B.window,visible,2,False,False,True,1.0,0.9404296875,11,14,4,True,False,False,False,0.005208333333333333
calibration_crossing_1100,1100,crossing,sam2_1_tiny,14,28,car_B.window,visible,2,False,False,True,1.0,0.9404296875,10,13,4,True,False,False,False,0.006944444444444444
calibration_crossing_1100,1100,crossing,sam2_1_tiny,15,30,car_B.window,visible,2,False,False,True,1.0,0.9404296875,10,13,4,True,False,False,False,0.010416666666666666
calibration_crossing_1100,1100,crossing,sam2_1_tiny,16,32,car_B.window,visible,3,True,False,True,1.0,0.9404296875,9,12,4,True,False,False,False,0.005208333333333333
calibration_crossing_1100,1100,crossing,sam2_1_tiny,17,34,car_B.window,visible,3,False,False,True,1.0,0.9404296875,9,12,4,True,False,False,False,0.010416666666666666
calibration_crossing_1100,1100,crossing,sam2_1_tiny,18,36,car_B.window,visible,3,False,False,True,1.0,0.9404296875,8,11,4,True,False,False,False,0.005208333333333333
calibration_crossing_1100,1100,crossing,sam2_1_tiny,19,38,car_B.window,visible,3,False,False,True,1.0,0.9404296875,7,10,4,True,False,False,False,0.006944444444444444
calibration_crossing_1100,1100,crossing,sam2_1_tiny,20,40,car_B.window,visible,3,False,False,True,1.0,0.9404296875,7,10,4,True,False,False,False,0.005208333333333333
calibration_crossing_1100,1100,crossing,sam2_1_tiny,21,42,car_B.window,visible,3,False,False,True,1.0,0.9404296875,6,9,4,True,False,False,False,0.010416666666666666
calibration_crossing_1100,1100,crossing,sam2_1_tiny,22,44,car_B.window,visible,3,False,False,True,1.0,0.9404296875,6,9,4,True,False,False,False,0.005208333333333333
calibration_crossing_1100,1100,crossing,sam2_1_tiny,23,46,car_B.window,visible,3,False,False,True,1.0,0.9404296875,6,8,4,True,False,False,False,0.010416666666666666
calibration_crossing_1100,1100,crossing,sam2_1_tiny,24,48,car_B.window,visible,4,True,False,True,1.0,0.9404296875,5,8,4,True,False,False,False,0.010416666666666666
calibration_crossing_1100,1100,crossing,sam2_1_tiny,25,50,car_B.window,visible,4,False,False,True,1.0,0.9404296875,5,8,4,True,False,False,False,0.010416666666666666
calibration_crossing_1100,1100,crossing,sam2_1_tiny,26,52,car_B.window,visible,4,False,False,True,1.0,0.9404296875,4,7,4,True,False,False,False,0.013888888888888888
calibration_crossing_1100,1100,crossing,sam2_1_tiny,27,54,car_B.window,visible,4,False,False,True,1.0,0.9404296875,4,7,4,True,False,False,False,0.010416666666666666
calibration_crossing_1100,1100,crossing,sam2_1_tiny,28,56,car_B.window,visible,4,False,False,True,1.0,0.9404296875,4,7,4,True,False,False,False,0.005208333333333333
calibration_crossing_1100,1100,crossing,sam2_1_tiny,29,58,car_B.window,visible,4,False,False,True,1.0,0.9404296875,4,7,4,True,False,False,False,0.010416666666666666
calibration_crossing_1100,1100,crossing,sam2_1_tiny,30,60,car_B.window,visible,4,False,False,True,1.0,0.9404296875,4,7,4,True,False,False,False,0.010416666666666666
calibration_crossing_1100,1100,crossing,sam2_1_tiny,31,62,car_B.window,visible,4,False,False,True,1.0,0.9404296875,4,7,4,True,False,False,False,0.010416666666666666
calibration_crossing_1101,1101,crossing,sam2_1_tiny,1,2,car_A.front_door,visible,1,False,False,True,1.0,0.9404296875,7,7,1,True,False,False,False,0.015625
calibration_crossing_1101,1101,crossing,sam2_1_tiny,2,4,car_A.front_door,visible,1,False,False,True,1.0,0.9404296875,7,7,1,True,False,False,False,0.015625
calibration_crossing_1101,1101,crossing,sam2_1_tiny,3,6,car_A.front_door,visible,1,False,False,True,1.0,0.9404296875,7,7,1,True,False,False,False,0.015625
calibration_crossing_1101,1101,crossing,sam2_1_tiny,4,8,car_A.front_door,visible,1,False,False,True,1.0,0.9404296875,7,7,1,True,False,False,False,0.015625
calibration_crossing_1101,1101,crossing,sam2_1_tiny,5,10,car_A.front_door,visible,1,False,False,True,1.0,0.9404296875,7,7,1,True,False,False,False,0.020833333333333332
calibration_crossing_1101,1101,crossing,sam2_1_tiny,6,12,car_A.front_door,visible,1,False,False,True,1.0,0.9404296875,7,8,1,True,False,False,False,0.015625
calibration_crossing_1101,1101,crossing,sam2_1_tiny,7,14,car_A.front_door,visible,1,False,False,True,1.0,0.9404296875,8,8,1,True,False,False,False,0.015625
calibration_crossing_1101,1101,crossing,sam2_1_tiny,8,16,car_A.front_door,visible,2,True,False,True,1.0,0.9404296875,8,8,1,True,False,False,False,0.015625
calibration_crossing_1101,1101,crossing,sam2_1_tiny,9,18,car_A.front_door,visible,2,False,False,True,1.0,0.9404296875,8,9,1,True,False,False,False,0.015625
calibration_crossing_1101,1101,crossing,sam2_1_tiny,10,20,car_A.front_door,visible,2,False,False,True,1.0,0.9404296875,9,9,1,True,False,False,False,0.015625
calibration_crossing_1101,1101,crossing,sam2_1_tiny,11,22,car_A.front_door,visible,2,False,False,True,1.0,0.9404296875,9,10,1,True,False,False,False,0.015625
calibration_crossing_1101,1101,crossing,sam2_1_tiny,12,24,car_A.front_door,visible,2,False,False,True,1.0,0.9404296875,10,10,1,True,False,False,False,0.015625
calibration_crossing_1101,1101,crossing,sam2_1_tiny,13,26,car_A.front_door,visible,2,False,False,True,1.0,0.9404296875,10,11,1,True,False,False,False,0.013888888888888888
calibration_crossing_1101,1101,crossing,sam2_1_tiny,14,28,car_A.front_door,visible,2,False,False,True,0.943359375,0.9404296875,10,11,1,True,False,False,False,0.005208333333333333
calibration_crossing_1101,1101,crossing,sam2_1_tiny,15,30,car_A.front_door,ambiguous,2,False,False,False,0.46875,0.9404296875,10,12,-2,False,False,False,False,0.0
calibration_crossing_1101,1101,crossing,sam2_1_tiny,16,32,car_A.front_door,absent,3,True,False,False,0.0,0.9404296875,0,0,-2,False,False,False,False,0.0
calibration_crossing_1101,1101,crossing,sam2_1_tiny,17,34,car_A.front_door,absent,3,False,False,False,0.0,0.9404296875,0,0,-2,False,False,False,False,0.0
calibration_crossing_1101,1101,crossing,sam2_1_tiny,18,36,car_A.front_door,ambiguous,3,False,False,False,0.5,0.9404296875,13,12,-2,False,False,False,False,0.0
calibration_crossing_1101,1101,crossing,sam2_1_tiny,19,38,car_A.front_door,visible,3,False,True,False,0.875,0.9404296875,14,16,-2,False,False,False,False,0.005208333333333333
calibration_crossing_1101,1101,crossing,sam2_1_tiny,20,40,car_A.front_door,visible,3,False,False,True,1.0,0.9404296875,14,15,1,True,False,False,False,0.012152777777777778
calibration_crossing_1101,1101,crossing,sam2_1_tiny,21,42,car_A.front_door,visible,3,False,False,True,1.0,0.9404296875,15,16,1,True,False,False,False,0.015625
calibration_crossing_1101,1101,crossing,sam2_1_tiny,22,44,car_A.front_door,visible,3,False,False,True,1.0,0.9404296875,15,16,1,True,False,False,False,0.013888888888888888
calibration_crossing_1101,1101,crossing,sam2_1_tiny,23,46,car_A.front_door,visible,3,False,False,True,1.0,0.9404296875,16,17,1,True,False,False,False,0.015625
calibration_crossing_1101,1101,crossing,sam2_1_tiny,24,48,car_A.front_door,visible,4,True,False,True,1.0,0.9404296875,17,18,1,True,False,False,False,0.013888888888888888
calibration_crossing_1101,1101,crossing,sam2_1_tiny,25,50,car_A.front_door,visible,4,False,False,True,1.0,0.9404296875,17,18,1,True,False,False,False,0.015625
calibration_crossing_1101,1101,crossing,sam2_1_tiny,26,52,car_A.front_door,visible,4,False,False,True,1.0,0.9404296875,18,19,1,True,False,False,False,0.017361111111111112
calibration_crossing_1101,1101,crossing,sam2_1_tiny,27,54,car_A.front_door,visible,4,False,False,True,1.0,0.9404296875,18,19,1,True,False,False,False,0.015625
calibration_crossing_1101,1101,crossing,sam2_1_tiny,28,56,car_A.front_door,visible,4,False,False,True,1.0,0.9404296875,18,19,1,True,False,False,False,0.015625
calibration_crossing_1101,1101,crossing,sam2_1_tiny,29,58,car_A.front_door,visible,4,False,False,True,1.0,0.9404296875,18,19,1,True,False,False,False,0.020833333333333332
calibration_crossing_1101,1101,crossing,sam2_1_tiny,30,60,car_A.front_door,visible,4,False,False,True,1.0,0.9404296875,19,20,1,True,False,False,False,0.020833333333333332
calibration_crossing_1101,1101,crossing,sam2_1_tiny,31,62,car_A.front_door,visible,4,False,False,True,1.0,0.9404296875,19,20,1,True,False,False,False,0.020833333333333332
calibration_crossing_1101,1101,crossing,sam2_1_tiny,1,2,car_A.window,visible,1,False,False,True,1.0,0.9404296875,4,7,2,True,False,False,False,0.010416666666666666
calibration_crossing_1101,1101,crossing,sam2_1_tiny,2,4,car_A.window,visible,1,False,False,True,1.0,0.9404296875,4,7,2,True,False,False,False,0.010416666666666666
calibration_crossing_1101,1101,crossing,sam2_1_tiny,3,6,car_A.window,visible,1,False,False,True,1.0,0.9404296875,4,7,2,True,False,False,False,0.010416666666666666
calibration_crossing_1101,1101,crossing,sam2_1_tiny,4,8,car_A.window,visible,1,False,False,True,1.0,0.9404296875,4,7,2,True,False,False,False,0.010416666666666666
calibration_crossing_1101,1101,crossing,sam2_1_tiny,5,10,car_A.window,visible,1,False,False,True,1.0,0.9404296875,4,7,2,True,False,False,False,0.005208333333333333
calibration_crossing_1101,1101,crossing,sam2_1_tiny,6,12,car_A.window,visible,1,False,False,True,1.0,0.9404296875,4,7,2,True,False,False,False,0.008680555555555556
calibration_crossing_1101,1101,crossing,sam2_1_tiny,7,14,car_A.window,visible,1,False,False,True,1.0,0.9404296875,4,8,2,True,False,False,False,0.010416666666666666
calibration_crossing_1101,1101,crossing,sam2_1_tiny,8,16,car_A.window,visible,2,True,False,True,1.0,0.9404296875,5,8,2,True,False,False,False,0.010416666666666666
calibration_crossing_1101,1101,crossing,sam2_1_tiny,9,18,car_A.window,visible,2,False,False,True,1.0,0.9404296875,5,8,2,True,False,False,False,0.006944444444444444
calibration_crossing_1101,1101,crossing,sam2_1_tiny,10,20,car_A.window,visible,2,False,False,True,1.0,0.9404296875,5,9,2,True,False,False,False,0.010416666666666666
calibration_crossing_1101,1101,crossing,sam2_1_tiny,11,22,car_A.window,visible,2,False,False,True,1.0,0.9404296875,6,9,2,True,False,False,False,0.005208333333333333
calibration_crossing_1101,1101,crossing,sam2_1_tiny,12,24,car_A.window,visible,2,False,False,True,1.0,0.9404296875,6,10,2,True,False,False,False,0.010416666666666666
calibration_crossing_1101,1101,crossing,sam2_1_tiny,13,26,car_A.window,visible,2,False,False,True,1.0,0.9404296875,7,11,2,True,False,False,False,0.005208333333333333
calibration_crossing_1101,1101,crossing,sam2_1_tiny,14,28,car_A.window,visible,2,False,False,True,1.0,0.9404296875,7,11,2,True,False,False,False,0.010416666666666666
calibration_crossing_1101,1101,crossing,sam2_1_tiny,15,30,car_A.window,visible,2,False,False,True,1.0,0.9404296875,8,12,2,True,False,False,False,0.005208333333333333
calibration_crossing_1101,1101,crossing,sam2_1_tiny,16,32,car_A.window,visible,3,True,False,True,0.96875,0.9404296875,8,12,2,True,False,False,False,0.008680555555555556
calibration_crossing_1101,1101,crossing,sam2_1_tiny,17,34,car_A.window,ambiguous,3,False,False,False,0.46875,0.9404296875,8,13,-2,False,False,False,False,0.0
calibration_crossing_1101,1101,crossing,sam2_1_tiny,18,36,car_A.window,visible,3,False,False,False,0.744140625,0.9404296875,9,15,-2,False,False,False,False,0.001736111111111111
calibration_crossing_1101,1101,crossing,sam2_1_tiny,19,38,car_A.window,ambiguous,3,False,False,False,0.6640625,0.9404296875,10,16,-2,False,False,False,False,0.0
calibration_crossing_1101,1101,crossing,sam2_1_tiny,20,40,car_A.window,visible,3,False,False,True,1.0,0.9404296875,11,16,2,True,False,False,False,0.003472222222222222
calibration_crossing_1101,1101,crossing,sam2_1_tiny,21,42,car_A.window,visible,3,False,False,True,1.0,0.9404296875,12,16,2,True,False,False,False,0.010416666666666666
calibration_crossing_1101,1101,crossing,sam2_1_tiny,22,44,car_A.window,visible,3,False,False,True,1.0,0.9404296875,12,16,2,True,False,False,False,0.010416666666666666
calibration_crossing_1101,1101,crossing,sam2_1_tiny,23,46,car_A.window,visible,3,False,False,True,1.0,0.9404296875,13,17,2,True,False,False,False,0.010416666666666666
calibration_crossing_1101,1101,crossing,sam2_1_tiny,24,48,car_A.window,visible,4,True,False,True,1.0,0.9404296875,13,17,2,True,False,False,False,0.010416666666666666
calibration_crossing_1101,1101,crossing,sam2_1_tiny,25,50,car_A.window,visible,4,False,False,True,1.0,0.9404296875,14,18,2,True,False,False,False,0.005208333333333333
calibration_crossing_1101,1101,crossing,sam2_1_tiny,26,52,car_A.window,visible,4,False,False,True,1.0,0.9404296875,14,18,2,True,False,False,False,0.010416666666666666
calibration_crossing_1101,1101,crossing,sam2_1_tiny,27,54,car_A.window,visible,4,False,False,True,1.0,0.9404296875,15,19,2,True,False,False,False,0.010416666666666666
calibration_crossing_1101,1101,crossing,sam2_1_tiny,28,56,car_A.window,visible,4,False,False,True,1.0,0.9404296875,15,19,2,True,False,False,False,0.005208333333333333
calibration_crossing_1101,1101,crossing,sam2_1_tiny,29,58,car_A.window,visible,4,False,False,True,1.0,0.9404296875,15,19,2,True,False,False,False,0.010416666666666666
calibration_crossing_1101,1101,crossing,sam2_1_tiny,30,60,car_A.window,visible,4,False,False,True,1.0,0.9404296875,15,19,2,True,False,False,False,0.010416666666666666
calibration_crossing_1101,1101,crossing,sam2_1_tiny,31,62,car_A.window,visible,4,False,False,True,1.0,0.9404296875,16,19,2,True,False,False,False,0.010416666666666666
calibration_crossing_1101,1101,crossing,sam2_1_tiny,1,2,car_B.front_door,visible,1,False,False,True,1.0,0.9404296875,19,20,3,True,False,False,False,0.020833333333333332
calibration_crossing_1101,1101,crossing,sam2_1_tiny,2,4,car_B.front_door,visible,1,False,False,True,1.0,0.9404296875,19,20,3,True,False,False,False,0.020833333333333332
calibration_crossing_1101,1101,crossing,sam2_1_tiny,3,6,car_B.front_door,visible,1,False,False,True,1.0,0.9404296875,19,19,3,True,False,False,False,0.020833333333333332
calibration_crossing_1101,1101,crossing,sam2_1_tiny,4,8,car_B.front_door,visible,1,False,False,True,1.0,0.9404296875,19,19,3,True,False,False,False,0.015625
calibration_crossing_1101,1101,crossing,sam2_1_tiny,5,10,car_B.front_door,visible,1,False,False,True,1.0,0.9404296875,18,19,3,True,False,False,False,0.020833333333333332
calibration_crossing_1101,1101,crossing,sam2_1_tiny,6,12,car_B.front_door,visible,1,False,False,True,1.0,0.9404296875,18,19,3,True,False,False,False,0.015625
calibration_crossing_1101,1101,crossing,sam2_1_tiny,7,14,car_B.front_door,visible,1,False,False,True,1.0,0.9404296875,18,19,3,True,False,False,False,0.015625
calibration_crossing_1101,1101,crossing,sam2_1_tiny,8,16,car_B.front_door,visible,2,True,False,True,1.0,0.9404296875,18,18,3,True,False,False,False,0.015625
calibration_crossing_1101,1101,crossing,sam2_1_tiny,9,18,car_B.front_door,visible,2,False,False,True,1.0,0.9404296875,17,18,3,True,False,False,False,0.015625
calibration_crossing_1101,1101,crossing,sam2_1_tiny,10,20,car_B.front_door,visible,2,False,False,True,1.0,0.9404296875,17,17,3,True,False,False,False,0.015625
calibration_crossing_1101,1101,crossing,sam2_1_tiny,11,22,car_B.front_door,visible,2,False,False,True,1.0,0.9404296875,17,17,3,True,False,False,False,0.015625
calibration_crossing_1101,1101,crossing,sam2_1_tiny,12,24,car_B.front_door,visible,2,False,False,True,1.0,0.9404296875,16,16,3,True,False,False,False,0.015625
calibration_crossing_1101,1101,crossing,sam2_1_tiny,13,26,car_B.front_door,visible,2,False,False,True,1.0,0.9404296875,16,16,3,True,False,False,False,0.015625
calibration_crossing_1101,1101,crossing,sam2_1_tiny,14,28,car_B.front_door,visible,2,False,False,True,1.0,0.9404296875,15,15,3,True,False,False,False,0.015625
calibration_crossing_1101,1101,crossing,sam2_1_tiny,15,30,car_B.front_door,visible,2,False,False,True,1.0,0.9404296875,15,15,3,True,False,False,False,0.010416666666666666
calibration_crossing_1101,1101,crossing,sam2_1_tiny,16,32,car_B.front_door,visible,3,True,False,True,1.0,0.9404296875,14,14,3,True,False,False,False,0.015625
calibration_crossing_1101,1101,crossing,sam2_1_tiny,17,34,car_B.front_door,visible,3,False,False,True,1.0,0.9404296875,13,13,3,True,False,False,False,0.013888888888888888
calibration_crossing_1101,1101,crossing,sam2_1_tiny,18,36,car_B.front_door,visible,3,False,False,True,1.0,0.9404296875,13,13,3,True,False,False,False,0.015625
calibration_crossing_1101,1101,crossing,sam2_1_tiny,19,38,car_B.front_door,visible,3,False,False,True,1.0,0.9404296875,12,12,3,True,False,False,False,0.015625
calibration_crossing_1101,1101,crossing,sam2_1_tiny,20,40,car_B.front_door,visible,3,False,False,True,1.0,0.9404296875,11,11,3,True,False,False,False,0.010416666666666666
calibration_crossing_1101,1101,crossing,sam2_1_tiny,21,42,car_B.front_door,visible,3,False,False,True,1.0,0.9404296875,11,11,3,True,False,False,False,0.015625
calibration_crossing_1101,1101,crossing,sam2_1_tiny,22,44,car_B.front_door,visible,3,False,False,True,1.0,0.9404296875,10,10,3,True,False,False,False,0.015625
calibration_crossing_1101,1101,crossing,sam2_1_tiny,23,46,car_B.front_door,visible,3,False,False,True,1.0,0.9404296875,10,9,3,True,False,False,False,0.019097222222222224
calibration_crossing_1101,1101,crossing,sam2_1_tiny,24,48,car_B.front_door,visible,4,True,False,True,1.0,0.9404296875,9,9,3,True,False,False,False,0.015625
calibration_crossing_1101,1101,crossing,sam2_1_tiny,25,50,car_B.front_door,visible,4,False,False,True,1.0,0.9404296875,9,8,3,True,False,False,False,0.019097222222222224
calibration_crossing_1101,1101,crossing,sam2_1_tiny,26,52,car_B.front_door,visible,4,False,False,True,1.0,0.9404296875,8,8,3,True,False,False,False,0.015625
calibration_crossing_1101,1101,crossing,sam2_1_tiny,27,54,car_B.front_door,visible,4,False,False,True,1.0,0.9404296875,8,8,3,True,False,False,False,0.015625
calibration_crossing_1101,1101,crossing,sam2_1_tiny,28,56,car_B.front_door,visible,4,False,False,True,1.0,0.9404296875,7,7,3,True,False,False,False,0.015625
calibration_crossing_1101,1101,crossing,sam2_1_tiny,29,58,car_B.front_door,visible,4,False,False,True,1.0,0.9404296875,7,7,3,True,False,False,False,0.015625
calibration_crossing_1101,1101,crossing,sam2_1_tiny,30,60,car_B.front_door,visible,4,False,False,True,1.0,0.9404296875,7,7,3,True,False,False,False,0.015625
calibration_crossing_1101,1101,crossing,sam2_1_tiny,31,62,car_B.front_door,visible,4,False,False,True,1.0,0.9404296875,7,7,3,True,False,False,False,0.015625
calibration_crossing_1101,1101,crossing,sam2_1_tiny,1,2,car_B.window,visible,1,False,False,True,1.0,0.9404296875,16,19,4,True,False,False,False,0.010416666666666666
calibration_crossing_1101,1101,crossing,sam2_1_tiny,2,4,car_B.window,visible,1,False,False,True,1.0,0.9404296875,16,19,4,True,False,False,False,0.010416666666666666
calibration_crossing_1101,1101,crossing,sam2_1_tiny,3,6,car_B.window,visible,1,False,False,True,1.0,0.9404296875,15,19,4,True,False,False,False,0.010416666666666666
calibration_crossing_1101,1101,crossing,sam2_1_tiny,4,8,car_B.window,visible,1,False,False,True,1.0,0.9404296875,15,19,4,True,False,False,False,0.010416666666666666
calibration_crossing_1101,1101,crossing,sam2_1_tiny,5,10,car_B.window,visible,1,False,False,True,1.0,0.9404296875,15,19,4,True,False,False,False,0.010416666666666666
calibration_crossing_1101,1101,crossing,sam2_1_tiny,6,12,car_B.window,visible,1,False,False,True,1.0,0.9404296875,15,19,4,True,False,False,False,0.008680555555555556
calibration_crossing_1101,1101,crossing,sam2_1_tiny,7,14,car_B.window,visible,1,False,False,True,1.0,0.9404296875,15,18,4,True,False,False,False,0.008680555555555556
calibration_crossing_1101,1101,crossing,sam2_1_tiny,8,16,car_B.window,visible,2,True,False,True,1.0,0.9404296875,15,18,4,True,False,False,False,0.010416666666666666
calibration_crossing_1101,1101,crossing,sam2_1_tiny,9,18,car_B.window,visible,2,False,False,True,1.0,0.9404296875,14,18,4,True,False,False,False,0.010416666666666666
calibration_crossing_1101,1101,crossing,sam2_1_tiny,10,20,car_B.window,visible,2,False,False,True,1.0,0.9404296875,14,17,4,True,False,False,False,0.008680555555555556
calibration_crossing_1101,1101,crossing,sam2_1_tiny,11,22,car_B.window,visible,2,False,False,True,1.0,0.9404296875,13,17,4,True,False,False,False,0.010416666666666666
calibration_crossing_1101,1101,crossing,sam2_1_tiny,12,24,car_B.window,visible,2,False,False,True,1.0,0.9404296875,13,16,4,True,False,False,False,0.005208333333333333
calibration_crossing_1101,1101,crossing,sam2_1_tiny,13,26,car_B.window,visible,2,False,False,True,1.0,0.9404296875,12,16,4,True,False,False,False,0.010416666666666666
calibration_crossing_1101,1101,crossing,sam2_1_tiny,14,28,car_B.window,visible,2,False,False,True,1.0,0.9404296875,12,15,4,True,False,False,False,0.005208333333333333
calibration_crossing_1101,1101,crossing,sam2_1_tiny,15,30,car_B.window,visible,2,False,False,True,1.0,0.9404296875,11,14,4,True,False,False,False,0.010416666666666666
calibration_crossing_1101,1101,crossing,sam2_1_tiny,16,32,car_B.window,visible,3,True,False,True,1.0,0.9404296875,11,14,4,True,False,False,False,0.010416666666666666
calibration_crossing_1101,1101,crossing,sam2_1_tiny,17,34,car_B.window,visible,3,False,False,True,1.0,0.9404296875,10,13,4,True,False,False,False,0.005208333333333333
calibration_crossing_1101,1101,crossing,sam2_1_tiny,18,36,car_B.window,visible,3,False,False,True,1.0,0.9404296875,10,13,4,True,False,False,False,0.006944444444444444
calibration_crossing_1101,1101,crossing,sam2_1_tiny,19,38,car_B.window,visible,3,False,False,True,1.0,0.9404296875,9,12,4,True,False,False,False,0.005208333333333333
calibration_crossing_1101,1101,crossing,sam2_1_tiny,20,40,car_B.window,visible,3,False,False,True,1.0,0.9404296875,8,11,4,True,False,False,False,0.010416666666666666
calibration_crossing_1101,1101,crossing,sam2_1_tiny,21,42,car_B.window,visible,3,False,False,True,1.0,0.9404296875,8,11,4,True,False,False,False,0.006944444444444444
calibration_crossing_1101,1101,crossing,sam2_1_tiny,22,44,car_B.window,visible,3,False,False,True,1.0,0.9404296875,7,10,4,True,False,False,False,0.005208333333333333
calibration_crossing_1101,1101,crossing,sam2_1_tiny,23,46,car_B.window,visible,3,False,False,True,1.0,0.9404296875,6,9,4,True,False,False,False,0.010416666666666666
calibration_crossing_1101,1101,crossing,sam2_1_tiny,24,48,car_B.window,visible,4,True,False,True,1.0,0.9404296875,6,9,4,True,False,False,False,0.005208333333333333
calibration_crossing_1101,1101,crossing,sam2_1_tiny,25,50,car_B.window,visible,4,False,False,True,1.0,0.9404296875,5,8,4,True,False,False,False,0.010416666666666666
calibration_crossing_1101,1101,crossing,sam2_1_tiny,26,52,car_B.window,visible,4,False,False,True,1.0,0.9404296875,5,8,4,True,False,False,False,0.005208333333333333
calibration_crossing_1101,1101,crossing,sam2_1_tiny,27,54,car_B.window,visible,4,False,False,True,1.0,0.9404296875,5,7,4,True,False,False,False,0.010416666666666666
calibration_crossing_1101,1101,crossing,sam2_1_tiny,28,56,car_B.window,visible,4,False,False,True,1.0,0.9404296875,4,7,4,True,False,False,False,0.010416666666666666
calibration_crossing_1101,1101,crossing,sam2_1_tiny,29,58,car_B.window,visible,4,False,False,True,1.0,0.9404296875,4,7,4,True,False,False,False,0.005208333333333333
calibration_crossing_1101,1101,crossing,sam2_1_tiny,30,60,car_B.window,visible,4,False,False,True,1.0,0.9404296875,4,7,4,True,False,False,False,0.010416666666666666
calibration_crossing_1101,1101,crossing,sam2_1_tiny,31,62,car_B.window,visible,4,False,False,True,1.0,0.9404296875,4,7,4,True,False,False,False,0.010416666666666666
calibration_scale_camera_1200,1200,scale_camera,sam2_1_tiny,1,2,car_A.front_door,visible,1,False,False,True,1.0,0.9404296875,7,7,1,True,False,False,False,0.015625
calibration_scale_camera_1200,1200,scale_camera,sam2_1_tiny,2,4,car_A.front_door,visible,1,False,False,True,1.0,0.9404296875,7,7,1,True,False,False,False,0.015625
calibration_scale_camera_1200,1200,scale_camera,sam2_1_tiny,3,6,car_A.front_door,visible,1,False,False,True,1.0,0.9404296875,7,8,1,True,False,False,False,0.020833333333333332
calibration_scale_camera_1200,1200,scale_camera,sam2_1_tiny,4,8,car_A.front_door,visible,1,False,False,True,1.0,0.9404296875,8,9,1,True,False,False,False,0.015625
calibration_scale_camera_1200,1200,scale_camera,sam2_1_tiny,5,10,car_A.front_door,visible,1,False,False,True,1.0,0.9404296875,8,10,1,True,False,False,False,0.015625
calibration_scale_camera_1200,1200,scale_camera,sam2_1_tiny,6,12,car_A.front_door,visible,1,False,False,True,1.0,0.9404296875,8,11,1,True,False,False,False,0.017361111111111112
calibration_scale_camera_1200,1200,scale_camera,sam2_1_tiny,7,14,car_A.front_door,visible,1,False,False,True,1.0,0.9404296875,8,12,1,True,False,False,False,0.019097222222222224
calibration_scale_camera_1200,1200,scale_camera,sam2_1_tiny,8,16,car_A.front_door,visible,2,True,False,True,1.0,0.9404296875,8,13,1,True,False,False,False,0.020833333333333332
calibration_scale_camera_1200,1200,scale_camera,sam2_1_tiny,9,18,car_A.front_door,visible,2,False,False,True,1.0,0.9404296875,8,13,1,True,False,False,False,0.022569444444444444
calibration_scale_camera_1200,1200,scale_camera,sam2_1_tiny,10,20,car_A.front_door,visible,2,False,False,True,1.0,0.9404296875,8,14,1,True,False,False,False,0.022569444444444444
calibration_scale_camera_1200,1200,scale_camera,sam2_1_tiny,11,22,car_A.front_door,visible,2,False,False,True,1.0,0.9404296875,7,15,1,True,False,False,False,0.022569444444444444
calibration_scale_camera_1200,1200,scale_camera,sam2_1_tiny,12,24,car_A.front_door,visible,2,False,False,True,1.0,0.9404296875,7,15,1,True,False,False,False,0.022569444444444444
calibration_scale_camera_1200,1200,scale_camera,sam2_1_tiny,13,26,car_A.front_door,visible,2,False,False,True,1.0,0.9404296875,7,15,1,True,False,False,False,0.020833333333333332
calibration_scale_camera_1200,1200,scale_camera,sam2_1_tiny,14,28,car_A.front_door,visible,2,False,False,True,1.0,0.9404296875,7,15,1,True,False,False,False,0.020833333333333332
calibration_scale_camera_1200,1200,scale_camera,sam2_1_tiny,15,30,car_A.front_door,visible,2,False,False,True,1.0,0.9404296875,7,15,1,True,False,False,False,0.015625
calibration_scale_camera_1200,1200,scale_camera,sam2_1_tiny,16,32,car_A.front_door,visible,3,True,False,True,1.0,0.9404296875,7,15,1,True,False,False,False,0.015625
calibration_scale_camera_1200,1200,scale_camera,sam2_1_tiny,17,34,car_A.front_door,visible,3,False,False,True,1.0,0.9404296875,7,14,1,True,False,False,False,0.015625
calibration_scale_camera_1200,1200,scale_camera,sam2_1_tiny,18,36,car_A.front_door,visible,3,False,False,True,1.0,0.9404296875,7,14,1,True,False,False,False,0.015625
calibration_scale_camera_1200,1200,scale_camera,sam2_1_tiny,19,38,car_A.front_door,visible,3,False,False,True,1.0,0.9404296875,7,13,1,True,False,False,False,0.015625
calibration_scale_camera_1200,1200,scale_camera,sam2_1_tiny,20,40,car_A.front_door,visible,3,False,False,True,1.0,0.9404296875,7,12,1,True,False,False,False,0.010416666666666666
calibration_scale_camera_1200,1200,scale_camera,sam2_1_tiny,21,42,car_A.front_door,visible,3,False,False,True,1.0,0.9404296875,7,11,1,True,False,False,False,0.010416666666666666
calibration_scale_camera_1200,1200,scale_camera,sam2_1_tiny,22,44,car_A.front_door,visible,3,False,False,True,1.0,0.9404296875,7,11,1,True,False,False,False,0.010416666666666666
calibration_scale_camera_1200,1200,scale_camera,sam2_1_tiny,23,46,car_A.front_door,visible,3,False,False,True,1.0,0.9404296875,7,10,1,True,False,False,False,0.010416666666666666
calibration_scale_camera_1200,1200,scale_camera,sam2_1_tiny,24,48,car_A.front_door,visible,4,True,False,True,1.0,0.9404296875,7,9,1,True,False,False,False,0.010416666666666666
calibration_scale_camera_1200,1200,scale_camera,sam2_1_tiny,25,50,car_A.front_door,visible,4,False,False,True,1.0,0.9404296875,7,8,1,True,False,False,False,0.010416666666666666
calibration_scale_camera_1200,1200,scale_camera,sam2_1_tiny,26,52,car_A.front_door,visible,4,False,False,True,1.0,0.9404296875,7,7,1,True,False,False,False,0.006944444444444444
calibration_scale_camera_1200,1200,scale_camera,sam2_1_tiny,27,54,car_A.front_door,visible,4,False,False,True,1.0,0.9404296875,6,7,1,True,False,False,False,0.010416666666666666
calibration_scale_camera_1200,1200,scale_camera,sam2_1_tiny,28,56,car_A.front_door,visible,4,False,False,True,1.0,0.9404296875,6,7,1,True,False,False,False,0.010416666666666666
calibration_scale_camera_1200,1200,scale_camera,sam2_1_tiny,29,58,car_A.front_door,visible,4,False,False,True,1.0,0.9404296875,7,7,1,True,False,False,False,0.013888888888888888
calibration_scale_camera_1200,1200,scale_camera,sam2_1_tiny,30,60,car_A.front_door,visible,4,False,False,True,1.0,0.9404296875,7,7,1,True,False,False,False,0.015625
calibration_scale_camera_1200,1200,scale_camera,sam2_1_tiny,31,62,car_A.front_door,visible,4,False,False,True,1.0,0.9404296875,7,7,1,True,False,False,False,0.015625
calibration_scale_camera_1200,1200,scale_camera,sam2_1_tiny,1,2,car_A.window,visible,1,False,False,True,1.0,0.9404296875,4,7,2,True,False,False,False,0.010416666666666666
calibration_scale_camera_1200,1200,scale_camera,sam2_1_tiny,2,4,car_A.window,visible,1,False,False,True,1.0,0.9404296875,4,7,2,True,False,False,False,0.010416666666666666
calibration_scale_camera_1200,1200,scale_camera,sam2_1_tiny,3,6,car_A.window,visible,1,False,False,True,1.0,0.9404296875,4,8,2,True,False,False,False,0.010416666666666666
calibration_scale_camera_1200,1200,scale_camera,sam2_1_tiny,4,8,car_A.window,visible,1,False,False,True,1.0,0.9404296875,4,9,2,True,False,False,False,0.010416666666666666
calibration_scale_camera_1200,1200,scale_camera,sam2_1_tiny,5,10,car_A.window,visible,1,False,False,True,1.0,0.9404296875,4,9,2,True,False,False,False,0.010416666666666666
calibration_scale_camera_1200,1200,scale_camera,sam2_1_tiny,6,12,car_A.window,visible,1,False,False,True,1.0,0.9404296875,4,10,2,True,False,False,False,0.010416666666666666
calibration_scale_camera_1200,1200,scale_camera,sam2_1_tiny,7,14,car_A.window,visible,1,False,False,True,1.0,0.9404296875,4,11,2,True,False,False,False,0.010416666666666666
calibration_scale_camera_1200,1200,scale_camera,sam2_1_tiny,8,16,car_A.window,visible,2,True,False,True,1.0,0.9404296875,4,12,2,True,False,False,False,0.010416666666666666
calibration_scale_camera_1200,1200,scale_camera,sam2_1_tiny,9,18,car_A.window,visible,2,False,False,True,1.0,0.9404296875,4,13,2,True,False,False,False,0.010416666666666666
calibration_scale_camera_1200,1200,scale_camera,sam2_1_tiny,10,20,car_A.window,visible,2,False,False,True,1.0,0.9404296875,4,14,2,True,False,False,False,0.015625
calibration_scale_camera_1200,1200,scale_camera,sam2_1_tiny,11,22,car_A.window,visible,2,False,False,True,1.0,0.9404296875,4,14,2,True,False,False,False,0.013888888888888888
calibration_scale_camera_1200,1200,scale_camera,sam2_1_tiny,12,24,car_A.window,visible,2,False,False,True,1.0,0.9404296875,4,15,2,True,False,False,False,0.010416666666666666
calibration_scale_camera_1200,1200,scale_camera,sam2_1_tiny,13,26,car_A.window,visible,2,False,False,True,1.0,0.9404296875,4,15,2,True,False,False,False,0.010416666666666666
calibration_scale_camera_1200,1200,scale_camera,sam2_1_tiny,14,28,car_A.window,visible,2,False,False,True,1.0,0.9404296875,4,15,2,True,False,False,False,0.010416666666666666
calibration_scale_camera_1200,1200,scale_camera,sam2_1_tiny,15,30,car_A.window,visible,2,False,False,True,1.0,0.9404296875,4,15,2,True,False,False,False,0.010416666666666666
calibration_scale_camera_1200,1200,scale_camera,sam2_1_tiny,16,32,car_A.window,visible,3,True,False,True,1.0,0.9404296875,4,15,2,True,False,False,False,0.010416666666666666
calibration_scale_camera_1200,1200,scale_camera,sam2_1_tiny,17,34,car_A.window,visible,3,False,False,True,1.0,0.9404296875,4,14,2,True,False,False,False,0.008680555555555556
calibration_scale_camera_1200,1200,scale_camera,sam2_1_tiny,18,36,car_A.window,visible,3,False,False,True,1.0,0.9404296875,4,14,2,True,False,False,False,0.005208333333333333
calibration_scale_camera_1200,1200,scale_camera,sam2_1_tiny,19,38,car_A.window,visible,3,False,False,True,1.0,0.9404296875,4,13,2,True,False,False,False,0.008680555555555556
calibration_scale_camera_1200,1200,scale_camera,sam2_1_tiny,20,40,car_A.window,visible,3,False,False,True,1.0,0.9404296875,4,12,2,True,False,False,False,0.006944444444444444
calibration_scale_camera_1200,1200,scale_camera,sam2_1_tiny,21,42,car_A.window,visible,3,False,False,True,1.0,0.9404296875,4,11,2,True,False,False,False,0.006944444444444444
calibration_scale_camera_1200,1200,scale_camera,sam2_1_tiny,22,44,car_A.window,visible,3,False,False,True,1.0,0.9404296875,4,11,2,True,False,False,False,0.005208333333333333
calibration_scale_camera_1200,1200,scale_camera,sam2_1_tiny,23,46,car_A.window,visible,3,False,False,True,1.0,0.9404296875,4,10,2,True,False,False,False,0.003472222222222222
calibration_scale_camera_1200,1200,scale_camera,sam2_1_tiny,24,48,car_A.window,visible,4,True,False,True,1.0,0.9404296875,4,9,2,True,False,False,False,0.005208333333333333
calibration_scale_camera_1200,1200,scale_camera,sam2_1_tiny,25,50,car_A.window,visible,4,False,False,True,1.0,0.9404296875,4,8,2,True,False,False,False,0.003472222222222222
calibration_scale_camera_1200,1200,scale_camera,sam2_1_tiny,26,52,car_A.window,visible,4,False,False,True,1.0,0.9404296875,4,7,2,True,False,False,False,0.006944444444444444
calibration_scale_camera_1200,1200,scale_camera,sam2_1_tiny,27,54,car_A.window,visible,4,False,False,True,1.0,0.9404296875,4,7,2,True,False,False,False,0.010416666666666666
calibration_scale_camera_1200,1200,scale_camera,sam2_1_tiny,28,56,car_A.window,visible,4,False,False,True,1.0,0.9404296875,4,7,2,True,False,False,False,0.008680555555555556
calibration_scale_camera_1200,1200,scale_camera,sam2_1_tiny,29,58,car_A.window,visible,4,False,False,True,1.0,0.9404296875,4,6,2,True,False,False,False,0.008680555555555556
calibration_scale_camera_1200,1200,scale_camera,sam2_1_tiny,30,60,car_A.window,visible,4,False,False,True,1.0,0.9404296875,4,6,2,True,False,False,False,0.008680555555555556
calibration_scale_camera_1200,1200,scale_camera,sam2_1_tiny,31,62,car_A.window,visible,4,False,False,True,1.0,0.9404296875,4,7,2,True,False,False,False,0.010416666666666666
calibration_scale_camera_1200,1200,scale_camera,sam2_1_tiny,1,2,car_B.front_door,visible,1,False,False,True,1.0,0.9404296875,18,20,3,True,False,False,False,0.020833333333333332
calibration_scale_camera_1200,1200,scale_camera,sam2_1_tiny,2,4,car_B.front_door,visible,1,False,False,True,1.0,0.9404296875,19,20,3,True,False,False,False,0.015625
calibration_scale_camera_1200,1200,scale_camera,sam2_1_tiny,3,6,car_B.front_door,visible,1,False,False,True,1.0,0.9404296875,19,20,3,True,False,False,False,0.015625
calibration_scale_camera_1200,1200,scale_camera,sam2_1_tiny,4,8,car_B.front_door,visible,1,False,False,True,1.0,0.9404296875,19,20,3,True,False,False,False,0.012152777777777778
calibration_scale_camera_1200,1200,scale_camera,sam2_1_tiny,5,10,car_B.front_door,visible,1,False,False,True,1.0,0.9404296875,19,19,3,True,False,False,False,0.006944444444444444
calibration_scale_camera_1200,1200,scale_camera,sam2_1_tiny,6,12,car_B.front_door,visible,1,False,False,True,1.0,0.9404296875,18,19,3,True,False,False,False,0.010416666666666666
calibration_scale_camera_1200,1200,scale_camera,sam2_1_tiny,7,14,car_B.front_door,visible,1,False,False,True,1.0,0.9404296875,18,19,3,True,False,False,False,0.012152777777777778
calibration_scale_camera_1200,1200,scale_camera,sam2_1_tiny,8,16,car_B.front_door,visible,2,True,False,True,1.0,0.9404296875,18,19,3,True,False,False,False,0.015625
calibration_scale_camera_1200,1200,scale_camera,sam2_1_tiny,9,18,car_B.front_door,visible,2,False,False,True,1.0,0.9404296875,18,19,3,True,False,False,False,0.012152777777777778
calibration_scale_camera_1200,1200,scale_camera,sam2_1_tiny,10,20,car_B.front_door,visible,2,False,False,True,1.0,0.9404296875,18,18,3,True,False,False,False,0.012152777777777778
calibration_scale_camera_1200,1200,scale_camera,sam2_1_tiny,11,22,car_B.front_door,visible,2,False,False,True,1.0,0.9404296875,18,18,3,True,False,False,False,0.012152777777777778
calibration_scale_camera_1200,1200,scale_camera,sam2_1_tiny,12,24,car_B.front_door,visible,2,False,False,True,1.0,0.9404296875,18,18,3,True,False,False,False,0.008680555555555556
calibration_scale_camera_1200,1200,scale_camera,sam2_1_tiny,13,26,car_B.front_door,visible,2,False,False,True,1.0,0.9404296875,18,17,3,True,False,False,False,0.013888888888888888
calibration_scale_camera_1200,1200,scale_camera,sam2_1_tiny,14,28,car_B.front_door,visible,2,False,False,True,1.0,0.9404296875,18,17,3,True,False,False,False,0.015625
calibration_scale_camera_1200,1200,scale_camera,sam2_1_tiny,15,30,car_B.front_door,visible,2,False,False,True,1.0,0.9404296875,18,16,3,True,False,False,False,0.015625
calibration_scale_camera_1200,1200,scale_camera,sam2_1_tiny,16,32,car_B.front_door,visible,3,True,False,True,1.0,0.9404296875,18,16,3,True,False,False,False,0.015625
calibration_scale_camera_1200,1200,scale_camera,sam2_1_tiny,17,34,car_B.front_door,visible,3,False,False,True,1.0,0.9404296875,18,15,3,True,False,False,False,0.020833333333333332
calibration_scale_camera_1200,1200,scale_camera,sam2_1_tiny,18,36,car_B.front_door,visible,3,False,False,True,1.0,0.9404296875,19,15,3,True,False,False,False,0.020833333333333332
calibration_scale_camera_1200,1200,scale_camera,sam2_1_tiny,19,38,car_B.front_door,visible,3,False,False,True,1.0,0.9404296875,19,15,3,True,False,False,False,0.019097222222222224
calibration_scale_camera_1200,1200,scale_camera,sam2_1_tiny,20,40,car_B.front_door,visible,3,False,False,True,1.0,0.9404296875,19,14,3,True,False,False,False,0.020833333333333332
calibration_scale_camera_1200,1200,scale_camera,sam2_1_tiny,21,42,car_B.front_door,visible,3,False,False,True,1.0,0.9404296875,19,14,3,True,False,False,False,0.019097222222222224
calibration_scale_camera_1200,1200,scale_camera,sam2_1_tiny,22,44,car_B.front_door,visible,3,False,False,True,1.0,0.9404296875,19,14,3,True,False,False,False,0.022569444444444444
calibration_scale_camera_1200,1200,scale_camera,sam2_1_tiny,23,46,car_B.front_door,visible,3,False,False,True,1.0,0.9404296875,19,13,3,True,False,False,False,0.022569444444444444
calibration_scale_camera_1200,1200,scale_camera,sam2_1_tiny,24,48,car_B.front_door,visible,4,True,False,True,1.0,0.9404296875,19,13,3,True,False,False,False,0.015625
calibration_scale_camera_1200,1200,scale_camera,sam2_1_tiny,25,50,car_B.front_door,visible,4,False,False,True,1.0,0.9404296875,19,13,3,True,False,False,False,0.020833333333333332
calibration_scale_camera_1200,1200,scale_camera,sam2_1_tiny,26,52,car_B.front_door,visible,4,False,False,True,1.0,0.9404296875,19,12,3,True,False,False,False,0.022569444444444444
calibration_scale_camera_1200,1200,scale_camera,sam2_1_tiny,27,54,car_B.front_door,visible,4,False,False,True,1.0,0.9404296875,19,12,3,True,False,False,False,0.019097222222222224
calibration_scale_camera_1200,1200,scale_camera,sam2_1_tiny,28,56,car_B.front_door,visible,4,False,False,True,1.0,0.9404296875,19,12,3,True,False,False,False,0.026041666666666668
calibration_scale_camera_1200,1200,scale_camera,sam2_1_tiny,29,58,car_B.front_door,visible,4,False,False,True,1.0,0.9404296875,19,11,3,True,False,False,False,0.027777777777777776
calibration_scale_camera_1200,1200,scale_camera,sam2_1_tiny,30,60,car_B.front_door,visible,4,False,False,True,1.0,0.9404296875,19,11,3,True,False,False,False,0.020833333333333332
calibration_scale_camera_1200,1200,scale_camera,sam2_1_tiny,31,62,car_B.front_door,visible,4,False,False,True,1.0,0.9404296875,18,11,3,True,False,False,False,0.020833333333333332
calibration_scale_camera_1200,1200,scale_camera,sam2_1_tiny,1,2,car_B.window,visible,1,False,False,True,1.0,0.9404296875,15,19,4,True,False,False,False,0.013888888888888888
calibration_scale_camera_1200,1200,scale_camera,sam2_1_tiny,2,4,car_B.window,visible,1,False,False,True,1.0,0.9404296875,15,20,4,True,False,False,False,0.010416666666666666
calibration_scale_camera_1200,1200,scale_camera,sam2_1_tiny,3,6,car_B.window,visible,1,False,False,True,1.0,0.9404296875,16,20,4,True,False,False,False,0.010416666666666666
calibration_scale_camera_1200,1200,scale_camera,sam2_1_tiny,4,8,car_B.window,visible,1,False,False,True,1.0,0.9404296875,16,20,4,True,False,False,False,0.006944444444444444
calibration_scale_camera_1200,1200,scale_camera,sam2_1_tiny,5,10,car_B.window,visible,1,False,False,True,1.0,0.9404296875,16,19,4,True,False,False,False,0.006944444444444444
calibration_scale_camera_1200,1200,scale_camera,sam2_1_tiny,6,12,car_B.window,visible,1,False,False,True,1.0,0.9404296875,16,19,4,True,False,False,False,0.008680555555555556
calibration_scale_camera_1200,1200,scale_camera,sam2_1_tiny,7,14,car_B.window,visible,1,False,False,True,1.0,0.9404296875,16,20,4,True,False,False,False,0.010416666666666666
calibration_scale_camera_1200,1200,scale_camera,sam2_1_tiny,8,16,car_B.window,visible,2,True,False,True,1.0,0.9404296875,15,19,4,True,False,False,False,0.010416666666666666
calibration_scale_camera_1200,1200,scale_camera,sam2_1_tiny,9,18,car_B.window,visible,2,False,False,True,1.0,0.9404296875,15,19,4,True,False,False,False,0.003472222222222222
calibration_scale_camera_1200,1200,scale_camera,sam2_1_tiny,10,20,car_B.window,visible,2,False,False,True,1.0,0.9404296875,15,18,4,True,False,False,False,0.003472222222222222
calibration_scale_camera_1200,1200,scale_camera,sam2_1_tiny,11,22,car_B.window,visible,2,False,False,True,1.0,0.9404296875,15,18,4,True,False,False,False,0.005208333333333333
calibration_scale_camera_1200,1200,scale_camera,sam2_1_tiny,12,24,car_B.window,visible,2,False,False,True,1.0,0.9404296875,15,18,4,True,False,False,False,0.005208333333333333
calibration_scale_camera_1200,1200,scale_camera,sam2_1_tiny,13,26,car_B.window,visible,2,False,False,True,1.0,0.9404296875,15,17,4,True,False,False,False,0.008680555555555556
calibration_scale_camera_1200,1200,scale_camera,sam2_1_tiny,14,28,car_B.window,visible,2,False,False,True,1.0,0.9404296875,15,17,4,True,False,False,False,0.008680555555555556
calibration_scale_camera_1200,1200,scale_camera,sam2_1_tiny,15,30,car_B.window,visible,2,False,False,True,1.0,0.9404296875,15,16,4,True,False,False,False,0.010416666666666666
calibration_scale_camera_1200,1200,scale_camera,sam2_1_tiny,16,32,car_B.window,visible,3,True,False,True,1.0,0.9404296875,15,16,4,True,False,False,False,0.010416666666666666
calibration_scale_camera_1200,1200,scale_camera,sam2_1_tiny,17,34,car_B.window,visible,3,False,False,True,1.0,0.9404296875,15,15,4,True,False,False,False,0.008680555555555556
calibration_scale_camera_1200,1200,scale_camera,sam2_1_tiny,18,36,car_B.window,visible,3,False,False,True,1.0,0.9404296875,15,15,4,True,False,False,False,0.010416666666666666
calibration_scale_camera_1200,1200,scale_camera,sam2_1_tiny,19,38,car_B.window,visible,3,False,False,True,1.0,0.9404296875,15,14,4,True,False,False,False,0.013888888888888888
calibration_scale_camera_1200,1200,scale_camera,sam2_1_tiny,20,40,car_B.window,visible,3,False,False,True,1.0,0.9404296875,15,14,4,True,False,False,False,0.010416666666666666
calibration_scale_camera_1200,1200,scale_camera,sam2_1_tiny,21,42,car_B.window,visible,3,False,False,True,1.0,0.9404296875,16,14,4,True,False,False,False,0.013888888888888888
calibration_scale_camera_1200,1200,scale_camera,sam2_1_tiny,22,44,car_B.window,visible,3,False,False,True,1.0,0.9404296875,16,13,4,True,False,False,False,0.012152777777777778
calibration_scale_camera_1200,1200,scale_camera,sam2_1_tiny,23,46,car_B.window,visible,3,False,False,True,1.0,0.9404296875,15,13,4,True,False,False,False,0.012152777777777778
calibration_scale_camera_1200,1200,scale_camera,sam2_1_tiny,24,48,car_B.window,visible,4,True,False,True,1.0,0.9404296875,15,12,4,True,False,False,False,0.013888888888888888
calibration_scale_camera_1200,1200,scale_camera,sam2_1_tiny,25,50,car_B.window,visible,4,False,False,True,1.0,0.9404296875,15,12,4,True,False,False,False,0.012152777777777778
calibration_scale_camera_1200,1200,scale_camera,sam2_1_tiny,26,52,car_B.window,visible,4,False,False,True,1.0,0.9404296875,15,12,4,True,False,False,False,0.010416666666666666
calibration_scale_camera_1200,1200,scale_camera,sam2_1_tiny,27,54,car_B.window,visible,4,False,False,True,1.0,0.9404296875,15,12,4,True,False,False,False,0.013888888888888888
calibration_scale_camera_1200,1200,scale_camera,sam2_1_tiny,28,56,car_B.window,visible,4,False,False,True,1.0,0.9404296875,15,11,4,True,False,False,False,0.012152777777777778
calibration_scale_camera_1200,1200,scale_camera,sam2_1_tiny,29,58,car_B.window,visible,4,False,False,True,1.0,0.9404296875,15,11,4,True,False,False,False,0.010416666666666666
calibration_scale_camera_1200,1200,scale_camera,sam2_1_tiny,30,60,car_B.window,visible,4,False,False,True,1.0,0.9404296875,15,11,4,True,False,False,False,0.010416666666666666
calibration_scale_camera_1200,1200,scale_camera,sam2_1_tiny,31,62,car_B.window,visible,4,False,False,True,1.0,0.9404296875,15,11,4,True,False,False,False,0.010416666666666666
calibration_scale_camera_1201,1201,scale_camera,sam2_1_tiny,1,2,car_A.front_door,visible,1,False,False,True,1.0,0.9404296875,7,7,1,True,False,False,False,0.015625
calibration_scale_camera_1201,1201,scale_camera,sam2_1_tiny,2,4,car_A.front_door,visible,1,False,False,True,1.0,0.9404296875,7,7,1,True,False,False,False,0.015625
calibration_scale_camera_1201,1201,scale_camera,sam2_1_tiny,3,6,car_A.front_door,visible,1,False,False,True,1.0,0.9404296875,7,8,1,True,False,False,False,0.015625
calibration_scale_camera_1201,1201,scale_camera,sam2_1_tiny,4,8,car_A.front_door,visible,1,False,False,True,1.0,0.9404296875,7,9,1,True,False,False,False,0.020833333333333332
calibration_scale_camera_1201,1201,scale_camera,sam2_1_tiny,5,10,car_A.front_door,visible,1,False,False,True,1.0,0.9404296875,8,10,1,True,False,False,False,0.020833333333333332
calibration_scale_camera_1201,1201,scale_camera,sam2_1_tiny,6,12,car_A.front_door,visible,1,False,False,True,1.0,0.9404296875,8,10,1,True,False,False,False,0.022569444444444444
calibration_scale_camera_1201,1201,scale_camera,sam2_1_tiny,7,14,car_A.front_door,visible,1,False,False,True,1.0,0.9404296875,8,11,1,True,False,False,False,0.020833333333333332
calibration_scale_camera_1201,1201,scale_camera,sam2_1_tiny,8,16,car_A.front_door,visible,2,True,False,True,1.0,0.9404296875,8,12,1,True,False,False,False,0.022569444444444444
calibration_scale_camera_1201,1201,scale_camera,sam2_1_tiny,9,18,car_A.front_door,visible,2,False,False,True,1.0,0.9404296875,7,13,1,True,False,False,False,0.020833333333333332
calibration_scale_camera_1201,1201,scale_camera,sam2_1_tiny,10,20,car_A.front_door,visible,2,False,False,True,1.0,0.9404296875,7,14,1,True,False,False,False,0.020833333333333332
calibration_scale_camera_1201,1201,scale_camera,sam2_1_tiny,11,22,car_A.front_door,visible,2,False,False,True,1.0,0.9404296875,7,14,1,True,False,False,False,0.020833333333333332
calibration_scale_camera_1201,1201,scale_camera,sam2_1_tiny,12,24,car_A.front_door,visible,2,False,False,True,1.0,0.9404296875,7,15,1,True,False,False,False,0.015625
calibration_scale_camera_1201,1201,scale_camera,sam2_1_tiny,13,26,car_A.front_door,visible,2,False,False,True,1.0,0.9404296875,7,15,1,True,False,False,False,0.017361111111111112
calibration_scale_camera_1201,1201,scale_camera,sam2_1_tiny,14,28,car_A.front_door,visible,2,False,False,True,1.0,0.9404296875,7,15,1,True,False,False,False,0.019097222222222224
calibration_scale_camera_1201,1201,scale_camera,sam2_1_tiny,15,30,car_A.front_door,visible,2,False,False,True,1.0,0.9404296875,7,15,1,True,False,False,False,0.015625
calibration_scale_camera_1201,1201,scale_camera,sam2_1_tiny,16,32,car_A.front_door,visible,3,True,False,True,1.0,0.9404296875,7,15,1,True,False,False,False,0.015625
calibration_scale_camera_1201,1201,scale_camera,sam2_1_tiny,17,34,car_A.front_door,visible,3,False,False,True,1.0,0.9404296875,7,15,1,True,False,False,False,0.020833333333333332
calibration_scale_camera_1201,1201,scale_camera,sam2_1_tiny,18,36,car_A.front_door,visible,3,False,False,True,1.0,0.9404296875,7,14,1,True,False,False,False,0.015625
calibration_scale_camera_1201,1201,scale_camera,sam2_1_tiny,19,38,car_A.front_door,visible,3,False,False,True,1.0,0.9404296875,7,14,1,True,False,False,False,0.012152777777777778
calibration_scale_camera_1201,1201,scale_camera,sam2_1_tiny,20,40,car_A.front_door,visible,3,False,False,True,1.0,0.9404296875,7,13,1,True,False,False,False,0.015625
calibration_scale_camera_1201,1201,scale_camera,sam2_1_tiny,21,42,car_A.front_door,visible,3,False,False,True,1.0,0.9404296875,7,12,1,True,False,False,False,0.015625
calibration_scale_camera_1201,1201,scale_camera,sam2_1_tiny,22,44,car_A.front_door,visible,3,False,False,True,1.0,0.9404296875,7,11,1,True,False,False,False,0.013888888888888888
calibration_scale_camera_1201,1201,scale_camera,sam2_1_tiny,23,46,car_A.front_door,visible,3,False,False,True,1.0,0.9404296875,7,10,1,True,False,False,False,0.012152777777777778
calibration_scale_camera_1201,1201,scale_camera,sam2_1_tiny,24,48,car_A.front_door,visible,4,True,False,True,1.0,0.9404296875,7,10,1,True,False,False,False,0.010416666666666666
calibration_scale_camera_1201,1201,scale_camera,sam2_1_tiny,25,50,car_A.front_door,visible,4,False,False,True,1.0,0.9404296875,7,9,1,True,False,False,False,0.015625
calibration_scale_camera_1201,1201,scale_camera,sam2_1_tiny,26,52,car_A.front_door,visible,4,False,False,True,1.0,0.9404296875,7,8,1,True,False,False,False,0.015625
calibration_scale_camera_1201,1201,scale_camera,sam2_1_tiny,27,54,car_A.front_door,visible,4,False,False,True,1.0,0.9404296875,7,8,1,True,False,False,False,0.013888888888888888
calibration_scale_camera_1201,1201,scale_camera,sam2_1_tiny,28,56,car_A.front_door,visible,4,False,False,True,1.0,0.9404296875,7,7,1,True,False,False,False,0.013888888888888888
calibration_scale_camera_1201,1201,scale_camera,sam2_1_tiny,29,58,car_A.front_door,visible,4,False,False,True,1.0,0.9404296875,7,7,1,True,False,False,False,0.015625
calibration_scale_camera_1201,1201,scale_camera,sam2_1_tiny,30,60,car_A.front_door,visible,4,False,False,True,1.0,0.9404296875,7,7,1,True,False,False,False,0.015625
calibration_scale_camera_1201,1201,scale_camera,sam2_1_tiny,31,62,car_A.front_door,visible,4,False,False,True,1.0,0.9404296875,7,7,1,True,False,False,False,0.015625
calibration_scale_camera_1201,1201,scale_camera,sam2_1_tiny,1,2,car_A.window,visible,1,False,False,True,1.0,0.9404296875,3,7,2,True,False,False,False,0.010416666666666666
calibration_scale_camera_1201,1201,scale_camera,sam2_1_tiny,2,4,car_A.window,visible,1,False,False,True,1.0,0.9404296875,4,7,2,True,False,False,False,0.010416666666666666
calibration_scale_camera_1201,1201,scale_camera,sam2_1_tiny,3,6,car_A.window,visible,1,False,False,True,1.0,0.9404296875,4,8,2,True,False,False,False,0.006944444444444444
calibration_scale_camera_1201,1201,scale_camera,sam2_1_tiny,4,8,car_A.window,visible,1,False,False,True,1.0,0.9404296875,4,8,2,True,False,False,False,0.010416666666666666
calibration_scale_camera_1201,1201,scale_camera,sam2_1_tiny,5,10,car_A.window,visible,1,False,False,True,1.0,0.9404296875,4,9,2,True,False,False,False,0.010416666666666666
calibration_scale_camera_1201,1201,scale_camera,sam2_1_tiny,6,12,car_A.window,visible,1,False,False,True,1.0,0.9404296875,4,10,2,True,False,False,False,0.010416666666666666
calibration_scale_camera_1201,1201,scale_camera,sam2_1_tiny,7,14,car_A.window,visible,1,False,False,True,1.0,0.9404296875,4,11,2,True,False,False,False,0.010416666666666666
calibration_scale_camera_1201,1201,scale_camera,sam2_1_tiny,8,16,car_A.window,visible,2,True,False,True,1.0,0.9404296875,4,12,2,True,False,False,False,0.010416666666666666
calibration_scale_camera_1201,1201,scale_camera,sam2_1_tiny,9,18,car_A.window,visible,2,False,False,True,1.0,0.9404296875,4,12,2,True,False,False,False,0.012152777777777778
calibration_scale_camera_1201,1201,scale_camera,sam2_1_tiny,10,20,car_A.window,visible,2,False,False,True,1.0,0.9404296875,4,13,2,True,False,False,False,0.012152777777777778
calibration_scale_camera_1201,1201,scale_camera,sam2_1_tiny,11,22,car_A.window,visible,2,False,False,True,1.0,0.9404296875,4,14,2,True,False,False,False,0.010416666666666666
calibration_scale_camera_1201,1201,scale_camera,sam2_1_tiny,12,24,car_A.window,visible,2,False,False,True,1.0,0.9404296875,4,14,2,True,False,False,False,0.013888888888888888
calibration_scale_camera_1201,1201,scale_camera,sam2_1_tiny,13,26,car_A.window,visible,2,False,False,True,1.0,0.9404296875,4,15,2,True,False,False,False,0.010416666666666666
calibration_scale_camera_1201,1201,scale_camera,sam2_1_tiny,14,28,car_A.window,visible,2,False,False,True,1.0,0.9404296875,4,15,2,True,False,False,False,0.010416666666666666
calibration_scale_camera_1201,1201,scale_camera,sam2_1_tiny,15,30,car_A.window,visible,2,False,False,True,1.0,0.9404296875,4,15,2,True,False,False,False,0.010416666666666666
calibration_scale_camera_1201,1201,scale_camera,sam2_1_tiny,16,32,car_A.window,visible,3,True,False,True,1.0,0.9404296875,4,15,2,True,False,False,False,0.010416666666666666
calibration_scale_camera_1201,1201,scale_camera,sam2_1_tiny,17,34,car_A.window,visible,3,False,False,True,1.0,0.9404296875,4,14,2,True,False,False,False,0.010416666666666666
calibration_scale_camera_1201,1201,scale_camera,sam2_1_tiny,18,36,car_A.window,visible,3,False,False,True,1.0,0.9404296875,4,14,2,True,False,False,False,0.005208333333333333
calibration_scale_camera_1201,1201,scale_camera,sam2_1_tiny,19,38,car_A.window,visible,3,False,False,True,1.0,0.9404296875,4,14,2,True,False,False,False,0.006944444444444444
calibration_scale_camera_1201,1201,scale_camera,sam2_1_tiny,20,40,car_A.window,visible,3,False,False,True,1.0,0.9404296875,4,13,2,True,False,False,False,0.010416666666666666
calibration_scale_camera_1201,1201,scale_camera,sam2_1_tiny,21,42,car_A.window,visible,3,False,False,True,1.0,0.9404296875,4,12,2,True,False,False,False,0.008680555555555556
calibration_scale_camera_1201,1201,scale_camera,sam2_1_tiny,22,44,car_A.window,visible,3,False,False,True,1.0,0.9404296875,4,11,2,True,False,False,False,0.006944444444444444
calibration_scale_camera_1201,1201,scale_camera,sam2_1_tiny,23,46,car_A.window,visible,3,False,False,True,1.0,0.9404296875,4,11,2,True,False,False,False,0.005208333333333333
calibration_scale_camera_1201,1201,scale_camera,sam2_1_tiny,24,48,car_A.window,visible,4,True,False,True,1.0,0.9404296875,4,10,2,True,False,False,False,0.005208333333333333
calibration_scale_camera_1201,1201,scale_camera,sam2_1_tiny,25,50,car_A.window,visible,4,False,False,True,1.0,0.9404296875,4,9,2,True,False,False,False,0.005208333333333333
calibration_scale_camera_1201,1201,scale_camera,sam2_1_tiny,26,52,car_A.window,visible,4,False,False,True,1.0,0.9404296875,4,8,2,True,False,False,False,0.005208333333333333
calibration_scale_camera_1201,1201,scale_camera,sam2_1_tiny,27,54,car_A.window,visible,4,False,False,True,1.0,0.9404296875,4,8,2,True,False,False,False,0.008680555555555556
calibration_scale_camera_1201,1201,scale_camera,sam2_1_tiny,28,56,car_A.window,visible,4,False,False,True,1.0,0.9404296875,4,7,2,True,False,False,False,0.010416666666666666
calibration_scale_camera_1201,1201,scale_camera,sam2_1_tiny,29,58,car_A.window,visible,4,False,False,True,1.0,0.9404296875,4,7,2,True,False,False,False,0.010416666666666666
calibration_scale_camera_1201,1201,scale_camera,sam2_1_tiny,30,60,car_A.window,visible,4,False,False,True,1.0,0.9404296875,4,7,2,True,False,False,False,0.010416666666666666
calibration_scale_camera_1201,1201,scale_camera,sam2_1_tiny,31,62,car_A.window,visible,4,False,False,True,1.0,0.9404296875,4,7,2,True,False,False,False,0.010416666666666666
calibration_scale_camera_1201,1201,scale_camera,sam2_1_tiny,1,2,car_B.front_door,visible,1,False,False,True,1.0,0.9404296875,19,20,3,True,False,False,False,0.015625
calibration_scale_camera_1201,1201,scale_camera,sam2_1_tiny,2,4,car_B.front_door,visible,1,False,False,True,1.0,0.9404296875,19,20,3,True,False,False,False,0.015625
calibration_scale_camera_1201,1201,scale_camera,sam2_1_tiny,3,6,car_B.front_door,visible,1,False,False,True,1.0,0.9404296875,19,20,3,True,False,False,False,0.015625
calibration_scale_camera_1201,1201,scale_camera,sam2_1_tiny,4,8,car_B.front_door,visible,1,False,False,True,1.0,0.9404296875,19,20,3,True,False,False,False,0.015625
calibration_scale_camera_1201,1201,scale_camera,sam2_1_tiny,5,10,car_B.front_door,visible,1,False,False,True,1.0,0.9404296875,19,20,3,True,False,False,False,0.015625
calibration_scale_camera_1201,1201,scale_camera,sam2_1_tiny,6,12,car_B.front_door,visible,1,False,False,True,1.0,0.9404296875,19,20,3,True,False,False,False,0.015625
calibration_scale_camera_1201,1201,scale_camera,sam2_1_tiny,7,14,car_B.front_door,visible,1,False,False,True,1.0,0.9404296875,19,20,3,True,False,False,False,0.015625
calibration_scale_camera_1201,1201,scale_camera,sam2_1_tiny,8,16,car_B.front_door,visible,2,True,False,True,1.0,0.9404296875,19,19,3,True,False,False,False,0.012152777777777778
calibration_scale_camera_1201,1201,scale_camera,sam2_1_tiny,9,18,car_B.front_door,visible,2,False,False,True,1.0,0.9404296875,18,19,3,True,False,False,False,0.010416666666666666
calibration_scale_camera_1201,1201,scale_camera,sam2_1_tiny,10,20,car_B.front_door,visible,2,False,False,True,1.0,0.9404296875,18,19,3,True,False,False,False,0.013888888888888888
calibration_scale_camera_1201,1201,scale_camera,sam2_1_tiny,11,22,car_B.front_door,visible,2,False,False,True,1.0,0.9404296875,18,19,3,True,False,False,False,0.015625
calibration_scale_camera_1201,1201,scale_camera,sam2_1_tiny,12,24,car_B.front_door,visible,2,False,False,True,1.0,0.9404296875,18,18,3,True,False,False,False,0.013888888888888888
calibration_scale_camera_1201,1201,scale_camera,sam2_1_tiny,13,26,car_B.front_door,visible,2,False,False,True,1.0,0.9404296875,18,18,3,True,False,False,False,0.015625
calibration_scale_camera_1201,1201,scale_camera,sam2_1_tiny,14,28,car_B.front_door,visible,2,False,False,True,1.0,0.9404296875,18,18,3,True,False,False,False,0.017361111111111112
calibration_scale_camera_1201,1201,scale_camera,sam2_1_tiny,15,30,car_B.front_door,visible,2,False,False,True,1.0,0.9404296875,18,17,3,True,False,False,False,0.015625
calibration_scale_camera_1201,1201,scale_camera,sam2_1_tiny,16,32,car_B.front_door,visible,3,True,False,True,1.0,0.9404296875,18,16,3,True,False,False,False,0.020833333333333332
calibration_scale_camera_1201,1201,scale_camera,sam2_1_tiny,17,34,car_B.front_door,visible,3,False,False,True,1.0,0.9404296875,18,16,3,True,False,False,False,0.015625
calibration_scale_camera_1201,1201,scale_camera,sam2_1_tiny,18,36,car_B.front_door,visible,3,False,False,True,1.0,0.9404296875,19,16,3,True,False,False,False,0.019097222222222224
calibration_scale_camera_1201,1201,scale_camera,sam2_1_tiny,19,38,car_B.front_door,visible,3,False,False,True,1.0,0.9404296875,19,15,3,True,False,False,False,0.020833333333333332
calibration_scale_camera_1201,1201,scale_camera,sam2_1_tiny,20,40,car_B.front_door,visible,3,False,False,True,1.0,0.9404296875,19,15,3,True,False,False,False,0.015625
calibration_scale_camera_1201,1201,scale_camera,sam2_1_tiny,21,42,car_B.front_door,visible,3,False,False,True,1.0,0.9404296875,19,15,3,True,False,False,False,0.019097222222222224
calibration_scale_camera_1201,1201,scale_camera,sam2_1_tiny,22,44,car_B.front_door,visible,3,False,False,True,1.0,0.9404296875,19,14,3,True,False,False,False,0.019097222222222224
calibration_scale_camera_1201,1201,scale_camera,sam2_1_tiny,23,46,car_B.front_door,visible,3,False,False,True,1.0,0.9404296875,19,14,3,True,False,False,False,0.017361111111111112
calibration_scale_camera_1201,1201,scale_camera,sam2_1_tiny,24,48,car_B.front_door,visible,4,True,False,True,1.0,0.9404296875,19,13,3,True,False,False,False,0.020833333333333332
calibration_scale_camera_1201,1201,scale_camera,sam2_1_tiny,25,50,car_B.front_door,visible,4,False,False,True,1.0,0.9404296875,19,13,3,True,False,False,False,0.015625
calibration_scale_camera_1201,1201,scale_camera,sam2_1_tiny,26,52,car_B.front_door,visible,4,False,False,True,1.0,0.9404296875,19,13,3,True,False,False,False,0.022569444444444444
calibration_scale_camera_1201,1201,scale_camera,sam2_1_tiny,27,54,car_B.front_door,visible,4,False,False,True,1.0,0.9404296875,19,12,3,True,False,False,False,0.022569444444444444
calibration_scale_camera_1201,1201,scale_camera,sam2_1_tiny,28,56,car_B.front_door,visible,4,False,False,True,1.0,0.9404296875,19,12,3,True,False,False,False,0.019097222222222224
calibration_scale_camera_1201,1201,scale_camera,sam2_1_tiny,29,58,car_B.front_door,visible,4,False,False,True,1.0,0.9404296875,19,12,3,True,False,False,False,0.024305555555555556
calibration_scale_camera_1201,1201,scale_camera,sam2_1_tiny,30,60,car_B.front_door,visible,4,False,False,True,1.0,0.9404296875,19,11,3,True,False,False,False,0.020833333333333332
calibration_scale_camera_1201,1201,scale_camera,sam2_1_tiny,31,62,car_B.front_door,visible,4,False,False,True,1.0,0.9404296875,19,11,3,True,False,False,False,0.017361111111111112
calibration_scale_camera_1201,1201,scale_camera,sam2_1_tiny,1,2,car_B.window,visible,1,False,False,True,1.0,0.9404296875,15,20,4,True,False,False,False,0.010416666666666666
calibration_scale_camera_1201,1201,scale_camera,sam2_1_tiny,2,4,car_B.window,visible,1,False,False,True,1.0,0.9404296875,16,20,4,True,False,False,False,0.010416666666666666
calibration_scale_camera_1201,1201,scale_camera,sam2_1_tiny,3,6,car_B.window,visible,1,False,False,True,1.0,0.9404296875,16,20,4,True,False,False,False,0.010416666666666666
calibration_scale_camera_1201,1201,scale_camera,sam2_1_tiny,4,8,car_B.window,visible,1,False,False,True,1.0,0.9404296875,16,20,4,True,False,False,False,0.006944444444444444
calibration_scale_camera_1201,1201,scale_camera,sam2_1_tiny,5,10,car_B.window,visible,1,False,False,True,1.0,0.9404296875,16,20,4,True,False,False,False,0.005208333333333333
calibration_scale_camera_1201,1201,scale_camera,sam2_1_tiny,6,12,car_B.window,visible,1,False,False,True,1.0,0.9404296875,16,20,4,True,False,False,False,0.005208333333333333
calibration_scale_camera_1201,1201,scale_camera,sam2_1_tiny,7,14,car_B.window,visible,1,False,False,True,1.0,0.9404296875,16,20,4,True,False,False,False,0.005208333333333333
calibration_scale_camera_1201,1201,scale_camera,sam2_1_tiny,8,16,car_B.window,visible,2,True,False,True,1.0,0.9404296875,16,20,4,True,False,False,False,0.008680555555555556
calibration_scale_camera_1201,1201,scale_camera,sam2_1_tiny,9,18,car_B.window,visible,2,False,False,True,1.0,0.9404296875,16,20,4,True,False,False,False,0.006944444444444444
calibration_scale_camera_1201,1201,scale_camera,sam2_1_tiny,10,20,car_B.window,visible,2,False,False,True,1.0,0.9404296875,15,19,4,True,False,False,False,0.010416666666666666
calibration_scale_camera_1201,1201,scale_camera,sam2_1_tiny,11,22,car_B.window,visible,2,False,False,True,1.0,0.9404296875,15,19,4,True,False,False,False,0.008680555555555556
calibration_scale_camera_1201,1201,scale_camera,sam2_1_tiny,12,24,car_B.window,visible,2,False,False,True,1.0,0.9404296875,15,18,4,True,False,False,False,0.003472222222222222
calibration_scale_camera_1201,1201,scale_camera,sam2_1_tiny,13,26,car_B.window,visible,2,False,False,True,1.0,0.9404296875,15,18,4,True,False,False,False,0.005208333333333333
calibration_scale_camera_1201,1201,scale_camera,sam2_1_tiny,14,28,car_B.window,visible,2,False,False,True,1.0,0.9404296875,15,18,4,True,False,False,False,0.005208333333333333
calibration_scale_camera_1201,1201,scale_camera,sam2_1_tiny,15,30,car_B.window,visible,2,False,False,True,1.0,0.9404296875,15,17,4,True,False,False,False,0.006944444444444444
calibration_scale_camera_1201,1201,scale_camera,sam2_1_tiny,16,32,car_B.window,visible,3,True,False,True,1.0,0.9404296875,15,16,4,True,False,False,False,0.008680555555555556
calibration_scale_camera_1201,1201,scale_camera,sam2_1_tiny,17,34,car_B.window,visible,3,False,False,True,1.0,0.9404296875,15,16,4,True,False,False,False,0.005208333333333333
calibration_scale_camera_1201,1201,scale_camera,sam2_1_tiny,18,36,car_B.window,visible,3,False,False,True,1.0,0.9404296875,15,15,4,True,False,False,False,0.013888888888888888
calibration_scale_camera_1201,1201,scale_camera,sam2_1_tiny,19,38,car_B.window,visible,3,False,False,True,1.0,0.9404296875,15,15,4,True,False,False,False,0.010416666666666666
calibration_scale_camera_1201,1201,scale_camera,sam2_1_tiny,20,40,car_B.window,visible,3,False,False,True,1.0,0.9404296875,16,15,4,True,False,False,False,0.013888888888888888
calibration_scale_camera_1201,1201,scale_camera,sam2_1_tiny,21,42,car_B.window,visible,3,False,False,True,1.0,0.9404296875,16,14,4,True,False,False,False,0.010416666666666666
calibration_scale_camera_1201,1201,scale_camera,sam2_1_tiny,22,44,car_B.window,visible,3,False,False,True,1.0,0.9404296875,16,14,4,True,False,False,False,0.012152777777777778
calibration_scale_camera_1201,1201,scale_camera,sam2_1_tiny,23,46,car_B.window,visible,3,False,False,True,1.0,0.9404296875,16,13,4,True,False,False,False,0.012152777777777778
calibration_scale_camera_1201,1201,scale_camera,sam2_1_tiny,24,48,car_B.window,visible,4,True,False,True,1.0,0.9404296875,16,13,4,True,False,False,False,0.010416666666666666
calibration_scale_camera_1201,1201,scale_camera,sam2_1_tiny,25,50,car_B.window,visible,4,False,False,True,1.0,0.9404296875,15,12,4,True,False,False,False,0.013888888888888888
calibration_scale_camera_1201,1201,scale_camera,sam2_1_tiny,26,52,car_B.window,visible,4,False,False,True,1.0,0.9404296875,15,12,4,True,False,False,False,0.010416666666666666
calibration_scale_camera_1201,1201,scale_camera,sam2_1_tiny,27,54,car_B.window,visible,4,False,False,True,1.0,0.9404296875,15,12,4,True,False,False,False,0.010416666666666666
calibration_scale_camera_1201,1201,scale_camera,sam2_1_tiny,28,56,car_B.window,visible,4,False,False,True,1.0,0.9404296875,15,11,4,True,False,False,False,0.013888888888888888
calibration_scale_camera_1201,1201,scale_camera,sam2_1_tiny,29,58,car_B.window,visible,4,False,False,True,1.0,0.9404296875,15,11,4,True,False,False,False,0.010416666666666666
calibration_scale_camera_1201,1201,scale_camera,sam2_1_tiny,30,60,car_B.window,visible,4,False,False,True,1.0,0.9404296875,15,11,4,True,False,False,False,0.010416666666666666
calibration_scale_camera_1201,1201,scale_camera,sam2_1_tiny,31,62,car_B.window,visible,4,False,False,True,1.0,0.9404296875,15,11,4,True,False,False,False,0.010416666666666666
