arm,decoded,followup,latent_background_count,latent_background_mse,latent_background_ratio,latent_background_ratio_degenerate,latent_background_source_baseline_mse,latent_background_squared_error_sum,latent_destination_count,latent_destination_mse,latent_destination_ratio,latent_destination_ratio_degenerate,latent_destination_source_baseline_mse,latent_destination_squared_error_sum,latent_distractor_count,latent_distractor_mse,latent_distractor_ratio,latent_distractor_ratio_degenerate,latent_distractor_source_baseline_mse,latent_distractor_squared_error_sum,latent_global_count,latent_global_mse,latent_global_ratio,latent_global_ratio_degenerate,latent_global_source_baseline_mse,latent_global_squared_error_sum,latent_primary_ratio,latent_source_hole_count,latent_source_hole_mse,latent_source_hole_ratio,latent_source_hole_ratio_degenerate,latent_source_hole_source_baseline_mse,latent_source_hole_squared_error_sum,oracle,scene,seed,shift_px,translator_arm
true_source,False,,2080,1.5058305815591065e-06,1.0,False,1.5058305815591065e-06,0.0031321276096429413,56,0.15229297230668928,1.0,False,0.15229297230668928,8.5284064491746,64,1.3582012998219225e-08,1.0,False,1.3582012998219225e-08,8.692488318860304e-07,2304,0.005808470128948654,1.0,False,0.005808470128948654,13.3827151770977,1.0,16,0.27508605040558437,1.0,False,0.27508605040558437,4.40137680648935,False,dev_13500,13500,16,cnn
true_target,False,,2080,0.0,0.0,False,1.5058305815591065e-06,0.0,56,0.0,0.0,False,0.15229297230668928,0.0,64,0.0,0.0,False,1.3582012998219225e-08,0.0,2304,0.0,0.0,False,0.005808470128948654,0.0,0.0,16,0.0,0.0,False,0.27508605040558437,0.0,True,dev_13500,13500,16,cnn
absolute_source,False,,2080,0.015831161356758303,10513.242027776485,False,1.5058305815591065e-06,32.92881562205727,56,0.1727388749060665,1.1342537497935428,False,0.15229297230668928,9.673376994739723,64,0.08489952240151279,6250879.189457718,False,1.3582012998219225e-08,5.433569433696818,2304,0.023093560570145753,3.975842185199588,False,0.005808470128948654,53.20756355361581,0.912018006118005,16,0.18974947821512655,0.6897822624424672,False,0.27508605040558437,3.035991651442025,False,dev_13500,13500,16,cnn
absolute_genuine_target,False,,2080,0.015723442410416087,10441.707455653048,False,1.5058305815591065e-06,32.70476021366546,56,0.1057104789585822,0.6941257850408308,False,0.15229297230668928,5.919786821680603,64,0.08479279752953328,6243021.3798684105,False,1.3582012998219225e-08,5.42673904189013,2304,0.01997864025581188,3.439570112660295,False,0.005808470128948654,46.03078714939058,0.3802321218883949,16,0.0182487846036688,0.066338458735959,False,0.27508605040558437,0.2919805536587008,True,dev_13500,13500,16,cnn
absolute_copy_repair,False,,2080,0.015851203185512173,10526.551512255886,False,1.5058305815591065e-06,32.97050262586532,56,0.10731066535490405,0.7046330748525982,False,0.15229297230668928,6.009397259874627,64,0.0850160662044904,6259459.935404059,False,1.3582012998219225e-08,5.4410282370873855,2304,0.020237900075756796,3.484204898445419,False,0.005808470128948654,46.62812177454366,0.3967399624338847,16,0.02444052906165079,0.08884685001517124,False,0.27508605040558437,0.39104846498641266,False,dev_13500,13500,16,cnn
absolute_wrong_direction,False,,2080,0.015992834070158335,10620.606505148593,False,1.5058305815591065e-06,33.265094865929335,56,0.23561198327897395,1.5470968864176866,False,0.15229297230668928,13.19427106362254,64,0.08494023510298074,6253876.734922687,False,1.3582012998219225e-08,5.436175046590767,2304,0.026707261033695712,4.597985431755983,False,0.005808470128948654,61.533529421634924,1.2933140035387687,16,0.2859605102560093,1.0395311206598508,False,0.27508605040558437,4.575368164096149,False,dev_13500,13500,16,cnn
absolute_shuffled,False,,2080,0.05560890605022124,36929.05877409191,False,1.5058305815591065e-06,115.66652458446019,56,0.29982233413958526,1.9687207465870433,False,0.15229297230668928,16.790050711816775,64,0.47338929822601084,34854133.793575235,False,1.3582012998219225e-08,30.296915086464693,2304,0.0725561324849413,12.49143593307488,False,0.005808470128948654,167.16932924530477,1.095271869340788,16,0.06102041078443414,0.2218229920945326,False,0.27508605040558437,0.9763265725509462,False,dev_13500,13500,16,cnn
residual_source,False,,2080,1.5058305815591065e-06,1.0,False,1.5058305815591065e-06,0.0031321276096429413,56,0.15229297230668928,1.0,False,0.15229297230668928,8.5284064491746,64,1.3582012998219225e-08,1.0,False,1.3582012998219225e-08,8.692488318860304e-07,2304,0.005808470128948654,1.0,False,0.005808470128948654,13.3827151770977,1.0,16,0.27508605040558437,1.0,False,0.27508605040558437,4.40137680648935,False,dev_13500,13500,16,cnn
residual_genuine_target,False,,2080,0.00011766087524053507,78.13686126543624,False,1.5058305815591065e-06,0.24473462050031294,56,0.10974263132040583,0.7206020715086242,False,0.15229297230668928,6.145587353942727,64,9.347136053351244e-05,6881.996103653245,False,1.3582012998219225e-08,0.005982167074144796,2304,0.003991009413867587,0.6871016507387925,False,0.005808470128948654,9.195285689550921,0.5857230576143433,16,0.1240209073358346,0.4508440437200625,False,0.27508605040558437,1.9843345173733535,True,dev_13500,13500,16,cnn
residual_copy_repair,False,,2080,7.955588051327906e-05,52.831893233904516,False,1.5058305815591065e-06,0.16547623146762044,56,0.1111859531490401,0.7300793428939886,False,0.15229297230668928,6.226413376346246,64,3.2550665420222977e-06,239.66009622057337,False,1.3582012998219225e-08,0.00020832425868942705,2304,0.003997723455709128,0.6882575561136138,False,0.005808470128948654,9.210754841953833,0.60120867840843,16,0.1299335987064606,0.47233801392287134,False,0.27508605040558437,2.0789375793033695,False,dev_13500,13500,16,cnn
residual_wrong_direction,False,,2080,0.00016063142297218194,106.67297167379043,False,1.5058305815591065e-06,0.3341133597821384,56,0.2316259165335476,1.5209232115261153,False,0.15229297230668928,12.971051325878665,64,1.452697978838005e-06,106.95748701083353,False,1.3582012998219225e-08,9.297267064563232e-05,2304,0.010299253132825288,1.7731438578800913,False,0.005808470128948654,23.729479218029464,1.514715917702295,16,0.41496967934549284,1.5085086238784748,False,0.27508605040558437,6.639514869527885,False,dev_13500,13500,16,cnn
residual_shuffled,False,,2080,0.0482175398408843,32020.56089932829,False,1.5058305815591065e-06,100.29248286903935,56,0.2995377174913187,1.966851870801407,False,0.15229297230668928,16.774112179513846,64,0.4193717634335681,30876996.17785324,False,1.3582012998219225e-08,26.839792859748357,2304,0.06536708366879146,11.253752230386874,False,0.005808470128948654,150.6057607728955,1.3777101107453649,16,0.21692415306597151,0.7885683506893225,False,0.27508605040558437,3.4707864490555442,False,dev_13500,13500,16,cnn
provenance_copy_source,False,day11_development_provenance_transport_v1,2080,1.5058305815591065e-06,1.0,False,1.5058305815591065e-06,0.0031321276096429413,56,0.15229297230668928,1.0,False,0.15229297230668928,8.5284064491746,64,1.3582012998219225e-08,1.0,False,1.3582012998219225e-08,8.692488318860304e-07,2304,0.005808470128948654,1.0,False,0.005808470128948654,13.3827151770977,1.0,16,0.27508605040558437,1.0,False,0.27508605040558437,4.40137680648935,False,dev_13500,13500,16,cnn
provenance_local_source,False,day11_development_provenance_transport_v1,2080,1.5058305815591065e-06,1.0,False,1.5058305815591065e-06,0.0031321276096429413,56,0.15229297230668928,1.0,False,0.15229297230668928,8.5284064491746,64,1.3582012998219225e-08,1.0,False,1.3582012998219225e-08,8.692488318860304e-07,2304,0.005808470128948654,1.0,False,0.005808470128948654,13.3827151770977,1.0,16,0.27508605040558437,1.0,False,0.27508605040558437,4.40137680648935,False,dev_13500,13500,16,cnn
provenance_residual_source,False,day11_development_provenance_transport_v1,2080,1.5058305815591065e-06,1.0,False,1.5058305815591065e-06,0.0031321276096429413,56,0.15229297230668928,1.0,False,0.15229297230668928,8.5284064491746,64,1.3582012998219225e-08,1.0,False,1.3582012998219225e-08,8.692488318860304e-07,2304,0.005808470128948654,1.0,False,0.005808470128948654,13.3827151770977,1.0,16,0.27508605040558437,1.0,False,0.27508605040558437,4.40137680648935,False,dev_13500,13500,16,cnn
provenance_copy_genuine_target,False,day11_development_provenance_transport_v1,2080,0.015723442410416087,10441.707455653048,False,1.5058305815591065e-06,32.70476021366546,56,0.1057104789585822,0.6941257850408308,False,0.15229297230668928,5.919786821680603,64,0.08479279752953328,6243021.3798684105,False,1.3582012998219225e-08,5.42673904189013,2304,0.01997864025581188,3.439570112660295,False,0.005808470128948654,46.03078714939058,0.3802321218883949,16,0.0182487846036688,0.066338458735959,False,0.27508605040558437,0.2919805536587008,True,dev_13500,13500,16,cnn
provenance_local_genuine_target,False,day11_development_provenance_transport_v1,2080,0.03335580138939714,22151.098402358926,False,1.5058305815591065e-06,69.38006688994605,56,0.2753041656508627,1.8077273132239622,False,0.15229297230668928,15.41703327644831,64,0.4624910984562445,34051734.34283143,False,1.3582012998219225e-08,29.599430301199646,2304,0.050894545781382944,8.762125766599228,False,0.005808470128948654,117.26103348030631,0.9623964323992577,16,0.032203100221195075,0.11706555157455319,False,0.27508605040558437,0.5152496035391212,True,dev_13500,13500,16,cnn
provenance_residual_genuine_target,False,day11_development_provenance_transport_v1,2080,0.015723442410416087,10441.707455653048,False,1.5058305815591065e-06,32.70476021366546,56,0.1057104789585822,0.6941257850408308,False,0.15229297230668928,5.919786821680603,64,0.08479279752953328,6243021.3798684105,False,1.3582012998219225e-08,5.42673904189013,2304,0.01997864025581188,3.439570112660295,False,0.005808470128948654,46.03078714939058,0.3802321218883949,16,0.0182487846036688,0.066338458735959,False,0.27508605040558437,0.2919805536587008,True,dev_13500,13500,16,cnn
provenance_copy_copy_repair,False,day11_development_provenance_transport_v1,2080,1.5058305815591065e-06,1.0,False,1.5058305815591065e-06,0.0031321276096429413,56,0.0032480550784048795,0.021327675395709726,False,0.15229297230668928,0.18189108439067325,64,1.3582012998219225e-08,1.0,False,1.3582012998219225e-08,8.692488318860304e-07,2304,0.00044525671476164673,0.07665645253860316,False,0.005808470128948654,1.025871470810834,0.05508726270544048,16,0.02444052906165079,0.08884685001517124,False,0.27508605040558437,0.39104846498641266,False,dev_13500,13500,16,cnn
provenance_local_copy_repair,False,day11_development_provenance_transport_v1,2080,1.5058305815591065e-06,1.0,False,1.5058305815591065e-06,0.0031321276096429413,56,0.0032480550784048795,0.021327675395709726,False,0.15229297230668928,0.18189108439067325,64,1.3582012998219225e-08,1.0,False,1.3582012998219225e-08,8.692488318860304e-07,2304,0.0004210753433407973,0.07249333025613973,False,0.005808470128948654,0.9701575910571969,0.04875812046164381,16,0.020958411577048457,0.07618856552757788,False,0.27508605040558437,0.3353345852327753,False,dev_13500,13500,16,cnn
provenance_residual_copy_repair,False,day11_development_provenance_transport_v1,2080,1.5058305815591065e-06,1.0,False,1.5058305815591065e-06,0.0031321276096429413,56,0.005902566082765334,0.03875796757632835,False,0.15229297230668928,0.3305437006348587,64,1.3582012998219225e-08,1.0,False,1.3582012998219225e-08,8.692488318860304e-07,2304,0.0005097760794509635,0.0877642594579778,False,0.005808470128948654,1.1745240870550198,0.0638024087957498,16,0.02444052906165079,0.08884685001517124,False,0.27508605040558437,0.39104846498641266,False,dev_13500,13500,16,cnn
provenance_copy_wrong_direction,False,day11_development_provenance_transport_v1,2080,1.5058305815591065e-06,1.0,False,1.5058305815591065e-06,0.0031321276096429413,56,0.2340029561762295,1.5365315459533597,False,0.15229297230668928,13.10416554586885,64,1.3582012998219225e-08,1.0,False,1.3582012998219225e-08,8.692488318860304e-07,2304,0.010544046723987642,1.8152881033918886,False,0.005808470128948654,24.293483652067525,1.489685742350219,16,0.39690514011736905,1.4428399387470783,False,0.27508605040558437,6.350482241877905,False,dev_13500,13500,16,cnn
provenance_local_wrong_direction,False,day11_development_provenance_transport_v1,2080,1.5058305815591065e-06,1.0,False,1.5058305815591065e-06,0.0031321276096429413,56,0.23425602048803856,1.5381932399105795,False,0.15229297230668928,13.118337147330159,64,1.3582012998219225e-08,1.0,False,1.3582012998219225e-08,8.692488318860304e-07,2304,0.010550197592677444,1.816347051540584,False,0.005808470128948654,24.307655253528832,1.4905165893288288,16,0.39690514011736905,1.4428399387470783,False,0.27508605040558437,6.350482241877905,False,dev_13500,13500,16,cnn
provenance_residual_wrong_direction,False,day11_development_provenance_transport_v1,2080,1.5058305815591065e-06,1.0,False,1.5058305815591065e-06,0.0031321276096429413,56,0.23692992673986962,1.5557508869334922,False,0.15229297230668928,13.268075897432698,64,1.3582012998219225e-08,1.0,False,1.3582012998219225e-08,8.692488318860304e-07,2304,0.010640731369993278,1.8319335614659127,False,0.005808470128948654,24.51624507646451,1.5161216855406305,16,0.4061624859177396,1.476492484147769,False,0.27508605040558437,6.498599774683834,False,dev_13500,13500,16,cnn
provenance_copy_shuffled,False,day11_development_provenance_transport_v1,2080,0.08598397555239118,57100.69685486472,False,1.5058305815591065e-06,178.84666914897366,56,0.3229604802335307,2.120652551078649,False,0.15229297230668928,18.085786893077717,64,0.4743903486405002,34927837.920836836,False,1.3582012998219225e-08,30.360982312992014,2304,0.10117906443476563,17.419227815342015,False,0.005808470128948654,233.1165644577,1.1760110382636035,16,0.06364652893985814,0.23136952544855793,False,0.27508605040558437,1.0183444630377303,False,dev_13500,13500,16,cnn
provenance_local_shuffled,False,day11_development_provenance_transport_v1,2080,0.08857928604672004,58824.20448322071,False,1.5058305815591065e-06,184.24491497717767,56,0.3229604802335307,2.120652551078649,False,0.15229297230668928,18.085786893077717,64,0.4743903486405002,34927837.920836836,False,1.3582012998219225e-08,30.360982312992014,2304,0.10352205307547918,17.822602299276504,False,0.005808470128948654,238.51481028590405,1.1760110382636035,16,0.06364652893985814,0.23136952544855793,False,0.27508605040558437,1.0183444630377303,False,dev_13500,13500,16,cnn
provenance_residual_shuffled,False,day11_development_provenance_transport_v1,2080,0.06825085921243614,45324.39442275809,False,1.5058305815591065e-06,141.96178716186716,56,0.3135754632367851,2.0590277968001263,False,0.15229297230668928,17.560225941259965,64,0.48096223935745885,35411705.12946197,False,1.3582012998219225e-08,30.781583318877367,2304,0.08479710623093016,14.59887101911956,False,0.005808470128948654,195.3725327560631,1.1637144161678004,16,0.0738333807902225,0.26840103553547423,False,0.27508605040558437,1.18133409264356,False,dev_13500,13500,16,cnn
true_source,False,,2032,2.6366665263334913e-06,1.0,False,2.6366665263334913e-06,0.005357706381509654,84,0.3226848901806484,1.0,False,0.3226848901806484,27.105530775174465,64,3.485460793163415e-06,1.0,False,3.485460793163415e-06,0.00022306949076245856,2304,0.013592734481429565,1.0,False,0.013592734481429565,31.317660245213716,1.0,20,0.18793515439812056,1.0,False,0.18793515439812056,3.7587030879624113,False,dev_13501,13501,-16,cnn
true_target,False,,2032,0.0,0.0,False,2.6366665263334913e-06,0.0,84,0.0,0.0,False,0.3226848901806484,0.0,64,0.0,0.0,False,3.485460793163415e-06,0.0,2304,0.0,0.0,False,0.013592734481429565,0.0,0.0,20,0.0,0.0,False,0.18793515439812056,0.0,True,dev_13501,13501,-16,cnn
absolute_source,False,,2032,0.010610622881930917,4024.2566801520743,False,2.6366665263334913e-06,21.560785696083624,84,0.23009469910604827,0.7130631340600874,False,0.3226848901806484,19.327954724908054,64,0.05601812614432378,16071.942698136492,False,3.485460793163415e-06,3.5851600732367217,2304,0.020895693041939,1.5372692720869932,False,0.013592734481429565,48.14367676862746,0.675285486769008,20,0.11981013424229678,0.6375078394779287,False,0.18793515439812056,2.3962026848459357,False,dev_13501,13501,-16,cnn
absolute_genuine_target,False,,2032,0.010602210585660389,4021.0661757077273,False,2.6366665263334913e-06,21.54369191006191,84,0.09052743454111456,0.28054438647695795,False,0.3226848901806484,7.604304501453623,64,0.05640169635855813,16181.991336464805,False,3.485460793163415e-06,3.6097085669477202,2304,0.014775095737585219,1.0869847974865543,False,0.013592734481429565,34.041820579396344,0.17418406980215578,20,0.012746467515849211,0.0678237531273536,False,0.18793515439812056,0.2549293503169842,True,dev_13501,13501,-16,cnn
absolute_copy_repair,False,,2032,0.010642752550863527,4036.4423959457545,False,2.6366665263334913e-06,21.626073183354688,84,0.08954186884247364,0.277490119826638,False,0.3226848901806484,7.521516982767786,64,0.0560384352325946,16077.769499663184,False,3.485460793163415e-06,3.5864598548860545,2304,0.014754296856862347,1.0854546505723122,False,0.013592734481429565,33.99389995821085,0.17010729722388876,20,0.011788133822464844,0.06272447462113949,False,0.18793515439812056,0.23576267644929688,False,dev_13501,13501,-16,cnn
absolute_wrong_direction,False,,2032,0.010628743064168195,4031.129063161569,False,2.6366665263334913e-06,21.59760590638977,84,0.359951373787986,1.1154887778801006,False,0.3226848901806484,30.235915398190823,64,0.056061962263367904,16084.519548557564,False,3.485460793163415e-06,3.587965584855546,2304,0.02830778021153236,2.0825669956406885,False,0.013592734481429565,65.22112560737055,1.422759707846697,20,0.3251335750309203,1.7300306378132935,False,0.18793515439812056,6.502671500618406,False,dev_13501,13501,-16,cnn
absolute_shuffled,False,,2032,0.045494390591856865,17254.51062448943,False,2.6366665263334913e-06,92.44460168265314,84,0.46078067050519,1.4279586200867094,False,0.3226848901806484,38.70557632243596,64,0.3515299609510363,100856.09387445917,False,3.485460793163415e-06,22.497917500866322,2304,0.06821651424704789,5.018601249089762,False,0.013592734481429565,157.17084882519833,0.8075280184206192,20,0.03516218190525191,0.18709741675452896,False,0.18793515439812056,0.7032436381050382,False,dev_13501,13501,-16,cnn
residual_source,False,,2032,2.6366665263334913e-06,1.0,False,2.6366665263334913e-06,0.005357706381509654,84,0.3226848901806484,1.0,False,0.3226848901806484,27.105530775174465,64,3.485460793163415e-06,1.0,False,3.485460793163415e-06,0.00022306949076245856,2304,0.013592734481429565,1.0,False,0.013592734481429565,31.317660245213716,1.0,20,0.18793515439812056,1.0,False,0.18793515439812056,3.7587030879624113,False,dev_13501,13501,-16,cnn
residual_genuine_target,False,,2032,7.241248062213759e-05,27.463647715372367,False,2.6366665263334913e-06,0.14714216062418356,84,0.19704449740827676,0.6106406076155767,False,0.3226848901806484,16.55173778229525,64,0.00011668460188804946,33.47752530079277,False,3.485460793163415e-06,0.0074678145208351655,2304,0.008100708905620764,0.595958739331514,False,0.013592734481429565,18.664033318550242,0.4870455830697222,20,0.06830513683226622,0.36345055852386765,False,0.18793515439812056,1.3661027366453244,True,dev_13501,13501,-16,cnn
residual_copy_repair,False,,2032,4.449842562060329e-05,16.876774205679368,False,2.6366665263334913e-06,0.09042080086106588,84,0.1973962723074465,0.6117307575106424,False,0.3226848901806484,16.581286873825505,64,7.138023955272987e-06,2.0479426907552427,False,3.485460793163415e-06,0.00045683353313747115,2304,0.008042070911401829,0.591644817486057,False,0.013592734481429565,18.528931379869814,0.47942454347725905,20,0.06523573683845245,0.34711832944387566,False,0.18793515439812056,1.304714736769049,False,dev_13501,13501,-16,cnn
residual_wrong_direction,False,,2032,9.019645630082696e-05,34.208518748957154,False,2.6366665263334913e-06,0.18327919920328037,84,0.4495553584727574,1.393171394610647,False,0.3226848901806484,37.76265011171162,64,6.299972705068386e-06,1.8075006660311652,False,3.485460793163415e-06,0.0004031982531243767,2304,0.020973600286288474,1.5430008078906177,False,0.013592734481429565,48.323175059608644,1.7320762939883596,20,0.38921017033085675,2.0709811933660722,False,0.18793515439812056,7.784203406617135,False,dev_13501,13501,-16,cnn
residual_shuffled,False,,2032,0.042668291376315934,16182.665100106466,False,2.6366665263334913e-06,86.70196807667398,84,0.5136121502042222,1.5916832979588453,False,0.3226848901806484,43.14342061715467,64,0.329405784307473,94508.53240225471,False,3.485460793163415e-06,21.081970195678274,2304,0.06784085275194367,4.990964315872428,False,0.013592734481429565,156.3053247404782,1.0466316033367342,20,0.09426449758727791,0.5015799087146231,False,0.18793515439812056,1.8852899517455581,False,dev_13501,13501,-16,cnn
provenance_copy_source,False,day11_development_provenance_transport_v1,2032,2.6366665263334913e-06,1.0,False,2.6366665263334913e-06,0.005357706381509654,84,0.3226848901806484,1.0,False,0.3226848901806484,27.105530775174465,64,3.485460793163415e-06,1.0,False,3.485460793163415e-06,0.00022306949076245856,2304,0.013592734481429565,1.0,False,0.013592734481429565,31.317660245213716,1.0,20,0.18793515439812056,1.0,False,0.18793515439812056,3.7587030879624113,False,dev_13501,13501,-16,cnn
provenance_local_source,False,day11_development_provenance_transport_v1,2032,2.6366665263334913e-06,1.0,False,2.6366665263334913e-06,0.005357706381509654,84,0.3226848901806484,1.0,False,0.3226848901806484,27.105530775174465,64,3.485460793163415e-06,1.0,False,3.485460793163415e-06,0.00022306949076245856,2304,0.013592734481429565,1.0,False,0.013592734481429565,31.317660245213716,1.0,20,0.18793515439812056,1.0,False,0.18793515439812056,3.7587030879624113,False,dev_13501,13501,-16,cnn
provenance_residual_source,False,day11_development_provenance_transport_v1,2032,2.6366665263334913e-06,1.0,False,2.6366665263334913e-06,0.005357706381509654,84,0.3226848901806484,1.0,False,0.3226848901806484,27.105530775174465,64,3.485460793163415e-06,1.0,False,3.485460793163415e-06,0.00022306949076245856,2304,0.013592734481429565,1.0,False,0.013592734481429565,31.317660245213716,1.0,20,0.18793515439812056,1.0,False,0.18793515439812056,3.7587030879624113,False,dev_13501,13501,-16,cnn
provenance_copy_genuine_target,False,day11_development_provenance_transport_v1,2032,0.010602210585660389,4021.0661757077273,False,2.6366665263334913e-06,21.54369191006191,84,0.09052743454111456,0.28054438647695795,False,0.3226848901806484,7.604304501453623,64,0.05640169635855813,16181.991336464805,False,3.485460793163415e-06,3.6097085669477202,2304,0.014775095737585219,1.0869847974865543,False,0.013592734481429565,34.041820579396344,0.17418406980215578,20,0.012746467515849211,0.0678237531273536,False,0.18793515439812056,0.2549293503169842,True,dev_13501,13501,-16,cnn
provenance_local_genuine_target,False,day11_development_provenance_transport_v1,2032,0.02456160719494193,9315.401454690948,False,2.6366665263334913e-06,49.909185820122005,84,0.41710069582062176,1.2925944427925233,False,0.3226848901806484,35.03645844893223,64,0.2965744667445104,85089.02677265191,False,3.485460793163415e-06,18.980765871648664,2304,0.04614653369131566,3.394941154361633,False,0.013592734481429565,106.32161362479128,0.6969615472487769,20,0.019043215803138273,0.10132865170503041,False,0.18793515439812056,0.3808643160627655,True,dev_13501,13501,-16,cnn
provenance_residual_genuine_target,False,day11_development_provenance_transport_v1,2032,0.010602210585660389,4021.0661757077273,False,2.6366665263334913e-06,21.54369191006191,84,0.09052743454111456,0.28054438647695795,False,0.3226848901806484,7.604304501453623,64,0.05640169635855813,16181.991336464805,False,3.485460793163415e-06,3.6097085669477202,2304,0.014775095737585219,1.0869847974865543,False,0.013592734481429565,34.041820579396344,0.17418406980215578,20,0.012746467515849211,0.0678237531273536,False,0.18793515439812056,0.2549293503169842,True,dev_13501,13501,-16,cnn
provenance_copy_copy_repair,False,day11_development_provenance_transport_v1,2032,2.6366665263334913e-06,1.0,False,2.6366665263334913e-06,0.005357706381509654,84,0.002940401493621034,0.009112299903397745,False,0.3226848901806484,0.24699372546416684,64,3.485460793163415e-06,1.0,False,3.485460793163415e-06,0.00022306949076245856,2304,0.00040632933332912735,0.02989312664675792,False,0.013592734481429565,0.9361827839903094,0.03591838726226862,20,0.011788133822464844,0.06272447462113949,False,0.18793515439812056,0.23576267644929688,False,dev_13501,13501,-16,cnn
provenance_local_copy_repair,False,day11_development_provenance_transport_v1,2032,2.6366665263334913e-06,1.0,False,2.6366665263334913e-06,0.005357706381509654,84,0.002940401493621034,0.009112299903397745,False,0.3226848901806484,0.24699372546416684,64,3.485460793163415e-06,1.0,False,3.485460793163415e-06,0.00022306949076245856,2304,0.0003944763847073779,0.029021120455660538,False,0.013592734481429565,0.9088735903657986,0.03228559252091609,20,0.01042267414123931,0.05545888513843444,False,0.18793515439812056,0.2084534828247862,False,dev_13501,13501,-16,cnn
provenance_residual_copy_repair,False,day11_development_provenance_transport_v1,2032,2.6366665263334913e-06,1.0,False,2.6366665263334913e-06,0.005357706381509654,84,0.003356015622319895,0.010400287476866672,False,0.3226848901806484,0.28190531227487114,64,3.485460793163415e-06,1.0,False,3.485460793163415e-06,0.00022306949076245856,2304,0.00042148193177127323,0.03100788383287433,False,0.013592734481429565,0.9710943708010136,0.036562381049003084,20,0.011788133822464844,0.06272447462113949,False,0.18793515439812056,0.23576267644929688,False,dev_13501,13501,-16,cnn
provenance_copy_wrong_direction,False,day11_development_provenance_transport_v1,2032,2.6366665263334913e-06,1.0,False,2.6366665263334913e-06,0.005357706381509654,84,0.3793960400962784,1.1757477701663734,False,0.3226848901806484,31.86926736808739,64,3.485460793163415e-06,1.0,False,3.485460793163415e-06,0.00022306949076245856,2304,0.019608259341664845,1.4425544299753452,False,0.013592734481429565,45.177429523195805,1.7966786958263428,20,0.4543538374884119,2.4176096214863123,False,0.18793515439812056,9.087076749768238,False,dev_13501,13501,-16,cnn
provenance_local_wrong_direction,False,day11_development_provenance_transport_v1,2032,2.6366665263334913e-06,1.0,False,2.6366665263334913e-06,0.005357706381509654,84,0.3681918678686564,1.1410260569143225,False,0.3226848901806484,30.928116900967137,64,3.485460793163415e-06,1.0,False,3.485460793163415e-06,0.00022306949076245856,2304,0.01919977389586613,1.4125026809062533,False,0.013592734481429565,44.23627905607557,1.7793178392003175,20,0.4543538374884119,2.4176096214863123,False,0.18793515439812056,9.087076749768238,False,dev_13501,13501,-16,cnn
provenance_residual_wrong_direction,False,day11_development_provenance_transport_v1,2032,2.6366665263334913e-06,1.0,False,2.6366665263334913e-06,0.005357706381509654,84,0.37819821918042373,1.1720357249101356,False,0.3226848901806484,31.768650411155594,64,3.485460793163415e-06,1.0,False,3.485460793163415e-06,0.00022306949076245856,2304,0.01965719563314055,1.4461546100231906,False,0.013592734481429565,45.29017873875583,1.81438429285633,20,0.46170646950985883,2.4567328608025245,False,0.18793515439812056,9.234129390197177,False,dev_13501,13501,-16,cnn
provenance_copy_shuffled,False,day11_development_provenance_transport_v1,2032,0.07312123321683758,27732.454023497186,False,2.6366665263334913e-06,148.58234589661396,84,0.4902259778417249,1.5192095842085513,False,0.3226848901806484,41.17898213870489,64,0.36617049535009594,105056.55265677467,False,3.485460793163415e-06,23.43491170240614,2304,0.09447531882640556,6.950427741782055,False,0.013592734481429565,217.6711345760384,0.8653487625590636,20,0.03974601882818174,0.21148794090957587,False,0.18793515439812056,0.7949203765636348,False,dev_13501,13501,-16,cnn
provenance_local_shuffled,False,day11_development_provenance_transport_v1,2032,0.07303384917897456,27699.312161608214,False,2.6366665263334913e-06,148.4047815316763,84,0.4902259778417249,1.5192095842085513,False,0.3226848901806484,41.17898213870489,64,0.36617049535009594,105056.55265677467,False,3.485460793163415e-06,23.43491170240614,2304,0.09439825095967913,6.944757957910993,False,0.013592734481429565,217.49357021110072,0.8653487625590636,20,0.03974601882818174,0.21148794090957587,False,0.18793515439812056,0.7949203765636348,False,dev_13501,13501,-16,cnn
provenance_residual_shuffled,False,day11_development_provenance_transport_v1,2032,0.05745311747271784,21790.058355468744,False,2.6366665263334913e-06,116.74473470456266,84,0.4761154211396575,1.475480989745489,False,0.3226848901806484,39.99369537573123,64,0.3445445001752888,98851.92249217044,False,3.485460793163415e-06,22.050848011218484,2304,0.07952368040331763,5.8504549258990615,False,0.013592734481429565,183.2225596492438,0.8343026505400168,20,0.036294847268688354,0.19312431133454466,False,0.18793515439812056,0.725896945373767,False,dev_13501,13501,-16,cnn
true_source,False,,2028,9.814172890442282e-07,1.0,False,9.814172890442282e-07,0.0019903142621816947,76,0.37116589624863944,1.0,False,0.37116589624863944,28.208608114896595,48,1.278355995191117e-09,1.0,False,1.278355995191117e-09,6.136108776917361e-08,2304,0.018808795314263455,1.0,False,0.018808795314263455,43.335464404063,1.0,36,0.4020606667993499,1.0,False,0.4020606667993499,14.474184004776596,False,dev_13502,13502,32,cnn
true_target,False,,2028,0.0,0.0,False,9.814172890442282e-07,0.0,76,0.0,0.0,False,0.37116589624863944,0.0,48,0.0,0.0,False,1.278355995191117e-09,0.0,2304,0.0,0.0,False,0.018808795314263455,0.0,0.0,36,0.0,0.0,False,0.4020606667993499,0.0,True,dev_13502,13502,32,cnn
absolute_source,False,,2028,0.013409325715356676,13663.22548527304,False,9.814172890442282e-07,27.19411255074334,76,0.36780404495609903,0.9909424563880505,False,0.37116589624863944,27.953107416663524,48,0.07357609266144541,57555245.12594446,False,1.278355995191117e-09,3.5316524477493796,2304,0.03178007756346483,1.6896391838218758,False,0.018808795314263455,73.22129870622297,0.9014517781986359,36,0.3264576212848411,0.8119611000092213,False,0.4020606667993499,11.75247436625428,False,dev_13502,13502,32,cnn
absolute_genuine_target,False,,2028,0.01302523158391492,13271.858697944672,False,9.814172890442282e-07,26.415169652179458,76,0.08928445826074162,0.2405513522743778,False,0.37116589624863944,6.785618827816363,48,0.07357456918175691,57554053.3767805,False,1.278355995191117e-09,3.5315793207243313,2304,0.017142117289479022,0.9113883692742126,False,0.018808795314263455,39.49543823495967,0.14396152599322679,36,0.01904629717365576,0.047371699712075784,False,0.4020606667993499,0.6856666982516073,True,dev_13502,13502,32,cnn
absolute_copy_repair,False,,2028,0.013378103528567529,13631.412119910836,False,9.814172890442282e-07,27.130793955934948,76,0.09452797072674728,0.254678491968519,False,0.37116589624863944,7.184125775232793,48,0.07364393363295235,57608314.04552722,False,1.278355995191117e-09,3.534908814381713,2304,0.01792168381809278,0.9528352836346757,False,0.018808795314263455,41.29155951688576,0.16531073826704662,36,0.030533687013167516,0.07594298456557425,False,0.4020606667993499,1.0992127324740306,False,dev_13502,13502,32,cnn
absolute_wrong_direction,False,,2028,0.01431129707312917,14582.275279729887,False,9.814172890442282e-07,29.023310464305958,76,0.4913722429346891,1.3238615074848497,False,0.37116589624863944,37.34429046303637,48,0.07351818607943018,57509947.42934582,False,1.278355995191117e-09,3.528872931812649,2304,0.04113044567243213,2.186766615575921,False,0.018808795314263455,94.76454682928363,1.136922027631449,36,0.3819506166073874,0.9499825477780484,False,0.4020606667993499,13.750222197865947,False,dev_13502,13502,32,cnn
absolute_shuffled,False,,2028,0.05720904548972608,58292.273967824825,False,9.814172890442282e-07,116.01994425316448,76,0.4401172174197247,1.1857695490560254,False,0.37116589624863944,33.44890852389908,48,0.437123500820423,341941917.9514796,False,1.278355995191117e-09,20.981928039380303,2304,0.07811164839419532,4.152932024038783,False,0.018808795314263455,179.969237900226,0.689191002727174,36,0.07744189265337033,0.1926124563983227,False,0.4020606667993499,2.7879081355213318,False,dev_13502,13502,32,cnn
residual_source,False,,2028,9.814172890442282e-07,1.0,False,9.814172890442282e-07,0.0019903142621816947,76,0.37116589624863944,1.0,False,0.37116589624863944,28.208608114896595,48,1.278355995191117e-09,1.0,False,1.278355995191117e-09,6.136108776917361e-08,2304,0.018808795314263455,1.0,False,0.018808795314263455,43.335464404063,1.0,36,0.4020606667993499,1.0,False,0.4020606667993499,14.474184004776596,False,dev_13502,13502,32,cnn
residual_genuine_target,False,,2028,0.00020588334192525365,209.78165376091656,False,9.814172890442282e-07,0.4175314174244144,76,0.11112839925564301,0.2994035830845824,False,0.37116589624863944,8.445758343428869,48,0.0006860937342240236,536700.0560133104,False,1.278355995191117e-09,0.032932499242753134,2304,0.0055706991032741715,0.2961752206984617,False,0.018808795314263455,12.834890733943691,0.25199011333731575,36,0.08225222173338807,0.20457664359004907,False,0.4020606667993499,2.9610799824019707,True,dev_13502,13502,32,cnn
residual_copy_repair,False,,2028,8.774558694235654e-05,89.40701159626936,False,9.814172890442282e-07,0.17794805031909908,76,0.11604402220191319,0.31264731855692024,False,0.37116589624863944,8.819345687345402,48,7.377901957943216e-06,5771.398566359603,False,1.278355995191117e-09,0.0003541392939812744,2304,0.00573085612416992,0.3046902275460452,False,0.018808795314263455,13.203892510087496,0.26759409429598896,36,0.08947493059640275,0.22254087003505768,False,0.4020606667993499,3.2210975014704992,False,dev_13502,13502,32,cnn
residual_wrong_direction,False,,2028,0.0008514924402309213,867.6150804925836,False,9.814172890442282e-07,1.7268266687883085,76,0.48160530136556273,1.2975472860872468,False,0.37116589624863944,36.60200290378277,48,8.76234451331487e-06,6854.385277870019,False,1.278355995191117e-09,0.0004205925366391137,2304,0.02873801839518992,1.5279031918326391,False,0.018808795314263455,66.21239438251757,1.284943789096185,36,0.5115579862394654,1.272340292105123,False,0.4020606667993499,18.41608750462075,False,dev_13502,13502,32,cnn
residual_shuffled,False,,2028,0.051299843628511026,52271.18393081331,False,9.814172890442282e-07,104.03608287862036,76,0.4228449434052042,1.1392343630675206,False,0.37116589624863944,32.13621569879552,48,0.3239742753864072,253430403.27195585,False,1.278355995191117e-09,15.550765218547546,2304,0.07069608198442473,3.7586714514785053,False,0.018808795314263455,162.88377289211456,0.7357442277883279,36,0.1335863019810358,0.33225409250913523,False,0.4020606667993499,4.809106871317288,False,dev_13502,13502,32,cnn
provenance_copy_source,False,day11_development_provenance_transport_v1,2028,9.814172890442282e-07,1.0,False,9.814172890442282e-07,0.0019903142621816947,76,0.37116589624863944,1.0,False,0.37116589624863944,28.208608114896595,48,1.278355995191117e-09,1.0,False,1.278355995191117e-09,6.136108776917361e-08,2304,0.018808795314263455,1.0,False,0.018808795314263455,43.335464404063,1.0,36,0.4020606667993499,1.0,False,0.4020606667993499,14.474184004776596,False,dev_13502,13502,32,cnn
provenance_local_source,False,day11_development_provenance_transport_v1,2028,9.814172890442282e-07,1.0,False,9.814172890442282e-07,0.0019903142621816947,76,0.37116589624863944,1.0,False,0.37116589624863944,28.208608114896595,48,1.278355995191117e-09,1.0,False,1.278355995191117e-09,6.136108776917361e-08,2304,0.018808795314263455,1.0,False,0.018808795314263455,43.335464404063,1.0,36,0.4020606667993499,1.0,False,0.4020606667993499,14.474184004776596,False,dev_13502,13502,32,cnn
provenance_residual_source,False,day11_development_provenance_transport_v1,2028,9.814172890442282e-07,1.0,False,9.814172890442282e-07,0.0019903142621816947,76,0.37116589624863944,1.0,False,0.37116589624863944,28.208608114896595,48,1.278355995191117e-09,1.0,False,1.278355995191117e-09,6.136108776917361e-08,2304,0.018808795314263455,1.0,False,0.018808795314263455,43.335464404063,1.0,36,0.4020606667993499,1.0,False,0.4020606667993499,14.474184004776596,False,dev_13502,13502,32,cnn
provenance_copy_genuine_target,False,day11_development_provenance_transport_v1,2028,0.01302523158391492,13271.858697944672,False,9.814172890442282e-07,26.415169652179458,76,0.08928445826074162,0.2405513522743778,False,0.37116589624863944,6.785618827816363,48,0.07357456918175691,57554053.3767805,False,1.278355995191117e-09,3.5315793207243313,2304,0.017142117289479022,0.9113883692742126,False,0.018808795314263455,39.49543823495967,0.14396152599322679,36,0.01904629717365576,0.047371699712075784,False,0.4020606667993499,0.6856666982516073,True,dev_13502,13502,32,cnn
provenance_local_genuine_target,False,day11_development_provenance_transport_v1,2028,0.03674926511626074,37445.096521633226,False,9.814172890442282e-07,74.52750965577678,76,0.42586172666247224,1.147362219876992,False,0.37116589624863944,32.36549122634789,48,0.3903180654491197,305328145.6162501,False,1.278355995191117e-09,18.735267141557745,2304,0.0568090351086346,3.020344161305964,False,0.018808795314263455,130.88801689029413,0.6143700998138153,36,0.03271888480132577,0.08137797975063867,False,0.4020606667993499,1.177879852847728,True,dev_13502,13502,32,cnn
provenance_residual_genuine_target,False,day11_development_provenance_transport_v1,2028,0.01302523158391492,13271.858697944672,False,9.814172890442282e-07,26.415169652179458,76,0.08928445826074162,0.2405513522743778,False,0.37116589624863944,6.785618827816363,48,0.07357456918175691,57554053.3767805,False,1.278355995191117e-09,3.5315793207243313,2304,0.017142117289479022,0.9113883692742126,False,0.018808795314263455,39.49543823495967,0.14396152599322679,36,0.01904629717365576,0.047371699712075784,False,0.4020606667993499,0.6856666982516073,True,dev_13502,13502,32,cnn
provenance_copy_copy_repair,False,day11_development_provenance_transport_v1,2028,9.814172890442282e-07,1.0,False,9.814172890442282e-07,0.0019903142621816947,76,0.01364587311854996,0.036764889383610715,False,0.37116589624863944,1.037086357009797,48,1.278355995191117e-09,1.0,False,1.278355995191117e-09,6.136108776917361e-08,2304,0.0012104910476882136,0.06435771283928271,False,0.018808795314263455,2.788971373873644,0.05635393697459248,36,0.030533687013167516,0.07594298456557425,False,0.4020606667993499,1.0992127324740306,False,dev_13502,13502,32,cnn
provenance_local_copy_repair,False,day11_development_provenance_transport_v1,2028,9.814172890442282e-07,1.0,False,9.814172890442282e-07,0.0019903142621816947,76,0.01364587311854996,0.036764889383610715,False,0.37116589624863944,1.037086357009797,48,1.278355995191117e-09,1.0,False,1.278355995191117e-09,6.136108776917361e-08,2304,0.0011396003246362226,0.0605886929808853,False,0.018808795314263455,2.6256391479618566,0.05071174582040078,36,0.025996680737840096,0.06465860225719083,False,0.4020606667993499,0.9358805065622434,False,dev_13502,13502,32,cnn
provenance_residual_copy_repair,False,day11_development_provenance_transport_v1,2028,9.814172890442282e-07,1.0,False,9.814172890442282e-07,0.0019903142621816947,76,0.010646046455738595,0.028682717252144687,False,0.37116589624863944,0.8090995306361333,48,1.278355995191117e-09,1.0,False,1.278355995191117e-09,6.136108776917361e-08,2304,0.001111538432074644,0.0590967371116916,False,0.018808795314263455,2.56098454749998,0.05231285090885947,36,0.030533687013167516,0.07594298456557425,False,0.4020606667993499,1.0992127324740306,False,dev_13502,13502,32,cnn
provenance_copy_wrong_direction,False,day11_development_provenance_transport_v1,2028,0.0009938764534581782,1012.695073291488,False,9.814172890442282e-07,2.0155814476131853,76,0.4785796628561765,1.2893955713419907,False,0.37116589624863944,36.37205437706941,48,1.278355995191117e-09,1.0,False,1.278355995191117e-09,6.136108776917361e-08,2304,0.030616859060382768,1.6277947922142992,False,0.018808795314263455,70.5412432751219,1.3125396205948143,36,0.537025866931944,1.335683669847638,False,0.4020606667993499,19.332931209549983,False,dev_13502,13502,32,cnn
provenance_local_wrong_direction,False,day11_development_provenance_transport_v1,2028,0.0009938764534581782,1012.695073291488,False,9.814172890442282e-07,2.0155814476131853,76,0.45974344886515656,1.2386467978652331,False,0.37116589624863944,34.9405021137519,48,1.278355995191117e-09,1.0,False,1.278355995191117e-09,6.136108776917361e-08,2304,0.03005721768263704,1.5980405539233797,False,0.018808795314263455,69.25182954079574,1.2920753043980437,36,0.5409741594039257,1.3455038109308544,False,0.4020606667993499,19.475069738541325,False,dev_13502,13502,32,cnn
provenance_residual_wrong_direction,False,day11_development_provenance_transport_v1,2028,0.0010681279250414903,1088.352464303647,False,9.814172890442282e-07,2.1661634319841423,76,0.4784702274702987,1.2891007290976362,False,0.37116589624863944,36.3637372877427,48,1.278355995191117e-09,1.0,False,1.278355995191117e-09,6.136108776917361e-08,2304,0.030948160905276387,1.6454089902189095,False,0.018808795314263455,71.3045627257568,1.328351954843788,36,0.549859446704903,1.3676031805899402,False,0.4020606667993499,19.79494008137651,False,dev_13502,13502,32,cnn
provenance_copy_shuffled,False,day11_development_provenance_transport_v1,2028,0.0903920268609397,92103.56070756578,False,9.814172890442282e-07,183.3150304739857,76,0.4329585153559514,1.1664824805615166,False,0.37116589624863944,32.90484716705231,48,0.5042993332799494,394490529.380711,False,1.278355995191117e-09,24.20636799743757,2304,0.11105502802847779,5.904420042481953,False,0.018808795314263455,255.87078457761282,0.7483860687957202,36,0.1327964797423798,0.3302896570299239,False,0.4020606667993499,4.780673270725672,False,dev_13502,13502,32,cnn
provenance_local_shuffled,False,day11_development_provenance_transport_v1,2028,0.09059520819457703,92310.58919168307,False,9.814172890442282e-07,183.72708221860222,76,0.4382231620784758,1.1806665604452935,False,0.37116589624863944,33.30496031796416,48,0.5042993332799494,394490529.380711,False,1.278355995191117e-09,24.20636799743757,2304,0.11139346552821755,5.922413619108474,False,0.018808795314263455,256.65054457701325,0.7554781087376087,36,0.1327964797423798,0.3302896570299239,False,0.4020606667993499,4.780673270725672,False,dev_13502,13502,32,cnn
provenance_residual_shuffled,False,day11_development_provenance_transport_v1,2028,0.06808224047576852,69371.34818775376,False,9.814172890442282e-07,138.07078368485855,76,0.43248914962001583,1.1652179092722914,False,0.37116589624863944,32.8691753711212,48,0.4836342558689202,378325175.21585673,False,1.278355995191117e-09,23.21444428170817,2304,0.08922758138181197,4.743928565916561,False,0.018808795314263455,205.58034750369478,0.6996484474264673,36,0.09411395302626874,0.23407898558064302,False,0.4020606667993499,3.3881023089456743,False,dev_13502,13502,32,cnn
true_source,False,,2044,1.0870654585745081e-06,1.0,False,1.0870654585745081e-06,0.0022219617973262946,60,0.2393907923870127,1.0,False,0.2393907923870127,14.363447543220762,56,2.0298842790884958e-08,1.0,False,2.0298842790884958e-08,1.1367351962895576e-06,2304,0.009949976330948067,1.0,False,0.009949976330948067,22.924745466504348,1.0,36,0.22401144240671622,1.0,False,0.22401144240671622,8.064411926641784,False,dev_13503,13503,-32,cnn
true_target,False,,2044,0.0,0.0,False,1.0870654585745081e-06,0.0,60,0.0,0.0,False,0.2393907923870127,0.0,56,0.0,0.0,False,2.0298842790884958e-08,0.0,2304,0.0,0.0,False,0.009949976330948067,0.0,0.0,36,0.0,0.0,False,0.22401144240671622,0.0,True,dev_13503,13503,-32,cnn
absolute_source,False,,2044,0.015938120813628512,14661.601735123206,False,1.0870654585745081e-06,32.57751894305668,60,0.2515622868265196,1.0508436198324194,False,0.2393907923870127,15.093737209591175,56,0.09428862614110427,4645024.69980426,False,2.0298842790884958e-08,5.280163063901839,2304,0.02731017883251173,2.7447481204118125,False,0.009949976330948067,62.92265203010703,0.9822554125292018,36,0.20467190852238593,0.9136672052259842,False,0.22401144240671622,7.368188706805893,False,dev_13503,13503,-32,cnn
absolute_genuine_target,False,,2044,0.01534777584955061,14118.538794965,False,1.0870654585745081e-06,31.370853836481444,60,0.07996963749574446,0.3340547758681588,False,0.2393907923870127,4.798178249744668,56,0.09373045038154681,4617526.789440222,False,2.0298842790884958e-08,5.248905221366622,2304,0.01931248206495093,1.9409575885001902,False,0.009949976330948067,44.49595867764694,0.21606330102904348,36,0.021969211244266568,0.09807182618992813,False,0.22401144240671622,0.7908916047935964,True,dev_13503,13503,-32,cnn
absolute_copy_repair,False,,2044,0.015915704625228545,14640.980908453428,False,1.0870654585745081e-06,32.531700253967145,60,0.08333143330940547,0.34809790501335225,False,0.2393907923870127,4.999885998564328,56,0.09430865754745035,4646011.524844113,False,2.0298842790884958e-08,5.28128482265722,2304,0.020451304557065206,2.055412382585692,False,0.009949976330948067,47.119805699478235,0.2979773315526959,36,0.055522749890450314,0.24785675809203955,False,0.22401144240671622,1.9988189960562113,False,dev_13503,13503,-32,cnn
absolute_wrong_direction,False,,2044,0.01685728132642585,15507.144664987478,False,1.0870654585745081e-06,34.45628303121444,60,0.28607978538119433,1.1950325345792814,False,0.2393907923870127,17.164787122871658,56,0.09415313420533887,4638349.839707002,False,2.0298842790884958e-08,5.272575515498977,2304,0.03217486692488926,3.2336626595596667,False,0.009949976330948067,74.13089339494485,1.1713085124448894,36,0.2570720569580308,1.1475844903104975,False,0.22401144240671622,9.254594050489109,False,dev_13503,13503,-32,cnn
absolute_shuffled,False,,2044,0.050625714091379226,46570.98953154651,False,1.0870654585745081e-06,103.47895960277914,60,0.30808221285137843,1.2869426170465041,False,0.2393907923870127,18.484932771082708,56,0.5373000674446776,26469492.521314967,False,2.0298842790884958e-08,30.088803776901948,2304,0.07001366981992871,7.036566469224714,False,0.009949976330948067,161.31149526511575,0.8234653194273098,36,0.0806414360143764,0.3599880218081156,False,0.22401144240671622,2.90309169651755,False,dev_13503,13503,-32,cnn
residual_source,False,,2044,1.0870654585745081e-06,1.0,False,1.0870654585745081e-06,0.0022219617973262946,60,0.2393907923870127,1.0,False,0.2393907923870127,14.363447543220762,56,2.0298842790884958e-08,1.0,False,2.0298842790884958e-08,1.1367351962895576e-06,2304,0.009949976330948067,1.0,False,0.009949976330948067,22.924745466504348,1.0,36,0.22401144240671622,1.0,False,0.22401144240671622,8.064411926641784,False,dev_13503,13503,-32,cnn
residual_genuine_target,False,,2044,0.00020601945799816657,189.5189074154966,False,1.0870654585745081e-06,0.42110377214825245,60,0.11074500024401607,0.46261177858912567,False,0.2393907923870127,6.644700014640964,56,0.0005567673420933097,27428.5262381224,False,2.0298842790884958e-08,0.031178971157225344,2304,0.004590172787690929,0.4613249956599205,False,0.009949976330948067,10.5757581028399,0.3844967781703381,36,0.06863302396125878,0.3063817777515505,False,0.22401144240671622,2.4707888626053163,True,dev_13503,13503,-32,cnn
residual_copy_repair,False,,2044,7.200721799231499e-05,66.24000185484651,False,1.0870654585745081e-06,0.14718275357629182,60,0.1109993569834101,0.46367429539212296,False,0.2393907923870127,6.659961419004606,56,4.033628299095555e-06,198.71222909844028,False,2.0298842790884958e-08,0.00022588318474935106,2304,0.004979688027726808,0.5004723490887266,False,0.009949976330948067,11.473201215882566,0.4623724891822086,36,0.1032851087440734,0.4610706829722942,False,0.22401144240671622,3.7182639147866423,False,dev_13503,13503,-32,cnn
residual_wrong_direction,False,,2044,0.0009200905309671924,846.3984608376082,False,1.0870654585745081e-06,1.8806650452969413,60,0.30704783691804327,1.2826217493847982,False,0.2393907923870127,18.422870215082597,56,4.083010481958661e-06,201.14498762422585,False,2.0298842790884958e-08,0.00022864858698968502,2304,0.016641423726911908,1.6725088757398339,False,0.009949976330948067,38.341840266805036,1.3445779207929132,36,0.31507973078817353,1.4065340922010283,False,0.22401144240671622,11.342870308374247,False,dev_13503,13503,-32,cnn
residual_shuffled,False,,2044,0.04496371190681696,41362.46952946037,False,1.0870654585745081e-06,91.90582713753386,60,0.33155527266648294,1.384995928040841,False,0.2393907923870127,19.893316359988976,56,0.4681175130150575,23061290.628117092,False,2.0298842790884958e-08,26.21458072884322,2304,0.06513627476358275,6.546374845233059,False,0.009949976330948067,150.07397705529465,1.011979344069362,36,0.14313496953370333,0.6389627600978829,False,0.22401144240671622,5.15285890321332,False,dev_13503,13503,-32,cnn
provenance_copy_source,False,day11_development_provenance_transport_v1,2044,1.0870654585745081e-06,1.0,False,1.0870654585745081e-06,0.0022219617973262946,60,0.2393907923870127,1.0,False,0.2393907923870127,14.363447543220762,56,2.0298842790884958e-08,1.0,False,2.0298842790884958e-08,1.1367351962895576e-06,2304,0.009949976330948067,1.0,False,0.009949976330948067,22.924745466504348,1.0,36,0.22401144240671622,1.0,False,0.22401144240671622,8.064411926641784,False,dev_13503,13503,-32,cnn
provenance_local_source,False,day11_development_provenance_transport_v1,2044,1.0870654585745081e-06,1.0,False,1.0870654585745081e-06,0.0022219617973262946,60,0.2393907923870127,1.0,False,0.2393907923870127,14.363447543220762,56,2.0298842790884958e-08,1.0,False,2.0298842790884958e-08,1.1367351962895576e-06,2304,0.009949976330948067,1.0,False,0.009949976330948067,22.924745466504348,1.0,36,0.22401144240671622,1.0,False,0.22401144240671622,8.064411926641784,False,dev_13503,13503,-32,cnn
provenance_residual_source,False,day11_development_provenance_transport_v1,2044,1.0870654585745081e-06,1.0,False,1.0870654585745081e-06,0.0022219617973262946,60,0.2393907923870127,1.0,False,0.2393907923870127,14.363447543220762,56,2.0298842790884958e-08,1.0,False,2.0298842790884958e-08,1.1367351962895576e-06,2304,0.009949976330948067,1.0,False,0.009949976330948067,22.924745466504348,1.0,36,0.22401144240671622,1.0,False,0.22401144240671622,8.064411926641784,False,dev_13503,13503,-32,cnn
provenance_copy_genuine_target,False,day11_development_provenance_transport_v1,2044,0.01534777584955061,14118.538794965,False,1.0870654585745081e-06,31.370853836481444,60,0.07996963749574446,0.3340547758681588,False,0.2393907923870127,4.798178249744668,56,0.09373045038154681,4617526.789440222,False,2.0298842790884958e-08,5.248905221366622,2304,0.01931248206495093,1.9409575885001902,False,0.009949976330948067,44.49595867764694,0.21606330102904348,36,0.021969211244266568,0.09807182618992813,False,0.22401144240671622,0.7908916047935964,True,dev_13503,13503,-32,cnn
provenance_local_genuine_target,False,day11_development_provenance_transport_v1,2044,0.02560634021989211,23555.472228388386,False,1.0870654585745081e-06,52.33935940945947,60,0.26178913311442725,1.0935639190800794,False,0.2393907923870127,15.707347986865637,56,0.503548897269307,24806778.51721783,False,2.0298842790884958e-08,28.198738247081188,2304,0.04466703248010735,4.489159671785001,False,0.009949976330948067,102.91284283416734,0.7650178255667754,36,0.09777466226705588,0.4364717320534714,False,0.22401144240671622,3.5198878416140116,True,dev_13503,13503,-32,cnn
provenance_residual_genuine_target,False,day11_development_provenance_transport_v1,2044,0.01534777584955061,14118.538794965,False,1.0870654585745081e-06,31.370853836481444,60,0.07996963749574446,0.3340547758681588,False,0.2393907923870127,4.798178249744668,56,0.09373045038154681,4617526.789440222,False,2.0298842790884958e-08,5.248905221366622,2304,0.01931248206495093,1.9409575885001902,False,0.009949976330948067,44.49595867764694,0.21606330102904348,36,0.021969211244266568,0.09807182618992813,False,0.22401144240671622,0.7908916047935964,True,dev_13503,13503,-32,cnn
provenance_copy_copy_repair,False,day11_development_provenance_transport_v1,2044,1.0870654585745081e-06,1.0,False,1.0870654585745081e-06,0.0022219617973262946,60,0.01775946766967876,0.07418609334384006,False,0.2393907923870127,1.0655680601807256,56,2.0298842790884958e-08,1.0,False,2.0298842790884958e-08,1.1367351962895576e-06,2304,0.0015456914292008418,0.15534624181900575,False,0.009949976330948067,3.5612730528787395,0.16102142571793981,36,0.055522749890450314,0.24785675809203955,False,0.22401144240671622,1.9988189960562113,False,dev_13503,13503,-32,cnn
provenance_local_copy_repair,False,day11_development_provenance_transport_v1,2044,1.0870654585745081e-06,1.0,False,1.0870654585745081e-06,0.0022219617973262946,60,0.01775946766967876,0.07418609334384006,False,0.2393907923870127,1.0655680601807256,56,2.0298842790884958e-08,1.0,False,2.0298842790884958e-08,1.1367351962895576e-06,2304,0.0021108884209915142,0.2121500947118717,False,0.009949976330948067,4.863486921964449,0.24175972882865301,36,0.09169535736505337,0.40933336431346595,False,0.22401144240671622,3.3010328651419214,False,dev_13503,13503,-32,cnn
provenance_residual_copy_repair,False,day11_development_provenance_transport_v1,2044,1.0870654585745081e-06,1.0,False,1.0870654585745081e-06,0.0022219617973262946,60,0.01974275770716798,0.08247083152325559,False,0.2393907923870127,1.1845654624300788,56,2.0298842790884958e-08,1.0,False,2.0298842790884958e-08,1.1367351962895576e-06,2304,0.001597339607260457,0.16053702583112145,False,0.009949976330948067,3.6802704551280927,0.16516379480764756,36,0.055522749890450314,0.24785675809203955,False,0.22401144240671622,1.9988189960562113,False,dev_13503,13503,-32,cnn
provenance_copy_wrong_direction,False,day11_development_provenance_transport_v1,2044,0.001443648676946052,1328.0236857485463,False,1.0870654585745081e-06,2.9508178956777305,60,0.2760223650998806,1.1530199735236568,False,0.2393907923870127,16.561341905992837,56,2.0298842790884958e-08,1.0,False,2.0298842790884958e-08,1.1367351962895576e-06,2304,0.015627298827281002,1.5705865328216295,False,0.009949976330948067,36.00529649805543,1.1429230129950083,36,0.2537659980088957,1.13282605246636,False,0.22401144240671622,9.135575928320245,False,dev_13503,13503,-32,cnn
provenance_local_wrong_direction,False,day11_development_provenance_transport_v1,2044,0.001443648676946052,1328.0236857485463,False,1.0870654585745081e-06,2.9508178956777305,60,0.2710621476478199,1.1322998054561995,False,0.2393907923870127,16.263728858869193,56,2.0298842790884958e-08,1.0,False,2.0298842790884958e-08,1.1367351962895576e-06,2304,0.015652398530012848,1.5731091220114928,False,0.009949976330948067,36.0631262131496,1.1546006649704956,36,0.26363940807050146,1.1769015244847918,False,0.22401144240671622,9.491018690538052,False,dev_13503,13503,-32,cnn
provenance_residual_wrong_direction,False,day11_development_provenance_transport_v1,2044,0.001317617808286012,1212.0869059843296,False,1.0870654585745081e-06,2.6932108001366086,60,0.2760223650998806,1.1530199735236568,False,0.2393907923870127,16.561341905992837,56,2.0298842790884958e-08,1.0,False,2.0298842790884958e-08,1.1367351962895576e-06,2304,0.015267226070944504,1.5343982300196881,False,0.009949976330948067,35.17568886745614,1.1400337617263372,36,0.25247154732055477,1.1270475499290176,False,0.22401144240671622,9.08897570353997,False,dev_13503,13503,-32,cnn
provenance_copy_shuffled,False,day11_development_provenance_transport_v1,2044,0.07226376159658081,66475.99831875975,False,1.0870654585745081e-06,147.70712870341117,60,0.30978280012628734,1.294046429427724,False,0.2393907923870127,18.58696800757724,56,0.5816563458267991,28654655.431293234,False,2.0298842790884958e-08,32.572755366300754,2304,0.09121167825492421,9.167024646201671,False,0.009949976330948067,210.1517066993454,0.8891999788240442,36,0.10850073249142594,0.4843535282203643,False,0.22401144240671622,3.906026369691334,False,dev_13503,13503,-32,cnn
provenance_local_shuffled,False,day11_development_provenance_transport_v1,2044,0.07210979664695269,66334.36475988464,False,1.0870654585745081e-06,147.39242434637129,60,0.30978280012628734,1.294046429427724,False,0.2393907923870127,18.58696800757724,56,0.5816563458267991,28654655.431293234,False,2.0298842790884958e-08,32.572755366300754,2304,0.09105004578084623,9.150780137802668,False,0.009949976330948067,209.7793054790697,0.8891999788240442,36,0.10850073249142594,0.4843535282203643,False,0.22401144240671622,3.906026369691334,False,dev_13503,13503,-32,cnn
provenance_residual_shuffled,False,day11_development_provenance_transport_v1,2044,0.05726842910400212,52681.674918729754,False,1.0870654585745081e-06,117.05666908858034,60,0.32014211082225946,1.337320068286919,False,0.2393907923870127,19.208526649335568,56,0.5974097466850419,29430729.270601783,False,2.0298842790884958e-08,33.45494581436235,2304,0.07825031332009424,7.864371805258183,False,0.009949976330948067,180.28872188949714,0.8956687746734884,36,0.10170511081012751,0.4540174810600578,False,0.22401144240671622,3.6613839891645905,False,dev_13503,13503,-32,cnn
true_source,False,,2044,1.1267733271275978e-06,1.0,False,1.1267733271275978e-06,0.0023031246806488096,56,0.25395009958889847,1.0,False,0.25395009958889847,14.221205576978315,52,1.3665492744670574e-08,1.0,False,1.3665492744670574e-08,7.106056227228699e-07,2304,0.012160030767278349,1.0,False,0.012160030767278349,28.016710887809317,1.0,44,0.3071490405565674,1.0,False,0.3071490405565674,13.514557784488966,False,dev_13504,13504,48,cnn
true_target,False,,2044,0.0,0.0,False,1.1267733271275978e-06,0.0,56,0.0,0.0,False,0.25395009958889847,0.0,52,0.0,0.0,False,1.3665492744670574e-08,0.0,2304,0.0,0.0,False,0.012160030767278349,0.0,0.0,44,0.0,0.0,False,0.3071490405565674,0.0,True,dev_13504,13504,48,cnn
absolute_source,False,,2044,0.013232035969402593,11743.29889680125,False,1.1267733271275978e-06,27.046281521458898,56,0.25477015133077163,1.0032291845650019,False,0.25395009958889847,14.267128474523211,52,0.06859403648100743,5019506.999318303,False,1.3665492744670574e-08,3.5668898970123863,2304,0.025521481146542842,2.0988007049471507,False,0.012160030767278349,58.80149256163471,0.945836737747751,44,0.27288481154726296,0.8884442909305003,False,0.3071490405565674,12.00693170807957,False,dev_13504,13504,48,cnn
absolute_genuine_target,False,,2044,0.013271085220152412,11777.954714266654,False,1.1267733271275978e-06,27.12609818999153,56,0.07396630868036683,0.29126316075522535,False,0.25395009958889847,4.1421132861005425,52,0.06946997448683113,5083605.5299889445,False,1.3665492744670574e-08,3.612438673315219,2304,0.016069445699105938,1.3214971250194125,False,0.012160030767278349,37.02400289074008,0.16485096468970473,44,0.011806430903094033,0.038438768624184105,False,0.3071490405565674,0.5194829597361375,True,dev_13504,13504,48,cnn
absolute_copy_repair,False,,2044,0.013228963281756413,11740.571917406012,False,1.1267733271275978e-06,27.04000094791011,56,0.08035151394805364,0.3164067038293307,False,0.25395009958889847,4.499684781091004,52,0.06898204082341808,5047899.999824045,False,1.3665492744670574e-08,3.58706612281774,2304,0.016326873024193576,1.3426670817419195,False,0.012160030767278349,37.617115447742,0.1890079324395064,44,0.01892319470590488,0.06160916104968204,False,0.3071490405565674,0.8326205670598148,False,dev_13504,13504,48,cnn
absolute_wrong_direction,False,,2044,0.01710115540118552,15177.103494968473,False,1.1267733271275978e-06,34.9547616400232,56,0.2608208101210905,1.027055356715018,False,0.25395009958889847,14.605965366781067,52,0.06873217669224771,5029615.687956271,False,1.3665492744670574e-08,3.5740731879968806,2304,0.026656864804776213,2.1921708353327247,False,0.012160030767278349,61.4174165102044,0.5859136696172575,44,0.04446657553033565,0.14477198251949702,False,0.3071490405565674,1.9565293233347687,False,dev_13504,13504,48,cnn
absolute_shuffled,False,,2044,0.07369235861680153,65401.22741870378,False,1.1267733271275978e-06,150.6271810127423,56,0.2596410446437373,1.0224096980629322,False,0.25395009958889847,14.539898500049286,52,0.42896584874538796,31390441.366461594,False,1.3665492744670574e-08,22.306224134760175,2304,0.08561022939128542,7.040297103659932,False,0.012160030767278349,197.2459685175216,0.6138572235472213,44,0.06305915668673524,0.2053047490315103,False,0.3071490405565674,2.7746028942163505,False,dev_13504,13504,48,cnn
residual_source,False,,2044,1.1267733271275978e-06,1.0,False,1.1267733271275978e-06,0.0023031246806488096,56,0.25395009958889847,1.0,False,0.25395009958889847,14.221205576978315,52,1.3665492744670574e-08,1.0,False,1.3665492744670574e-08,7.106056227228699e-07,2304,0.012160030767278349,1.0,False,0.012160030767278349,28.016710887809317,1.0,44,0.3071490405565674,1.0,False,0.3071490405565674,13.514557784488966,False,dev_13504,13504,48,cnn
residual_genuine_target,False,,2044,0.00019562223869870022,173.61277018988898,False,1.1267733271275978e-06,0.3998518559001432,56,0.0844131959442133,0.3324007199873666,False,0.25395009958889847,4.727138972875945,52,0.0007821231623926159,57233.44024295335,False,1.3665492744670574e-08,0.040670404444416025,2304,0.004503584687534149,0.37035964577103936,False,0.012160030767278349,10.376259120078679,0.3215236882312901,44,0.0954148224884674,0.3106466564752135,False,0.3071490405565674,4.198252189492566,True,dev_13504,13504,48,cnn
residual_copy_repair,False,,2044,8.922458883288333e-05,79.18592558481762,False,1.1267733271275978e-06,0.18237505957441352,56,0.08793676921167085,0.34627578155718525,False,0.25395009958889847,4.924459075853568,52,1.5419200196961377e-05,1128.3310807050652,False,1.3665492744670574e-08,0.0008017984102419917,2304,0.0043927911985397325,0.3612483621637188,False,0.012160030767278349,10.120990921435544,0.3272081438670362,44,0.09464506082884591,0.30814050617688715,False,0.3071490405565674,4.16438267646922,False,dev_13504,13504,48,cnn
residual_wrong_direction,False,,2044,0.004071900271987501,3613.770555225782,False,1.1267733271275978e-06,8.322964155942453,56,0.2714585795930955,1.068944568372055,False,0.25395009958889847,15.201680457213348,52,4.857913645044348e-06,355.48763120443596,False,1.3665492744670574e-08,0.0002526115095423061,2304,0.015024349989668494,1.235551971636272,False,0.012160030767278349,34.61610237619621,0.7295473642581136,44,0.1198342473612736,0.3901501601441722,False,0.3071490405565674,5.2727068838960385,False,dev_13504,13504,48,cnn
residual_shuffled,False,,2044,0.059216451805279714,52554.0056545676,False,1.1267733271275978e-06,121.03842748999173,56,0.2735839921586821,1.0773139786185064,False,0.25395009958889847,15.320703560886198,52,0.4254821996990132,31135518.31967037,False,1.3665492744670574e-08,22.125074384348686,2304,0.07432706856133565,6.112407935787773,False,0.012160030767278349,171.24956596531734,0.7730365941829418,44,0.14397894152596163,0.46875920974737717,False,0.3071490405565674,6.335073427142312,False,dev_13504,13504,48,cnn
provenance_copy_source,False,day11_development_provenance_transport_v1,2044,1.1267733271275978e-06,1.0,False,1.1267733271275978e-06,0.0023031246806488096,56,0.25395009958889847,1.0,False,0.25395009958889847,14.221205576978315,52,1.3665492744670574e-08,1.0,False,1.3665492744670574e-08,7.106056227228699e-07,2304,0.012160030767278349,1.0,False,0.012160030767278349,28.016710887809317,1.0,44,0.3071490405565674,1.0,False,0.3071490405565674,13.514557784488966,False,dev_13504,13504,48,cnn
provenance_local_source,False,day11_development_provenance_transport_v1,2044,1.1267733271275978e-06,1.0,False,1.1267733271275978e-06,0.0023031246806488096,56,0.25395009958889847,1.0,False,0.25395009958889847,14.221205576978315,52,1.3665492744670574e-08,1.0,False,1.3665492744670574e-08,7.106056227228699e-07,2304,0.012160030767278349,1.0,False,0.012160030767278349,28.016710887809317,1.0,44,0.3071490405565674,1.0,False,0.3071490405565674,13.514557784488966,False,dev_13504,13504,48,cnn
provenance_residual_source,False,day11_development_provenance_transport_v1,2044,1.1267733271275978e-06,1.0,False,1.1267733271275978e-06,0.0023031246806488096,56,0.25395009958889847,1.0,False,0.25395009958889847,14.221205576978315,52,1.3665492744670574e-08,1.0,False,1.3665492744670574e-08,7.106056227228699e-07,2304,0.012160030767278349,1.0,False,0.012160030767278349,28.016710887809317,1.0,44,0.3071490405565674,1.0,False,0.3071490405565674,13.514557784488966,False,dev_13504,13504,48,cnn
provenance_copy_genuine_target,False,day11_development_provenance_transport_v1,2044,0.013271085220152412,11777.954714266654,False,1.1267733271275978e-06,27.12609818999153,56,0.07396630868036683,0.29126316075522535,False,0.25395009958889847,4.1421132861005425,52,0.06946997448683113,5083605.5299889445,False,1.3665492744670574e-08,3.612438673315219,2304,0.016069445699105938,1.3214971250194125,False,0.012160030767278349,37.02400289074008,0.16485096468970473,44,0.011806430903094033,0.038438768624184105,False,0.3071490405565674,0.5194829597361375,True,dev_13504,13504,48,cnn
provenance_local_genuine_target,False,day11_development_provenance_transport_v1,2044,0.04388788653147629,38950.05807721463,False,1.1267733271275978e-06,89.70684007033753,56,0.23779477676489114,0.9363838689169249,False,0.25395009958889847,13.316507498833904,52,0.3923196878936596,28708784.61712703,False,1.3665492744670574e-08,20.4006237704703,2304,0.05601643077358403,4.606602717183881,False,0.012160030767278349,129.0618565023376,0.5141097861357813,44,0.028207248174214505,0.0918357033546377,False,0.3071490405565674,1.2411189196654382,True,dev_13504,13504,48,cnn
provenance_residual_genuine_target,False,day11_development_provenance_transport_v1,2044,0.013271085220152412,11777.954714266654,False,1.1267733271275978e-06,27.12609818999153,56,0.07396630868036683,0.29126316075522535,False,0.25395009958889847,4.1421132861005425,52,0.06946997448683113,5083605.5299889445,False,1.3665492744670574e-08,3.612438673315219,2304,0.016069445699105938,1.3214971250194125,False,0.012160030767278349,37.02400289074008,0.16485096468970473,44,0.011806430903094033,0.038438768624184105,False,0.3071490405565674,0.5194829597361375,True,dev_13504,13504,48,cnn
provenance_copy_copy_repair,False,day11_development_provenance_transport_v1,2044,1.1267733271275978e-06,1.0,False,1.1267733271275978e-06,0.0023031246806488096,56,0.01577068792109856,0.06210152288433275,False,0.25395009958889847,0.8831585235815194,52,1.3665492744670574e-08,1.0,False,1.3665492744670574e-08,7.106056227228699e-07,2304,0.0008666348163990337,0.0712691302337061,False,0.012160030767278349,1.9967266169833735,0.0618553419670074,44,0.01892319470590488,0.06160916104968204,False,0.3071490405565674,0.8326205670598148,False,dev_13504,13504,48,cnn
provenance_local_copy_repair,False,day11_development_provenance_transport_v1,2044,1.1267733271275978e-06,1.0,False,1.1267733271275978e-06,0.0023031246806488096,56,0.01577068792109856,0.06210152288433275,False,0.25395009958889847,0.8831585235815194,52,1.3665492744670574e-08,1.0,False,1.3665492744670574e-08,7.106056227228699e-07,2304,0.000954417134353744,0.07848805258963676,False,0.012160030767278349,2.1989770775510262,0.06933803077535973,44,0.023519796082442448,0.07657453866638671,False,0.3071490405565674,1.0348710276274677,False,dev_13504,13504,48,cnn
provenance_residual_copy_repair,False,day11_development_provenance_transport_v1,2044,1.1267733271275978e-06,1.0,False,1.1267733271275978e-06,0.0023031246806488096,56,0.0169054907135311,0.06657012830827073,False,0.25395009958889847,0.9467074799577417,52,1.3665492744670574e-08,1.0,False,1.3665492744670574e-08,7.106056227228699e-07,2304,0.0008942168287151023,0.07353738208634857,False,0.012160030767278349,2.0602755733595957,0.06408964467897639,44,0.01892319470590488,0.06160916104968204,False,0.3071490405565674,0.8326205670598148,False,dev_13504,13504,48,cnn
provenance_copy_wrong_direction,False,day11_development_provenance_transport_v1,2044,0.0052206549786755155,4633.278808599557,False,1.1267733271275978e-06,10.671018776412755,56,0.25463381607490954,1.0026923261188632,False,0.25395009958889847,14.259493700194934,52,1.3665492744670574e-08,1.0,False,1.3665492744670574e-08,7.106056227228699e-07,2304,0.014279568660322995,1.1743036620226448,False,0.012160030767278349,32.90012619338418,0.5952767948238853,44,0.057701406850648417,0.18786126352890753,False,0.3071490405565674,2.5388619014285303,False,dev_13504,13504,48,cnn
provenance_local_wrong_direction,False,day11_development_provenance_transport_v1,2044,0.0052206549786755155,4633.278808599557,False,1.1267733271275978e-06,10.671018776412755,56,0.25438449342599406,1.0017105480084425,False,0.25395009958889847,14.245531631855668,52,1.3665492744670574e-08,1.0,False,1.3665492744670574e-08,7.106056227228699e-07,2304,0.014295367085230246,1.17560287130999,False,0.012160030767278349,32.93652576437049,0.5966491424401468,44,0.05884598956259317,0.19158773687185116,False,0.3071490405565674,2.5892235407540993,False,dev_13504,13504,48,cnn
provenance_residual_wrong_direction,False,day11_development_provenance_transport_v1,2044,0.0049957081698363565,4433.640777219635,False,1.1267733271275978e-06,10.211227499145513,56,0.25463381607490954,1.0026923261188632,False,0.25395009958889847,14.259493700194934,52,1.3665492744670574e-08,1.0,False,1.3665492744670574e-08,7.106056227228699e-07,2304,0.013892459784826446,1.1424691310987405,False,0.012160030767278349,32.00822734424013,0.5834135779720433,44,0.05041385550273287,0.16413482982522354,False,0.3071490405565674,2.218209642120246,False,dev_13504,13504,48,cnn
provenance_copy_shuffled,False,day11_development_provenance_transport_v1,2044,0.10316987518362064,91562.22702451094,False,1.1267733271275978e-06,210.8792248753206,56,0.2615333926794439,1.0298613511190644,False,0.25395009958889847,14.645869990048858,52,0.42533162040238304,31124499.375864714,False,1.3665492744670574e-08,22.11724426092392,2304,0.1141021061598572,9.383373146299652,False,0.012160030767278349,262.891252592311,0.7224270981468383,44,0.1274646542332222,0.41499284517461205,False,0.3071490405565674,5.608444786261777,False,dev_13504,13504,48,cnn
provenance_local_shuffled,False,day11_development_provenance_transport_v1,2044,0.10291568754392613,91336.63804971466,False,1.1267733271275978e-06,210.359665339785,56,0.2615333926794439,1.0298613511190644,False,0.25395009958889847,14.645869990048858,52,0.42533162040238304,31124499.375864714,False,1.3665492744670574e-08,22.11724426092392,2304,0.11382894284384032,9.36090911465,False,0.012160030767278349,262.2618843122081,0.7224270981468383,44,0.1274646542332222,0.41499284517461205,False,0.3071490405565674,5.608444786261777,False,dev_13504,13504,48,cnn
provenance_residual_shuffled,False,day11_development_provenance_transport_v1,2044,0.0846529996539385,75128.68614820542,False,1.1267733271275978e-06,173.03073129265027,56,0.26795351969256354,1.055142408395721,False,0.25395009958889847,15.005397102783558,52,0.42828893129201256,31340906.56621523,False,1.3665492744670574e-08,22.271024427184653,2304,0.09576438928541284,7.875341034753546,False,0.012160030767278349,220.64115291359118,0.6453284033080908,44,0.0723380214506718,0.23551439822046052,False,0.3071490405565674,3.182872943829559,False,dev_13504,13504,48,cnn
true_source,False,,2052,3.0149873882528384e-06,1.0,False,3.0149873882528384e-06,0.006186754120694825,56,0.356411055519688,1.0,False,0.356411055519688,19.959019109102528,44,2.9408687095656765e-06,1.0,False,2.9408687095656765e-06,0.00012939822322088977,2304,0.015115079117391107,1.0,False,0.015115079117391107,34.82514228646911,1.0,44,0.3279291918702796,1.0,False,0.3279291918702796,14.428884442292302,False,dev_13505,13505,-48,cnn
true_target,False,,2052,0.0,0.0,False,3.0149873882528384e-06,0.0,56,0.0,0.0,False,0.356411055519688,0.0,44,0.0,0.0,False,2.9408687095656765e-06,0.0,2304,0.0,0.0,False,0.015115079117391107,0.0,0.0,44,0.0,0.0,False,0.3279291918702796,0.0,True,dev_13505,13505,-48,cnn
absolute_source,False,,2052,0.012110456944769322,4016.7521071413958,False,3.0149873882528384e-06,24.850657650666648,56,0.3395727250621591,0.952755869390817,False,0.356411055519688,19.016072603480907,44,0.0686433934403766,23341.196163263685,False,2.9408687095656765e-06,3.02030931137657,2304,0.02731496130783487,1.807133200937521,False,0.015115079117391107,62.93367085325154,0.9670436353656169,44,0.3218072133984919,0.9813314013404169,False,0.3279291918702796,14.159517389533644,False,dev_13505,13505,-48,cnn
absolute_genuine_target,False,,2052,0.012316966511852124,4085.246445753695,False,3.0149873882528384e-06,25.274415282320557,56,0.07030071281420432,0.19724616205212225,False,0.356411055519688,3.936839917595442,44,0.06955906923463678,23652.55851387859,False,2.9408687095656765e-06,3.0605990463240182,2304,0.014944436074431581,0.9887104102046553,False,0.015115079117391107,34.43198071549036,0.11851373620573451,44,0.013045452957681366,0.03978131035934676,False,0.3279291918702796,0.5739999301379801,True,dev_13505,13505,-48,cnn
absolute_copy_repair,False,,2052,0.012162480394201258,4034.007054752332,False,3.0149873882528384e-06,24.95740976890098,56,0.06844876529092928,0.19205006194637583,False,0.356411055519688,3.8331308562920396,44,0.06856015196246858,23312.891098968477,False,2.9408687095656765e-06,3.016646686348617,2304,0.014863363724977497,0.9833467366952786,False,0.015115079117391107,34.245190022348154,0.1205933989580919,44,0.016113370117722427,0.04913673596980798,False,0.3279291918702796,0.7089882851797868,False,dev_13505,13505,-48,cnn
absolute_wrong_direction,False,,2052,0.015881660586093187,5267.571150702718,False,3.0149873882528384e-06,32.58916752266322,56,0.32652001846975826,0.9161332495526964,False,0.356411055519688,18.285121034306464,44,0.0688364764689797,23406.85126305616,False,2.9408687095656765e-06,3.0288049646351065,2304,0.02834888679302905,1.8755367783957801,False,0.015115079117391107,65.31583517113893,0.5630522690549801,44,0.06885571497254482,0.20997128855726385,False,0.3279291918702796,3.029651458791972,False,dev_13505,13505,-48,cnn
absolute_shuffled,False,,2052,0.040862798010794295,13553.223529228082,False,3.0149873882528384e-06,83.8504615181499,56,0.32753959271007294,0.9189939190648361,False,0.356411055519688,18.342217191764085,44,0.3803839900365096,129344.0910161157,False,2.9408687095656765e-06,16.73689556160642,2304,0.055363552768448364,3.662802711019102,False,0.015115079117391107,127.55762557850503,0.5623664519622373,44,0.06746781904123295,0.2057389848596385,False,0.3279291918702796,2.96858403781425,False,dev_13505,13505,-48,cnn
residual_source,False,,2052,3.0149873882528384e-06,1.0,False,3.0149873882528384e-06,0.006186754120694825,56,0.356411055519688,1.0,False,0.356411055519688,19.959019109102528,44,2.9408687095656765e-06,1.0,False,2.9408687095656765e-06,0.00012939822322088977,2304,0.015115079117391107,1.0,False,0.015115079117391107,34.82514228646911,1.0,44,0.3279291918702796,1.0,False,0.3279291918702796,14.428884442292302,False,dev_13505,13505,-48,cnn
residual_genuine_target,False,,2052,0.00029484379667900487,97.79271310645997,False,3.0149873882528384e-06,0.605019470785318,56,0.07782548158466639,0.21835877529440817,False,0.356411055519688,4.3582269687413175,44,0.0010924369135214354,371.46742048296755,False,2.9408687095656765e-06,0.04806722419494316,2304,0.004109142140110277,0.271857137378949,False,0.015115079117391107,9.467463490814078,0.2246033915350544,44,0.07570180063474953,0.23084800777570064,False,0.3279291918702796,3.3308792279289796,True,dev_13505,13505,-48,cnn
residual_copy_repair,False,,2052,0.00011926097226226054,39.5560434935588,False,3.0149873882528384e-06,0.24472351508215862,56,0.0781188563600584,0.21918191130786388,False,0.356411055519688,4.37465595616327,44,5.8252909219102304e-06,1.980806182527795,False,2.9408687095656765e-06,0.00025631280056405013,2304,0.004028765508891494,0.26653949196045407,False,0.015115079117391107,9.282275732486003,0.23494321655692912,44,0.0822133312340646,0.25070452180599434,False,0.3279291918702796,3.6173865742988425,False,dev_13505,13505,-48,cnn
residual_wrong_direction,False,,2052,0.003725721656074192,1235.7337448874764,False,3.0149873882528384e-06,7.645180838264242,56,0.3565575728965174,1.000411090998891,False,0.356411055519688,19.967224082204975,44,8.360933914645685e-06,2.843015020510886,False,2.9408687095656765e-06,0.00036788109224441016,2304,0.017369690464743206,1.1491630529911012,False,0.015115079117391107,40.01976683076835,0.6804494110007379,44,0.11821445030682833,0.3604877310025847,False,0.3279291918702796,5.201435813500447,False,dev_13505,13505,-48,cnn
residual_shuffled,False,,2052,0.03621683058840188,12012.266031198642,False,3.0149873882528384e-06,74.31693636740066,56,0.36107789249616623,1.013093973669457,False,0.356411055519688,20.22036197978531,44,0.33397836973931894,113564.5289614587,False,2.9408687095656765e-06,14.695048268530034,2304,0.05214811405792857,3.4500721863855803,False,0.015115079117391107,120.14925478946742,0.7001178972005482,44,0.12695510441171512,0.3871418207316393,False,0.3279291918702796,5.586024594115465,False,dev_13505,13505,-48,cnn
provenance_copy_source,False,day11_development_provenance_transport_v1,2052,3.0149873882528384e-06,1.0,False,3.0149873882528384e-06,0.006186754120694825,56,0.356411055519688,1.0,False,0.356411055519688,19.959019109102528,44,2.9408687095656765e-06,1.0,False,2.9408687095656765e-06,0.00012939822322088977,2304,0.015115079117391107,1.0,False,0.015115079117391107,34.82514228646911,1.0,44,0.3279291918702796,1.0,False,0.3279291918702796,14.428884442292302,False,dev_13505,13505,-48,cnn
provenance_local_source,False,day11_development_provenance_transport_v1,2052,3.0149873882528384e-06,1.0,False,3.0149873882528384e-06,0.006186754120694825,56,0.356411055519688,1.0,False,0.356411055519688,19.959019109102528,44,2.9408687095656765e-06,1.0,False,2.9408687095656765e-06,0.00012939822322088977,2304,0.015115079117391107,1.0,False,0.015115079117391107,34.82514228646911,1.0,44,0.3279291918702796,1.0,False,0.3279291918702796,14.428884442292302,False,dev_13505,13505,-48,cnn
provenance_residual_source,False,day11_development_provenance_transport_v1,2052,3.0149873882528384e-06,1.0,False,3.0149873882528384e-06,0.006186754120694825,56,0.356411055519688,1.0,False,0.356411055519688,19.959019109102528,44,2.9408687095656765e-06,1.0,False,2.9408687095656765e-06,0.00012939822322088977,2304,0.015115079117391107,1.0,False,0.015115079117391107,34.82514228646911,1.0,44,0.3279291918702796,1.0,False,0.3279291918702796,14.428884442292302,False,dev_13505,13505,-48,cnn
provenance_copy_genuine_target,False,day11_development_provenance_transport_v1,2052,0.012316966511852124,4085.246445753695,False,3.0149873882528384e-06,25.274415282320557,56,0.07030071281420432,0.19724616205212225,False,0.356411055519688,3.936839917595442,44,0.06955906923463678,23652.55851387859,False,2.9408687095656765e-06,3.0605990463240182,2304,0.014944436074431581,0.9887104102046553,False,0.015115079117391107,34.43198071549036,0.11851373620573451,44,0.013045452957681366,0.03978131035934676,False,0.3279291918702796,0.5739999301379801,True,dev_13505,13505,-48,cnn
provenance_local_genuine_target,False,day11_development_provenance_transport_v1,2052,0.02407219890426971,7984.178971381821,False,3.0149873882528384e-06,49.396152151561445,56,0.3051939881083227,0.856297758955078,False,0.356411055519688,17.09086333406607,44,0.36619021230360266,124517.70155957884,False,2.9408687095656765e-06,16.112369341358516,2304,0.0377388838709373,2.4967705149168355,False,0.015115079117391107,86.95038843863955,0.46558105645975506,44,0.024550207095446808,0.07486435396443218,False,0.3279291918702796,1.0802091121996595,True,dev_13505,13505,-48,cnn
provenance_residual_genuine_target,False,day11_development_provenance_transport_v1,2052,0.012316966511852124,4085.246445753695,False,3.0149873882528384e-06,25.274415282320557,56,0.07030071281420432,0.19724616205212225,False,0.356411055519688,3.936839917595442,44,0.06955906923463678,23652.55851387859,False,2.9408687095656765e-06,3.0605990463240182,2304,0.014944436074431581,0.9887104102046553,False,0.015115079117391107,34.43198071549036,0.11851373620573451,44,0.013045452957681366,0.03978131035934676,False,0.3279291918702796,0.5739999301379801,True,dev_13505,13505,-48,cnn
provenance_copy_copy_repair,False,day11_development_provenance_transport_v1,2052,3.0149873882528384e-06,1.0,False,3.0149873882528384e-06,0.006186754120694825,56,0.005675487412300645,0.015923993726920552,False,0.356411055519688,0.3178272950888361,44,2.9408687095656765e-06,1.0,False,2.9408687095656765e-06,0.00012939822322088977,2304,0.0006354402410342448,0.042040153154284186,False,0.015115079117391107,1.4640543153429,0.03253036484836427,44,0.016113370117722427,0.04913673596980798,False,0.3279291918702796,0.7089882851797868,False,dev_13505,13505,-48,cnn
provenance_local_copy_repair,False,day11_development_provenance_transport_v1,2052,3.0149873882528384e-06,1.0,False,3.0149873882528384e-06,0.006186754120694825,56,0.005675487412300645,0.015923993726920552,False,0.356411055519688,0.3178272950888361,44,2.9408687095656765e-06,1.0,False,2.9408687095656765e-06,0.00012939822322088977,2304,0.0007758168182687553,0.05132734087882584,False,0.015115079117391107,1.7874819492912122,0.0437380100146225,44,0.023463998162002245,0.07155202630232445,False,0.3279291918702796,1.0324159191280988,False,dev_13505,13505,-48,cnn
provenance_residual_copy_repair,False,day11_development_provenance_transport_v1,2052,3.0149873882528384e-06,1.0,False,3.0149873882528384e-06,0.006186754120694825,56,0.008255608552388546,0.02316316630624975,False,0.356411055519688,0.46231407893375853,44,2.9408687095656765e-06,1.0,False,2.9408687095656765e-06,0.00012939822322088977,2304,0.0006981515187447145,0.04618907471952531,False,0.015115079117391107,1.6085410991878224,0.036149951138028866,44,0.016113370117722427,0.04913673596980798,False,0.3279291918702796,0.7089882851797868,False,dev_13505,13505,-48,cnn
provenance_copy_wrong_direction,False,day11_development_provenance_transport_v1,2052,0.0036173399829462945,1199.7861075772244,False,3.0149873882528384e-06,7.422781645005796,56,0.3477393437474829,0.9756693524572049,False,0.356411055519688,19.473403249859043,44,2.9408687095656765e-06,1.0,False,2.9408687095656765e-06,0.00012939822322088977,2304,0.016314539176289763,1.0793551955357337,False,0.015115079117391107,37.58869826217162,0.5868414464755016,44,0.06493442031350419,0.19801354049379838,False,0.3279291918702796,2.8571144937941844,False,dev_13505,13505,-48,cnn
provenance_local_wrong_direction,False,day11_development_provenance_transport_v1,2052,0.0036173399829462945,1199.7861075772244,False,3.0149873882528384e-06,7.422781645005796,56,0.35262274803176197,0.9893709596566744,False,0.356411055519688,19.74687388977867,44,2.9408687095656765e-06,1.0,False,2.9408687095656765e-06,0.00012939822322088977,2304,0.016532908737019073,1.0938023286954972,False,0.015115079117391107,38.091821730091944,0.6016503437490468,44,0.07015380276806546,0.21392972784141923,False,0.3279291918702796,3.08676732179488,False,dev_13505,13505,-48,cnn
provenance_residual_wrong_direction,False,day11_development_provenance_transport_v1,2052,0.003532195003819007,1171.5455320248905,False,3.0149873882528384e-06,7.248064147836602,56,0.3477393437474829,0.9756693524572049,False,0.356411055519688,19.473403249859043,44,2.9408687095656765e-06,1.0,False,2.9408687095656765e-06,0.00012939822322088977,2304,0.016343618954807765,1.08127908745136,False,0.015115079117391107,37.65569807187709,0.5919411747919302,44,0.06827911988463298,0.20821299712665547,False,0.3279291918702796,3.004281274923851,False,dev_13505,13505,-48,cnn
provenance_copy_shuffled,False,day11_development_provenance_transport_v1,2052,0.06061456798330457,20104.418419617417,False,3.0149873882528384e-06,124.38109350174098,56,0.3508266493275557,0.9843315573250397,False,0.356411055519688,19.646292362343118,44,0.38761693775495354,131803.55059515694,False,2.9408687095656765e-06,17.055145261217955,2304,0.07490482539887466,4.95563568123773,False,0.015115079117391107,172.58071771900723,0.6521881968370655,44,0.10495204454621336,0.3200448363490912,False,0.3279291918702796,4.617889960033388,False,dev_13505,13505,-48,cnn
provenance_local_shuffled,False,day11_development_provenance_transport_v1,2052,0.06052042786333945,20073.19436862075,False,3.0149873882528384e-06,124.18791797557255,56,0.3508266493275557,0.9843315573250397,False,0.356411055519688,19.646292362343118,44,0.38761693775495354,131803.55059515694,False,2.9408687095656765e-06,17.055145261217955,2304,0.07482098185453073,4.950088667974169,False,0.015115079117391107,172.38754219283882,0.6521881968370655,44,0.10495204454621336,0.3200448363490912,False,0.3279291918702796,4.617889960033388,False,dev_13505,13505,-48,cnn
provenance_residual_shuffled,False,day11_development_provenance_transport_v1,2052,0.04884242785980364,16199.877999525379,False,3.0149873882528384e-06,100.22466196831706,56,0.35547274945705215,0.9973673486046394,False,0.356411055519688,19.90647396959492,44,0.3952743677383916,134407.34924775606,False,2.9408687095656765e-06,17.39207218048923,2304,0.06382074549019685,4.222322952763507,False,0.015115079117391107,147.04299760941356,0.6300076912675042,44,0.08612995751310369,0.26264803393036906,False,0.3279291918702796,3.7897181305765626,False,dev_13505,13505,-48,cnn
true_source,False,,1996,2.4339314278820996e-06,1.0,False,2.4339314278820996e-06,0.00485812713005267,60,0.29727389642670227,1.0,False,0.29727389642670227,17.836433785602136,48,8.099506981396812e-09,1.0,False,8.099506981396812e-09,3.88776335107047e-07,2304,0.015429254381450867,1.0,False,0.015429254381450867,35.5490020948628,1.0,60,0.2844592981184348,1.0,False,0.2844592981184348,17.067557887106087,False,dev_13506,13506,80,cnn
true_target,False,,1996,0.0,0.0,False,2.4339314278820996e-06,0.0,60,0.0,0.0,False,0.29727389642670227,0.0,48,0.0,0.0,False,8.099506981396812e-09,0.0,2304,0.0,0.0,False,0.015429254381450867,0.0,0.0,60,0.0,0.0,False,0.2844592981184348,0.0,True,dev_13506,13506,80,cnn
absolute_source,False,,1996,0.01845111034278079,7580.7847876947535,False,2.4339314278820996e-06,36.82841624419046,60,0.3111166414729095,1.046565625884412,False,0.29727389642670227,18.66699848837457,48,0.0791261425770788,9769254.1976713,False,8.099506981396812e-09,3.7980548436997825,2304,0.033530139785941375,2.1731536052870766,False,0.015429254381450867,77.25344206680893,0.9753738565410959,60,0.25720300189554185,0.9041820871977798,False,0.2844592981184348,15.43218011373251,False,dev_13506,13506,80,cnn
absolute_genuine_target,False,,1996,0.018325124534512773,7529.022520761192,False,2.4339314278820996e-06,36.576948570887495,60,0.07664423916621248,0.2578236437423303,False,0.29727389642670227,4.598654349972748,48,0.07936399363169826,9798620.312814575,False,8.099506981396812e-09,3.809471694321516,2304,0.020710970383583945,1.3423182917045418,False,0.015429254381450867,47.71807576377741,0.14774486920848726,60,0.0107144708540118,0.03766609467464419,False,0.2844592981184348,0.642868251240708,True,dev_13506,13506,80,cnn
absolute_copy_repair,False,,1996,0.018654760522229315,7664.456076505767,False,2.4339314278820996e-06,37.234902002369715,60,0.08770985103466662,0.29504726815559107,False,0.29727389642670227,5.262591062079998,48,0.07932453073159502,9793748.05328151,False,8.099506981396812e-09,3.807577475116561,2304,0.021609539676981343,1.400556316121176,False,0.015429254381450867,49.788379415765014,0.1810205719872217,60,0.01905703089366433,0.06699387581885238,False,0.2844592981184348,1.1434218536198597,False,dev_13506,13506,80,cnn
absolute_wrong_direction,False,,1996,0.026220081948358554,10772.72828970951,False,2.4339314278820996e-06,52.33528356892367,60,0.3099645869889053,1.0426902284887705,False,0.29727389642670227,18.597875219334316,48,0.07931754539190637,9792885.61317192,False,8.099506981396812e-09,3.807242178811506,2304,0.03400350016591336,2.2038330126174177,False,0.015429254381450867,78.34406438226438,0.5531918549938999,60,0.01811820304193342,0.06369348149902943,False,0.2844592981184348,1.0870921825160054,False,dev_13506,13506,80,cnn
absolute_shuffled,False,,1996,0.06162791123904311,25320.31532731759,False,2.4339314278820996e-06,123.00931083313006,60,0.2721402836902758,0.9154530113860045,False,0.29727389642670227,16.32841702141655,48,0.44021691302545257,54351075.19958386,False,8.099506981396812e-09,21.130411825221724,2304,0.07464052347286926,4.83759756807189,False,0.015429254381450867,171.97176608149078,0.5406771791085838,60,0.047192180676495644,0.165901346831163,False,0.2844592981184348,2.8315308405897386,False,dev_13506,13506,80,cnn
residual_source,False,,1996,2.4339314278820996e-06,1.0,False,2.4339314278820996e-06,0.00485812713005267,60,0.29727389642670227,1.0,False,0.29727389642670227,17.836433785602136,48,8.099506981396812e-09,1.0,False,8.099506981396812e-09,3.88776335107047e-07,2304,0.015429254381450867,1.0,False,0.015429254381450867,35.5490020948628,1.0,60,0.2844592981184348,1.0,False,0.2844592981184348,17.067557887106087,False,dev_13506,13506,80,cnn
residual_genuine_target,False,,1996,0.0002571062298787598,105.63413041692895,False,2.4339314278820996e-06,0.5131840348380046,60,0.07880904240110494,0.2651058278187456,False,0.29727389642670227,4.728542544066296,48,0.0006017679825716689,74296.86571711433,False,8.099506981396812e-09,0.028884863163440105,2304,0.004633313084682028,0.30029403690772133,False,0.015429254381450867,10.675153347107392,0.2609686856629817,60,0.07305812060073745,0.2568315435072179,False,0.2844592981184348,4.383487236044247,True,dev_13506,13506,80,cnn
residual_copy_repair,False,,1996,0.000132231636744885,54.328415020281476,False,2.4339314278820996e-06,0.26393434694279044,60,0.09047254601905728,0.3043407009715862,False,0.29727389642670227,5.4283527611434375,48,1.8640471141902765e-05,2301.432813715298,False,8.099506981396812e-09,0.0008947426148113327,2304,0.004829889094096395,0.3130345105919644,False,0.015429254381450867,11.128064472798094,0.28201847458922585,60,0.07387301248891578,0.2596962482068655,False,0.2844592981184348,4.432380749334947,False,dev_13506,13506,80,cnn
residual_wrong_direction,False,,1996,0.007869992010347568,3233.4485352349016,False,2.4339314278820996e-06,15.708504052653746,60,0.2970303837752565,0.9991808475134452,False,0.29727389642670227,17.82182302651539,48,2.2037044851786702e-05,2720.7884260612454,False,8.099506981396812e-09,0.0010577781528857617,2304,0.016908560487516947,1.0958767072921236,False,0.015429254381450867,38.95732336323904,0.6299040450627369,60,0.07413784250396072,0.26062724261202874,False,0.2844592981184348,4.448270550237643,False,dev_13506,13506,80,cnn
residual_shuffled,False,,1996,0.052009931926828006,21368.692367839125,False,2.4339314278820996e-06,103.8118241259487,60,0.2632235109447124,0.8854578693545482,False,0.29727389642670227,15.793410656682745,48,0.38085747553065613,47022303.50630241,False,8.099506981396812e-09,18.281158825471493,2304,0.06616029768847181,4.287977633450005,False,0.015429254381450867,152.43332587423907,0.6514022595998947,60,0.1187181350870575,0.4173466498452413,False,0.2844592981184348,7.1230881052234505,False,dev_13506,13506,80,cnn
provenance_copy_source,False,day11_development_provenance_transport_v1,1996,2.4339314278820996e-06,1.0,False,2.4339314278820996e-06,0.00485812713005267,60,0.29727389642670227,1.0,False,0.29727389642670227,17.836433785602136,48,8.099506981396812e-09,1.0,False,8.099506981396812e-09,3.88776335107047e-07,2304,0.015429254381450867,1.0,False,0.015429254381450867,35.5490020948628,1.0,60,0.2844592981184348,1.0,False,0.2844592981184348,17.067557887106087,False,dev_13506,13506,80,cnn
provenance_local_source,False,day11_development_provenance_transport_v1,1996,2.4339314278820996e-06,1.0,False,2.4339314278820996e-06,0.00485812713005267,60,0.29727389642670227,1.0,False,0.29727389642670227,17.836433785602136,48,8.099506981396812e-09,1.0,False,8.099506981396812e-09,3.88776335107047e-07,2304,0.015429254381450867,1.0,False,0.015429254381450867,35.5490020948628,1.0,60,0.2844592981184348,1.0,False,0.2844592981184348,17.067557887106087,False,dev_13506,13506,80,cnn
provenance_residual_source,False,day11_development_provenance_transport_v1,1996,2.4339314278820996e-06,1.0,False,2.4339314278820996e-06,0.00485812713005267,60,0.29727389642670227,1.0,False,0.29727389642670227,17.836433785602136,48,8.099506981396812e-09,1.0,False,8.099506981396812e-09,3.88776335107047e-07,2304,0.015429254381450867,1.0,False,0.015429254381450867,35.5490020948628,1.0,60,0.2844592981184348,1.0,False,0.2844592981184348,17.067557887106087,False,dev_13506,13506,80,cnn
provenance_copy_genuine_target,False,day11_development_provenance_transport_v1,1996,0.018325124534512773,7529.022520761192,False,2.4339314278820996e-06,36.576948570887495,60,0.07664423916621248,0.2578236437423303,False,0.29727389642670227,4.598654349972748,48,0.07936399363169826,9798620.312814575,False,8.099506981396812e-09,3.809471694321516,2304,0.020710970383583945,1.3423182917045418,False,0.015429254381450867,47.71807576377741,0.14774486920848726,60,0.0107144708540118,0.03766609467464419,False,0.2844592981184348,0.642868251240708,True,dev_13506,13506,80,cnn
provenance_local_genuine_target,False,day11_development_provenance_transport_v1,1996,0.03678793332812863,15114.613709614603,False,2.4339314278820996e-06,73.42871492294475,60,0.2510472327486188,0.8444980732121516,False,0.29727389642670227,15.062833964917127,48,0.43011020956892904,53103258.081858434,False,8.099506981396812e-09,20.645290059308593,2304,0.05021802083033125,3.254727648453552,False,0.015429254381450867,115.70231999308321,0.48468019824811875,60,0.03551824884282815,0.12486232328408582,False,0.2844592981184348,2.131094930569689,True,dev_13506,13506,80,cnn
provenance_residual_genuine_target,False,day11_development_provenance_transport_v1,1996,0.018325124534512773,7529.022520761192,False,2.4339314278820996e-06,36.576948570887495,60,0.07664423916621248,0.2578236437423303,False,0.29727389642670227,4.598654349972748,48,0.07936399363169826,9798620.312814575,False,8.099506981396812e-09,3.809471694321516,2304,0.020710970383583945,1.3423182917045418,False,0.015429254381450867,47.71807576377741,0.14774486920848726,60,0.0107144708540118,0.03766609467464419,False,0.2844592981184348,0.642868251240708,True,dev_13506,13506,80,cnn
provenance_copy_copy_repair,False,day11_development_provenance_transport_v1,1996,2.4339314278820996e-06,1.0,False,2.4339314278820996e-06,0.00485812713005267,60,0.03936857772153886,0.13243200359923235,False,0.29727389642670227,2.3621146632923313,48,8.099506981396812e-09,1.0,False,8.099506981396812e-09,3.88776335107047e-07,2304,0.0018014526645255065,0.11675565260569057,False,0.015429254381450867,4.150546939066767,0.09971293970904237,60,0.01905703089366433,0.06699387581885238,False,0.2844592981184348,1.1434218536198597,False,dev_13506,13506,80,cnn
provenance_local_copy_repair,False,day11_development_provenance_transport_v1,1996,2.4339314278820996e-06,1.0,False,2.4339314278820996e-06,0.00485812713005267,60,0.03936857772153886,0.13243200359923235,False,0.29727389642670227,2.3621146632923313,48,8.099506981396812e-09,1.0,False,8.099506981396812e-09,3.88776335107047e-07,2304,0.0019242275142456917,0.12471292952166298,False,0.015429254381450867,4.433420192822074,0.10799980932525755,60,0.02377158512291943,0.08356761505128273,False,0.2844592981184348,1.4262951073751657,False,dev_13506,13506,80,cnn
provenance_residual_copy_repair,False,day11_development_provenance_transport_v1,1996,2.4339314278820996e-06,1.0,False,2.4339314278820996e-06,0.00485812713005267,60,0.014698199750703043,0.04944329094272536,False,0.29727389642670227,0.8818919850421826,48,8.099506981396812e-09,1.0,False,8.099506981396812e-09,3.88776335107047e-07,2304,0.0011589949048683241,0.07511671505407766,False,0.015429254381450867,2.670324260816619,0.05821858338078887,60,0.01905703089366433,0.06699387581885238,False,0.2844592981184348,1.1434218536198597,False,dev_13506,13506,80,cnn
provenance_copy_wrong_direction,False,day11_development_provenance_transport_v1,1996,0.009432189258144272,3875.28964460258,False,2.4339314278820996e-06,18.826649759255968,60,0.29727389642670227,1.0,False,0.29727389642670227,17.836433785602136,48,8.099506981396812e-09,1.0,False,8.099506981396812e-09,3.88776335107047e-07,2304,0.01666246875972163,1.0799270235477703,False,0.015429254381450867,38.390328022398634,0.5318467407495147,60,0.01811820304193342,0.06369348149902943,False,0.2844592981184348,1.0870921825160054,False,dev_13506,13506,80,cnn
provenance_local_wrong_direction,False,day11_development_provenance_transport_v1,1996,0.009432189258144272,3875.28964460258,False,2.4339314278820996e-06,18.826649759255968,60,0.29727389642670227,1.0,False,0.29727389642670227,17.836433785602136,48,8.099506981396812e-09,1.0,False,8.099506981396812e-09,3.88776335107047e-07,2304,0.016840192091339027,1.091445618498869,False,0.015429254381450867,38.79980257844512,0.5438424392189429,60,0.024942778976041313,0.08768487843788594,False,0.2844592981184348,1.4965667385624788,False,dev_13506,13506,80,cnn
provenance_residual_wrong_direction,False,day11_development_provenance_transport_v1,1996,0.008742409545947618,3591.8881878915054,False,2.4339314278820996e-06,17.449849453711447,60,0.29727389642670227,1.0,False,0.29727389642670227,17.836433785602136,48,8.099506981396812e-09,1.0,False,8.099506981396812e-09,3.88776335107047e-07,2304,0.016064899182662375,1.0411973764575224,False,0.015429254381450867,37.013527716854114,0.5318467407495147,60,0.01811820304193342,0.06369348149902943,False,0.2844592981184348,1.0870921825160054,False,dev_13506,13506,80,cnn
provenance_copy_shuffled,False,day11_development_provenance_transport_v1,1996,0.08554728958212449,35147.78132289618,False,2.4339314278820996e-06,170.75239000592046,60,0.2893895874853235,0.9734779641396373,False,0.29727389642670227,17.36337524911941,48,0.5068388022623855,62576500.44953451,False,8.099506981396812e-09,24.328262508594506,2304,0.09812573009105062,6.359719508482399,False,0.015429254381450867,226.08168212978063,0.6019842859827306,60,0.0655651965250253,0.23049060782582395,False,0.2844592981184348,3.9339117915015174,False,dev_13506,13506,80,cnn
provenance_local_shuffled,False,day11_development_provenance_transport_v1,1996,0.0853844220528493,35080.86590884242,False,2.4339314278820996e-06,170.4273064174872,60,0.29287690287041485,0.9852089483498543,False,0.29727389642670227,17.572614172224892,48,0.5068388022623855,62576500.44953451,False,8.099506981396812e-09,24.328262508594506,2304,0.09810084242689397,6.358106490539901,False,0.015429254381450867,226.02434095156372,0.6078497780878391,60,0.0655651965250253,0.23049060782582395,False,0.2844592981184348,3.9339117915015174,False,dev_13506,13506,80,cnn
provenance_residual_shuffled,False,day11_development_provenance_transport_v1,1996,0.0678551229463479,27878.814566847705,False,2.4339314278820996e-06,135.43882540091042,60,0.26644943389740683,0.8963095552626307,False,0.29727389642670227,15.986966033844409,48,0.48166895872099286,59468923.210672505,False,8.099506981396812e-09,23.120110018607658,2304,0.08081859304334027,5.2380102787404175,False,0.015429254381450867,186.20603837185598,0.5418162037536919,60,0.05328572707108571,0.18732285224475304,False,0.2844592981184348,3.1971436242651428,False,dev_13506,13506,80,cnn
true_source,False,,1976,7.349228377393438e-07,1.0,False,7.349228377393438e-07,0.0014522075273729433,56,0.32341766909419917,1.0,False,0.32341766909419917,18.111389469275153,72,4.891252377047455e-07,1.0,False,4.891252377047455e-07,3.521701711474167e-05,2304,0.018721914407755752,1.0,False,0.018721914407755752,43.13529079546925,1.0,56,0.43695079644793744,1.0,False,0.43695079644793744,24.469244601084498,False,dev_13507,13507,-80,cnn
true_target,False,,1976,0.0,0.0,False,7.349228377393438e-07,0.0,56,0.0,0.0,False,0.32341766909419917,0.0,72,0.0,0.0,False,4.891252377047455e-07,0.0,2304,0.0,0.0,False,0.018721914407755752,0.0,0.0,56,0.0,0.0,False,0.43695079644793744,0.0,True,dev_13507,13507,-80,cnn
absolute_source,False,,1976,0.011461196831559184,15595.10229239079,False,7.349228377393438e-07,22.64732493916095,56,0.3137593235300374,0.9701366174853339,False,0.32341766909419917,17.570522117682092,72,0.07288794168684641,149016.93077396334,False,4.891252377047455e-07,5.247931801452942,2304,0.0301106556166443,1.6083107187035661,False,0.018721914407755752,69.37495054074847,0.9267805869420827,56,0.3860130635201352,0.8834245563988314,False,0.43695079644793744,21.616731557127572,False,dev_13507,13507,-80,cnn
absolute_genuine_target,False,,1976,0.011741119508237615,15975.98945809581,False,7.349228377393438e-07,23.200452148277527,56,0.13288117185082893,0.4108655294653235,False,0.32341766909419917,7.44134562364642,72,0.07324591542786982,149748.79597622363,False,4.891252377047455e-07,5.273705910806627,2304,0.01670780846716027,0.8924198724164064,False,0.018721914407755752,38.49479070833726,0.21678555134482386,56,0.009921218304175429,0.022705573224324215,False,0.43695079644793744,0.555588225033824,True,dev_13507,13507,-80,cnn
absolute_copy_repair,False,,1976,0.011355732922574727,15451.598915479997,False,7.349228377393438e-07,22.43892825500766,56,0.12712228507530307,0.39305918390710193,False,0.32341766909419917,7.118847964216973,72,0.07333790710908009,149936.8698561198,False,4.891252377047455e-07,5.280329311853766,2304,0.016520021447829786,0.8823895403018289,False,0.018721914407755752,38.06212941579983,0.22448383176317532,56,0.024429254697824008,0.055908479619248726,False,0.43695079644793744,1.3680382630781445,False,dev_13507,13507,-80,cnn
absolute_wrong_direction,False,,1976,0.019211379844753615,26140.676079476176,False,7.349228377393438e-07,37.961686573233145,56,0.3141502957486316,0.971345494599838,False,0.32341766909419917,17.592416561923372,72,0.07342236443412206,150109.53999973845,False,4.891252377047455e-07,5.286410239256789,2304,0.02784474091468874,1.4872806438616,False,0.018721914407755752,64.15428306744286,0.5159700086390641,56,0.026476824944661515,0.060594522678290214,False,0.43695079644793744,1.4827021969010448,False,dev_13507,13507,-80,cnn
absolute_shuffled,False,,1976,0.060634886357448195,82505.10562981533,False,7.349228377393438e-07,119.81453544231763,56,0.3535166792147749,1.0930654475523076,False,0.32341766909419917,19.796934036027395,72,0.32312493792289343,660618.0033546826,False,4.891252377047455e-07,23.264995530448328,2304,0.07768386493620288,4.149354774532113,False,0.018721914407755752,178.98362481301146,0.645429416566612,56,0.08642597736171542,0.19779338558091644,False,0.43695079644793744,4.839854732256064,False,dev_13507,13507,-80,cnn
residual_source,False,,1976,7.349228377393438e-07,1.0,False,7.349228377393438e-07,0.0014522075273729433,56,0.32341766909419917,1.0,False,0.32341766909419917,18.111389469275153,72,4.891252377047455e-07,1.0,False,4.891252377047455e-07,3.521701711474167e-05,2304,0.018721914407755752,1.0,False,0.018721914407755752,43.13529079546925,1.0,56,0.43695079644793744,1.0,False,0.43695079644793744,24.469244601084498,False,dev_13507,13507,-80,cnn
residual_genuine_target,False,,1976,0.000351904477497681,478.8318710848002,False,7.349228377393438e-07,0.6953632475354177,56,0.14076102521219233,0.43522985496254396,False,0.32341766909419917,7.882617411882771,72,0.000702867502432414,1436.988828731613,False,4.891252377047455e-07,0.0506064601751338,2304,0.00740228128981665,0.39538057532995535,False,0.018721914407755752,17.054856091737562,0.3631691707575394,56,0.1272000850518838,0.29110848655253485,False,0.43695079644793744,7.123204762905493,True,dev_13507,13507,-80,cnn
residual_copy_repair,False,,1976,8.7509626906376e-05,119.07321750343154,False,7.349228377393438e-07,0.172919022766999,56,0.13638468711627263,0.42169831814769837,False,0.32341766909419917,7.637542478511267,72,2.1142705416834007e-05,43.2255459073174,False,4.891252377047455e-07,0.0015222747900120485,2304,0.007042396251143085,0.3761579130083886,False,0.018721914407755752,16.225680962633668,0.35852532675551924,56,0.12905443816976978,0.2953523353633401,False,0.43695079644793744,7.227048537507107,False,dev_13507,13507,-80,cnn
residual_wrong_direction,False,,1976,0.008062310115683915,10970.281098467356,False,7.349228377393438e-07,15.931124788591415,56,0.32517420081163306,1.0054311557013982,False,0.32341766909419917,18.20975524545145,72,2.3878218269236873e-05,48.818209383934246,False,4.891252377047455e-07,0.001719231715385055,2304,0.018436158735570217,0.9847368348149719,False,0.018721914407755752,42.47690972675378,0.6522890704009137,56,0.13071251339463175,0.29914698510042903,False,0.43695079644793744,7.319900750099378,False,dev_13507,13507,-80,cnn
residual_shuffled,False,,1976,0.051542191837606714,70132.79379935021,False,7.349228377393438e-07,101.84737107111087,56,0.37267436980169666,1.1523005865618026,False,0.32341766909419917,20.869764708895012,72,0.3249962660723914,664443.870444018,False,4.891252377047455e-07,23.39973115721218,2304,0.07230918865356031,3.862275357033224,False,0.018721914407755752,166.60037065780296,0.7899256148296732,56,0.18681859402329964,0.42755064309754387,False,0.43695079644793744,10.46184126530478,False,dev_13507,13507,-80,cnn
provenance_copy_source,False,day11_development_provenance_transport_v1,1976,7.349228377393438e-07,1.0,False,7.349228377393438e-07,0.0014522075273729433,56,0.32341766909419917,1.0,False,0.32341766909419917,18.111389469275153,72,4.891252377047455e-07,1.0,False,4.891252377047455e-07,3.521701711474167e-05,2304,0.018721914407755752,1.0,False,0.018721914407755752,43.13529079546925,1.0,56,0.43695079644793744,1.0,False,0.43695079644793744,24.469244601084498,False,dev_13507,13507,-80,cnn
provenance_local_source,False,day11_development_provenance_transport_v1,1976,7.349228377393438e-07,1.0,False,7.349228377393438e-07,0.0014522075273729433,56,0.32341766909419917,1.0,False,0.32341766909419917,18.111389469275153,72,4.891252377047455e-07,1.0,False,4.891252377047455e-07,3.521701711474167e-05,2304,0.018721914407755752,1.0,False,0.018721914407755752,43.13529079546925,1.0,56,0.43695079644793744,1.0,False,0.43695079644793744,24.469244601084498,False,dev_13507,13507,-80,cnn
provenance_residual_source,False,day11_development_provenance_transport_v1,1976,7.349228377393438e-07,1.0,False,7.349228377393438e-07,0.0014522075273729433,56,0.32341766909419917,1.0,False,0.32341766909419917,18.111389469275153,72,4.891252377047455e-07,1.0,False,4.891252377047455e-07,3.521701711474167e-05,2304,0.018721914407755752,1.0,False,0.018721914407755752,43.13529079546925,1.0,56,0.43695079644793744,1.0,False,0.43695079644793744,24.469244601084498,False,dev_13507,13507,-80,cnn
provenance_copy_genuine_target,False,day11_development_provenance_transport_v1,1976,0.011741119508237615,15975.98945809581,False,7.349228377393438e-07,23.200452148277527,56,0.13288117185082893,0.4108655294653235,False,0.32341766909419917,7.44134562364642,72,0.07324591542786982,149748.79597622363,False,4.891252377047455e-07,5.273705910806627,2304,0.01670780846716027,0.8924198724164064,False,0.018721914407755752,38.49479070833726,0.21678555134482386,56,0.009921218304175429,0.022705573224324215,False,0.43695079644793744,0.555588225033824,True,dev_13507,13507,-80,cnn
provenance_local_genuine_target,False,day11_development_provenance_transport_v1,1976,0.04055572722435846,55183.65349634491,False,7.349228377393438e-07,80.13811699533233,56,0.3649381458453635,1.1283803598840205,False,0.32341766909419917,20.436536167340357,72,0.2928798341913134,598782.9120526935,False,4.891252377047455e-07,21.087348061774566,2304,0.055994813669196834,2.990870081427164,False,0.018721914407755752,129.0120506938295,0.612928729330408,56,0.042592695945955036,0.09747709877679545,False,0.43695079644793744,2.385190972973482,True,dev_13507,13507,-80,cnn
provenance_residual_genuine_target,False,day11_development_provenance_transport_v1,1976,0.011741119508237615,15975.98945809581,False,7.349228377393438e-07,23.200452148277527,56,0.13288117185082893,0.4108655294653235,False,0.32341766909419917,7.44134562364642,72,0.07324591542786982,149748.79597622363,False,4.891252377047455e-07,5.273705910806627,2304,0.01670780846716027,0.8924198724164064,False,0.018721914407755752,38.49479070833726,0.21678555134482386,56,0.009921218304175429,0.022705573224324215,False,0.43695079644793744,0.555588225033824,True,dev_13507,13507,-80,cnn
provenance_copy_copy_repair,False,day11_development_provenance_transport_v1,1976,7.349228377393438e-07,1.0,False,7.349228377393438e-07,0.0014522075273729433,56,0.03983117623490391,0.12315708151153182,False,0.32341766909419917,2.230545869154619,72,4.891252377047455e-07,1.0,False,4.891252377047455e-07,3.521701711474167e-05,2304,0.0018026218998881778,0.09628405838354984,False,0.018721914407755752,4.153240857342362,0.08953278056539027,56,0.024429254697824008,0.055908479619248726,False,0.43695079644793744,1.3680382630781445,False,dev_13507,13507,-80,cnn
provenance_local_copy_repair,False,day11_development_provenance_transport_v1,1976,7.349228377393438e-07,1.0,False,7.349228377393438e-07,0.0014522075273729433,56,0.03983117623490391,0.12315708151153182,False,0.32341766909419917,2.230545869154619,72,4.891252377047455e-07,1.0,False,4.891252377047455e-07,3.521701711474167e-05,2304,0.0019941528115856085,0.10651436429810349,False,0.018721914407755752,4.594528077893242,0.09854996167876474,56,0.03230938363623256,0.07394284184599767,False,0.43695079644793744,1.8093254836290233,False,dev_13507,13507,-80,cnn
provenance_residual_copy_repair,False,day11_development_provenance_transport_v1,1976,7.349228377393438e-07,1.0,False,7.349228377393438e-07,0.0014522075273729433,56,0.023652490148538152,0.07313295595377348,False,0.32341766909419917,1.3245394483181365,72,4.891252377047455e-07,1.0,False,4.891252377047455e-07,3.521701711474167e-05,2304,0.0014093899464001213,0.07528022592690983,False,0.018721914407755752,3.2472344365058796,0.0645207177865111,56,0.024429254697824008,0.055908479619248726,False,0.43695079644793744,1.3680382630781445,False,dev_13507,13507,-80,cnn
provenance_copy_wrong_direction,False,day11_development_provenance_transport_v1,1976,0.011264970105205028,15328.09912378909,False,7.349228377393438e-07,22.259580927885136,56,0.32341766909419917,1.0,False,0.32341766909419917,18.111389469275153,72,4.891252377047455e-07,1.0,False,4.891252377047455e-07,3.521701711474167e-05,2304,0.01840576263526196,0.9831132775415946,False,0.018721914407755752,42.40687711164356,0.5302972613391451,56,0.026476824944661515,0.060594522678290214,False,0.43695079644793744,1.4827021969010448,False,dev_13507,13507,-80,cnn
provenance_local_wrong_direction,False,day11_development_provenance_transport_v1,1976,0.011264970105205028,15328.09912378909,False,7.349228377393438e-07,22.259580927885136,56,0.32341766909419917,1.0,False,0.32341766909419917,18.111389469275153,72,4.891252377047455e-07,1.0,False,4.891252377047455e-07,3.521701711474167e-05,2304,0.018519567892272697,0.9891919965514194,False,0.018721914407755752,42.66908442379629,0.5356551568612061,56,0.03115909837596031,0.07131031372241224,False,0.43695079644793744,1.7449095090537774,False,dev_13507,13507,-80,cnn
provenance_residual_wrong_direction,False,day11_development_provenance_transport_v1,1976,0.011234755937084548,15286.987096010202,False,7.349228377393438e-07,22.199877731679067,56,0.32341766909419917,1.0,False,0.32341766909419917,18.111389469275153,72,4.891252377047455e-07,1.0,False,4.891252377047455e-07,3.521701711474167e-05,2304,0.018379849789686414,0.9817291858824205,False,0.018721914407755752,42.347173915437494,0.5302972613391451,56,0.026476824944661515,0.060594522678290214,False,0.43695079644793744,1.4827021969010448,False,dev_13507,13507,-80,cnn
provenance_copy_shuffled,False,day11_development_provenance_transport_v1,1976,0.09195018368894137,125115.42568439474,False,7.349228377393438e-07,181.69356296934814,56,0.38305310422927175,1.1843913948860445,False,0.32341766909419917,21.450973836839218,72,0.32972634456749117,674114.3558953434,False,4.891252377047455e-07,23.740296808859362,2304,0.1096558402058372,5.8570847947265,False,0.018721914407755752,252.6470558342489,0.6968661423931326,56,0.09147166857102142,0.2093408899002207,False,0.43695079644793744,5.1224134399771994,False,dev_13507,13507,-80,cnn
provenance_local_shuffled,False,day11_development_provenance_transport_v1,1976,0.09235026629235356,125659.81290828733,False,7.349228377393438e-07,182.48412619369063,56,0.3872831225820086,1.1974705144177138,False,0.32341766909419917,21.68785486459248,72,0.32972634456749117,674114.3558953434,False,4.891252377047455e-07,23.740296808859362,2304,0.11021296026798966,5.886842438630783,False,0.018721914407755752,253.93066045744817,0.7034057021589672,56,0.09147166857102142,0.2093408899002207,False,0.43695079644793744,5.1224134399771994,False,dev_13507,13507,-80,cnn
provenance_residual_shuffled,False,day11_development_provenance_transport_v1,1976,0.0719023905726439,97836.65288429319,False,7.349228377393438e-07,142.07912377154435,56,0.3729100065839374,1.1530291700770468,False,0.32341766909419917,20.882960368700495,72,0.323316332262192,661009.3026059677,False,4.891252377047455e-07,23.278775922877823,2304,0.09028765437768252,4.822565278916129,False,0.018721914407755752,208.02275568618052,0.6843805780685405,56,0.0942642631282273,0.21573198606003424,False,0.43695079644793744,5.278798735180729,False,dev_13507,13507,-80,cnn
