scene,seed,condition,frame,target,part_id,visible,gt_pixels,pair_has_eligible_gt_patch,gate,raw_present,gated_present,raw_pixels,gated_pixels,raw_intersection,gated_intersection,raw_iou,gated_iou
calibration_long_occlusion_1000,1000,long_occlusion,1,car_A.front_door,1,True,3304,True,True,True,True,3302,3302,3302,3302,0.9993946731234867,0.9993946731234867
calibration_long_occlusion_1000,1000,long_occlusion,2,car_A.front_door,1,True,3304,True,True,True,True,3302,3302,3302,3302,0.9993946731234867,0.9993946731234867
calibration_long_occlusion_1000,1000,long_occlusion,3,car_A.front_door,1,True,3304,True,True,True,True,3302,3302,3302,3302,0.9993946731234867,0.9993946731234867
calibration_long_occlusion_1000,1000,long_occlusion,4,car_A.front_door,1,True,3304,True,True,True,True,3339,3339,3300,3300,0.9871373018247084,0.9871373018247084
calibration_long_occlusion_1000,1000,long_occlusion,5,car_A.front_door,1,True,3304,True,True,True,True,3302,3302,3302,3302,0.9993946731234867,0.9993946731234867
calibration_long_occlusion_1000,1000,long_occlusion,6,car_A.front_door,1,True,3304,True,True,True,True,3314,3314,3300,3300,0.9945750452079566,0.9945750452079566
calibration_long_occlusion_1000,1000,long_occlusion,7,car_A.front_door,1,True,3304,True,True,True,True,3302,3302,3302,3302,0.9993946731234867,0.9993946731234867
calibration_long_occlusion_1000,1000,long_occlusion,8,car_A.front_door,1,True,2856,True,True,True,True,2854,2854,2854,2854,0.9992997198879552,0.9992997198879552
calibration_long_occlusion_1000,1000,long_occlusion,9,car_A.front_door,1,True,2128,True,True,True,True,2126,2126,2126,2126,0.9990601503759399,0.9990601503759399
calibration_long_occlusion_1000,1000,long_occlusion,10,car_A.front_door,1,True,1344,False,False,True,False,1378,0,1343,0,0.9738941261783901,0.0
calibration_long_occlusion_1000,1000,long_occlusion,11,car_A.front_door,1,True,504,False,False,True,False,504,0,504,0,1.0,0.0
calibration_long_occlusion_1000,1000,long_occlusion,12,car_A.front_door,1,False,0,False,False,False,False,0,0,0,0,,
calibration_long_occlusion_1000,1000,long_occlusion,13,car_A.front_door,1,False,0,False,False,False,False,0,0,0,0,,
calibration_long_occlusion_1000,1000,long_occlusion,14,car_A.front_door,1,False,0,False,False,False,False,0,0,0,0,,
calibration_long_occlusion_1000,1000,long_occlusion,15,car_A.front_door,1,False,0,False,False,False,False,0,0,0,0,,
calibration_long_occlusion_1000,1000,long_occlusion,16,car_A.front_door,1,False,0,False,False,False,False,0,0,0,0,,
calibration_long_occlusion_1000,1000,long_occlusion,17,car_A.front_door,1,False,0,False,False,False,False,0,0,0,0,,
calibration_long_occlusion_1000,1000,long_occlusion,18,car_A.front_door,1,False,0,False,False,False,False,0,0,0,0,,
calibration_long_occlusion_1000,1000,long_occlusion,19,car_A.front_door,1,False,0,False,False,False,False,0,0,0,0,,
calibration_long_occlusion_1000,1000,long_occlusion,20,car_A.front_door,1,False,0,False,False,False,False,0,0,0,0,,
calibration_long_occlusion_1000,1000,long_occlusion,21,car_A.front_door,1,False,0,False,False,False,False,0,0,0,0,,
calibration_long_occlusion_1000,1000,long_occlusion,22,car_A.front_door,1,False,0,False,False,False,False,0,0,0,0,,
calibration_long_occlusion_1000,1000,long_occlusion,23,car_A.front_door,1,False,0,False,False,False,False,0,0,0,0,,
calibration_long_occlusion_1000,1000,long_occlusion,24,car_A.front_door,1,False,0,False,False,False,False,0,0,0,0,,
calibration_long_occlusion_1000,1000,long_occlusion,25,car_A.front_door,1,False,0,False,False,False,False,0,0,0,0,,
calibration_long_occlusion_1000,1000,long_occlusion,26,car_A.front_door,1,False,0,False,False,False,False,0,0,0,0,,
calibration_long_occlusion_1000,1000,long_occlusion,27,car_A.front_door,1,False,0,False,False,False,False,0,0,0,0,,
calibration_long_occlusion_1000,1000,long_occlusion,28,car_A.front_door,1,False,0,False,False,False,False,0,0,0,0,,
calibration_long_occlusion_1000,1000,long_occlusion,29,car_A.front_door,1,False,0,False,False,False,False,0,0,0,0,,
calibration_long_occlusion_1000,1000,long_occlusion,30,car_A.front_door,1,False,0,False,False,False,False,0,0,0,0,,
calibration_long_occlusion_1000,1000,long_occlusion,31,car_A.front_door,1,False,0,False,False,False,False,0,0,0,0,,
calibration_long_occlusion_1000,1000,long_occlusion,32,car_A.front_door,1,False,0,False,False,False,False,0,0,0,0,,
calibration_long_occlusion_1000,1000,long_occlusion,33,car_A.front_door,1,False,0,False,False,False,False,0,0,0,0,,
calibration_long_occlusion_1000,1000,long_occlusion,34,car_A.front_door,1,False,0,False,False,False,False,0,0,0,0,,
calibration_long_occlusion_1000,1000,long_occlusion,35,car_A.front_door,1,False,0,False,False,False,False,0,0,0,0,,
calibration_long_occlusion_1000,1000,long_occlusion,36,car_A.front_door,1,False,0,False,False,False,False,0,0,0,0,,
calibration_long_occlusion_1000,1000,long_occlusion,37,car_A.front_door,1,False,0,False,False,False,False,0,0,0,0,,
calibration_long_occlusion_1000,1000,long_occlusion,38,car_A.front_door,1,False,0,False,False,False,False,0,0,0,0,,
calibration_long_occlusion_1000,1000,long_occlusion,39,car_A.front_door,1,False,0,False,False,False,False,0,0,0,0,,
calibration_long_occlusion_1000,1000,long_occlusion,40,car_A.front_door,1,False,0,False,False,False,False,0,0,0,0,,
calibration_long_occlusion_1000,1000,long_occlusion,41,car_A.front_door,1,False,0,False,False,False,False,0,0,0,0,,
calibration_long_occlusion_1000,1000,long_occlusion,42,car_A.front_door,1,False,0,False,False,False,False,0,0,0,0,,
calibration_long_occlusion_1000,1000,long_occlusion,43,car_A.front_door,1,False,0,False,False,False,False,0,0,0,0,,
calibration_long_occlusion_1000,1000,long_occlusion,44,car_A.front_door,1,False,0,False,False,False,False,0,0,0,0,,
calibration_long_occlusion_1000,1000,long_occlusion,45,car_A.front_door,1,False,0,False,False,False,False,0,0,0,0,,
calibration_long_occlusion_1000,1000,long_occlusion,46,car_A.front_door,1,False,0,False,False,False,False,0,0,0,0,,
calibration_long_occlusion_1000,1000,long_occlusion,47,car_A.front_door,1,False,0,False,False,False,False,0,0,0,0,,
calibration_long_occlusion_1000,1000,long_occlusion,48,car_A.front_door,1,False,0,False,False,True,False,107,0,0,0,,
calibration_long_occlusion_1000,1000,long_occlusion,49,car_A.front_door,1,False,0,False,False,True,False,656,0,0,0,,
calibration_long_occlusion_1000,1000,long_occlusion,50,car_A.front_door,1,False,0,False,True,True,True,1298,1298,0,0,,
calibration_long_occlusion_1000,1000,long_occlusion,51,car_A.front_door,1,False,0,False,True,True,True,1888,1888,0,0,,
calibration_long_occlusion_1000,1000,long_occlusion,52,car_A.front_door,1,False,0,False,True,True,True,2536,2536,0,0,,
calibration_long_occlusion_1000,1000,long_occlusion,53,car_A.front_door,1,False,0,False,True,True,True,2751,2751,0,0,,
calibration_long_occlusion_1000,1000,long_occlusion,54,car_A.front_door,1,True,448,False,True,True,True,3189,3189,438,438,0.13691778680837763,0.13691778680837763
calibration_long_occlusion_1000,1000,long_occlusion,55,car_A.front_door,1,True,1064,False,True,True,True,3843,3843,1049,1049,0.27190254017625715,0.27190254017625715
calibration_long_occlusion_1000,1000,long_occlusion,56,car_A.front_door,1,True,1680,True,True,True,True,1678,1678,1678,1678,0.9988095238095238,0.9988095238095238
calibration_long_occlusion_1000,1000,long_occlusion,57,car_A.front_door,1,True,2240,True,True,True,True,2238,2238,2238,2238,0.9991071428571429,0.9991071428571429
calibration_long_occlusion_1000,1000,long_occlusion,58,car_A.front_door,1,True,2800,True,True,True,True,2798,2798,2798,2798,0.9992857142857143,0.9992857142857143
calibration_long_occlusion_1000,1000,long_occlusion,59,car_A.front_door,1,True,3192,True,True,True,True,3188,3188,3188,3188,0.9987468671679198,0.9987468671679198
calibration_long_occlusion_1000,1000,long_occlusion,60,car_A.front_door,1,True,3304,True,True,True,True,3300,3300,3300,3300,0.9987893462469734,0.9987893462469734
calibration_long_occlusion_1000,1000,long_occlusion,61,car_A.front_door,1,True,3304,True,True,True,True,3301,3301,3301,3301,0.99909200968523,0.99909200968523
calibration_long_occlusion_1000,1000,long_occlusion,62,car_A.front_door,1,True,3304,True,True,True,True,3299,3299,3299,3299,0.9984866828087167,0.9984866828087167
calibration_long_occlusion_1000,1000,long_occlusion,63,car_A.front_door,1,True,3304,True,True,True,True,3300,3300,3300,3300,0.9987893462469734,0.9987893462469734
calibration_long_occlusion_1000,1000,long_occlusion,1,car_A.window,2,True,2052,True,True,True,True,2049,2049,2049,2049,0.9985380116959064,0.9985380116959064
calibration_long_occlusion_1000,1000,long_occlusion,2,car_A.window,2,True,2052,True,True,True,True,2049,2049,2049,2049,0.9985380116959064,0.9985380116959064
calibration_long_occlusion_1000,1000,long_occlusion,3,car_A.window,2,True,2052,True,True,True,True,2049,2049,2049,2049,0.9985380116959064,0.9985380116959064
calibration_long_occlusion_1000,1000,long_occlusion,4,car_A.window,2,True,2052,True,True,True,True,2050,2050,2050,2050,0.9990253411306043,0.9990253411306043
calibration_long_occlusion_1000,1000,long_occlusion,5,car_A.window,2,True,2052,True,True,True,True,2049,2049,2049,2049,0.9985380116959064,0.9985380116959064
calibration_long_occlusion_1000,1000,long_occlusion,6,car_A.window,2,True,2052,True,True,True,True,2050,2050,2050,2050,0.9990253411306043,0.9990253411306043
calibration_long_occlusion_1000,1000,long_occlusion,7,car_A.window,2,True,2052,True,True,True,True,2049,2049,2049,2049,0.9985380116959064,0.9985380116959064
calibration_long_occlusion_1000,1000,long_occlusion,8,car_A.window,2,True,1908,True,True,True,True,1904,1904,1904,1904,0.9979035639412998,0.9979035639412998
calibration_long_occlusion_1000,1000,long_occlusion,9,car_A.window,2,True,1440,True,True,True,True,1438,1438,1438,1438,0.9986111111111111,0.9986111111111111
calibration_long_occlusion_1000,1000,long_occlusion,10,car_A.window,2,True,936,False,False,True,False,934,0,934,0,0.9978632478632479,0.0
calibration_long_occlusion_1000,1000,long_occlusion,11,car_A.window,2,True,396,False,False,True,False,396,0,396,0,1.0,0.0
calibration_long_occlusion_1000,1000,long_occlusion,12,car_A.window,2,False,0,False,False,False,False,0,0,0,0,,
calibration_long_occlusion_1000,1000,long_occlusion,13,car_A.window,2,False,0,False,False,False,False,0,0,0,0,,
calibration_long_occlusion_1000,1000,long_occlusion,14,car_A.window,2,False,0,False,False,False,False,0,0,0,0,,
calibration_long_occlusion_1000,1000,long_occlusion,15,car_A.window,2,False,0,False,False,False,False,0,0,0,0,,
calibration_long_occlusion_1000,1000,long_occlusion,16,car_A.window,2,False,0,False,False,False,False,0,0,0,0,,
calibration_long_occlusion_1000,1000,long_occlusion,17,car_A.window,2,False,0,False,False,False,False,0,0,0,0,,
calibration_long_occlusion_1000,1000,long_occlusion,18,car_A.window,2,False,0,False,False,False,False,0,0,0,0,,
calibration_long_occlusion_1000,1000,long_occlusion,19,car_A.window,2,False,0,False,False,False,False,0,0,0,0,,
calibration_long_occlusion_1000,1000,long_occlusion,20,car_A.window,2,False,0,False,False,False,False,0,0,0,0,,
calibration_long_occlusion_1000,1000,long_occlusion,21,car_A.window,2,False,0,False,False,False,False,0,0,0,0,,
calibration_long_occlusion_1000,1000,long_occlusion,22,car_A.window,2,False,0,False,False,False,False,0,0,0,0,,
calibration_long_occlusion_1000,1000,long_occlusion,23,car_A.window,2,False,0,False,False,False,False,0,0,0,0,,
calibration_long_occlusion_1000,1000,long_occlusion,24,car_A.window,2,False,0,False,False,False,False,0,0,0,0,,
calibration_long_occlusion_1000,1000,long_occlusion,25,car_A.window,2,False,0,False,False,False,False,0,0,0,0,,
calibration_long_occlusion_1000,1000,long_occlusion,26,car_A.window,2,False,0,False,False,False,False,0,0,0,0,,
calibration_long_occlusion_1000,1000,long_occlusion,27,car_A.window,2,False,0,False,False,False,False,0,0,0,0,,
calibration_long_occlusion_1000,1000,long_occlusion,28,car_A.window,2,False,0,False,False,False,False,0,0,0,0,,
calibration_long_occlusion_1000,1000,long_occlusion,29,car_A.window,2,False,0,False,False,False,False,0,0,0,0,,
calibration_long_occlusion_1000,1000,long_occlusion,30,car_A.window,2,False,0,False,False,False,False,0,0,0,0,,
calibration_long_occlusion_1000,1000,long_occlusion,31,car_A.window,2,False,0,False,False,False,False,0,0,0,0,,
calibration_long_occlusion_1000,1000,long_occlusion,32,car_A.window,2,False,0,False,False,False,False,0,0,0,0,,
calibration_long_occlusion_1000,1000,long_occlusion,33,car_A.window,2,False,0,False,False,False,False,0,0,0,0,,
calibration_long_occlusion_1000,1000,long_occlusion,34,car_A.window,2,False,0,False,False,False,False,0,0,0,0,,
calibration_long_occlusion_1000,1000,long_occlusion,35,car_A.window,2,False,0,False,False,False,False,0,0,0,0,,
calibration_long_occlusion_1000,1000,long_occlusion,36,car_A.window,2,False,0,False,False,False,False,0,0,0,0,,
calibration_long_occlusion_1000,1000,long_occlusion,37,car_A.window,2,False,0,False,False,False,False,0,0,0,0,,
calibration_long_occlusion_1000,1000,long_occlusion,38,car_A.window,2,False,0,False,False,False,False,0,0,0,0,,
calibration_long_occlusion_1000,1000,long_occlusion,39,car_A.window,2,False,0,False,False,False,False,0,0,0,0,,
calibration_long_occlusion_1000,1000,long_occlusion,40,car_A.window,2,False,0,False,False,False,False,0,0,0,0,,
calibration_long_occlusion_1000,1000,long_occlusion,41,car_A.window,2,False,0,False,False,False,False,0,0,0,0,,
calibration_long_occlusion_1000,1000,long_occlusion,42,car_A.window,2,False,0,False,False,False,False,0,0,0,0,,
calibration_long_occlusion_1000,1000,long_occlusion,43,car_A.window,2,False,0,False,False,False,False,0,0,0,0,,
calibration_long_occlusion_1000,1000,long_occlusion,44,car_A.window,2,False,0,False,False,False,False,0,0,0,0,,
calibration_long_occlusion_1000,1000,long_occlusion,45,car_A.window,2,False,0,False,False,False,False,0,0,0,0,,
calibration_long_occlusion_1000,1000,long_occlusion,46,car_A.window,2,False,0,False,False,False,False,0,0,0,0,,
calibration_long_occlusion_1000,1000,long_occlusion,47,car_A.window,2,False,0,False,False,False,False,0,0,0,0,,
calibration_long_occlusion_1000,1000,long_occlusion,48,car_A.window,2,False,0,False,False,False,False,0,0,0,0,,
calibration_long_occlusion_1000,1000,long_occlusion,49,car_A.window,2,False,0,False,False,True,False,216,0,0,0,,
calibration_long_occlusion_1000,1000,long_occlusion,50,car_A.window,2,False,0,False,True,True,True,587,587,0,0,,
calibration_long_occlusion_1000,1000,long_occlusion,51,car_A.window,2,False,0,False,True,True,True,928,928,0,0,,
calibration_long_occlusion_1000,1000,long_occlusion,52,car_A.window,2,False,0,False,True,True,True,1299,1299,0,0,,
calibration_long_occlusion_1000,1000,long_occlusion,53,car_A.window,2,False,0,False,True,True,True,1392,1392,0,0,,
calibration_long_occlusion_1000,1000,long_occlusion,54,car_A.window,2,True,360,False,True,True,True,1392,1392,0,0,0.0,0.0
calibration_long_occlusion_1000,1000,long_occlusion,55,car_A.window,2,True,756,False,True,True,True,1393,1393,0,0,0.0,0.0
calibration_long_occlusion_1000,1000,long_occlusion,56,car_A.window,2,True,1152,True,True,True,True,1392,1392,0,0,0.0,0.0
calibration_long_occlusion_1000,1000,long_occlusion,57,car_A.window,2,True,1512,True,True,True,True,1392,1392,0,0,0.0,0.0
calibration_long_occlusion_1000,1000,long_occlusion,58,car_A.window,2,True,1872,True,True,True,True,1394,1394,0,0,0.0,0.0
calibration_long_occlusion_1000,1000,long_occlusion,59,car_A.window,2,True,2052,True,True,True,True,1393,1393,0,0,0.0,0.0
calibration_long_occlusion_1000,1000,long_occlusion,60,car_A.window,2,True,2052,True,True,True,True,1393,1393,0,0,0.0,0.0
calibration_long_occlusion_1000,1000,long_occlusion,61,car_A.window,2,True,2052,True,True,True,True,1394,1394,0,0,0.0,0.0
calibration_long_occlusion_1000,1000,long_occlusion,62,car_A.window,2,True,2052,True,True,True,True,1393,1393,0,0,0.0,0.0
calibration_long_occlusion_1000,1000,long_occlusion,63,car_A.window,2,True,2052,True,True,True,True,1394,1394,0,0,0.0,0.0
calibration_long_occlusion_1000,1000,long_occlusion,1,car_B.front_door,3,True,3304,True,True,True,True,3301,3301,3301,3301,0.99909200968523,0.99909200968523
calibration_long_occlusion_1000,1000,long_occlusion,2,car_B.front_door,3,True,3304,True,True,True,True,3301,3301,3301,3301,0.99909200968523,0.99909200968523
calibration_long_occlusion_1000,1000,long_occlusion,3,car_B.front_door,3,True,3304,True,True,True,True,3301,3301,3301,3301,0.99909200968523,0.99909200968523
calibration_long_occlusion_1000,1000,long_occlusion,4,car_B.front_door,3,True,3304,True,True,True,True,3301,3301,3301,3301,0.99909200968523,0.99909200968523
calibration_long_occlusion_1000,1000,long_occlusion,5,car_B.front_door,3,True,3304,True,True,True,True,3301,3301,3301,3301,0.99909200968523,0.99909200968523
calibration_long_occlusion_1000,1000,long_occlusion,6,car_B.front_door,3,True,3304,True,True,True,True,3301,3301,3301,3301,0.99909200968523,0.99909200968523
calibration_long_occlusion_1000,1000,long_occlusion,7,car_B.front_door,3,True,3304,True,True,True,True,3301,3301,3301,3301,0.99909200968523,0.99909200968523
calibration_long_occlusion_1000,1000,long_occlusion,8,car_B.front_door,3,True,3304,True,True,True,True,3301,3301,3301,3301,0.99909200968523,0.99909200968523
calibration_long_occlusion_1000,1000,long_occlusion,9,car_B.front_door,3,True,3304,True,True,True,True,3301,3301,3301,3301,0.99909200968523,0.99909200968523
calibration_long_occlusion_1000,1000,long_occlusion,10,car_B.front_door,3,True,3304,True,True,True,True,3302,3302,3301,3301,0.9987897125567322,0.9987897125567322
calibration_long_occlusion_1000,1000,long_occlusion,11,car_B.front_door,3,True,3304,True,True,True,True,3301,3301,3301,3301,0.99909200968523,0.99909200968523
calibration_long_occlusion_1000,1000,long_occlusion,12,car_B.front_door,3,True,3304,True,True,True,True,3301,3301,3301,3301,0.99909200968523,0.99909200968523
calibration_long_occlusion_1000,1000,long_occlusion,13,car_B.front_door,3,True,3304,True,True,True,True,3301,3301,3301,3301,0.99909200968523,0.99909200968523
calibration_long_occlusion_1000,1000,long_occlusion,14,car_B.front_door,3,True,3304,True,True,True,True,3301,3301,3301,3301,0.99909200968523,0.99909200968523
calibration_long_occlusion_1000,1000,long_occlusion,15,car_B.front_door,3,True,3304,True,True,True,True,3301,3301,3301,3301,0.99909200968523,0.99909200968523
calibration_long_occlusion_1000,1000,long_occlusion,16,car_B.front_door,3,True,3304,True,True,True,True,3302,3302,3302,3302,0.9993946731234867,0.9993946731234867
calibration_long_occlusion_1000,1000,long_occlusion,17,car_B.front_door,3,True,3304,True,True,True,True,3301,3301,3301,3301,0.99909200968523,0.99909200968523
calibration_long_occlusion_1000,1000,long_occlusion,18,car_B.front_door,3,True,3304,True,True,True,True,3302,3302,3302,3302,0.9993946731234867,0.9993946731234867
calibration_long_occlusion_1000,1000,long_occlusion,19,car_B.front_door,3,True,3304,True,True,True,True,3301,3301,3301,3301,0.99909200968523,0.99909200968523
calibration_long_occlusion_1000,1000,long_occlusion,20,car_B.front_door,3,True,3304,True,True,True,True,3301,3301,3301,3301,0.99909200968523,0.99909200968523
calibration_long_occlusion_1000,1000,long_occlusion,21,car_B.front_door,3,True,3304,True,True,True,True,3301,3301,3301,3301,0.99909200968523,0.99909200968523
calibration_long_occlusion_1000,1000,long_occlusion,22,car_B.front_door,3,True,3304,True,True,True,True,3301,3301,3301,3301,0.99909200968523,0.99909200968523
calibration_long_occlusion_1000,1000,long_occlusion,23,car_B.front_door,3,True,3304,True,True,True,True,3302,3302,3301,3301,0.9987897125567322,0.9987897125567322
calibration_long_occlusion_1000,1000,long_occlusion,24,car_B.front_door,3,True,3304,True,True,True,True,3301,3301,3301,3301,0.99909200968523,0.99909200968523
calibration_long_occlusion_1000,1000,long_occlusion,25,car_B.front_door,3,True,3304,True,True,True,True,3301,3301,3301,3301,0.99909200968523,0.99909200968523
calibration_long_occlusion_1000,1000,long_occlusion,26,car_B.front_door,3,True,3304,True,True,True,True,3302,3302,3302,3302,0.9993946731234867,0.9993946731234867
calibration_long_occlusion_1000,1000,long_occlusion,27,car_B.front_door,3,True,3304,True,True,True,True,3301,3301,3301,3301,0.99909200968523,0.99909200968523
calibration_long_occlusion_1000,1000,long_occlusion,28,car_B.front_door,3,True,3304,True,True,True,True,3301,3301,3301,3301,0.99909200968523,0.99909200968523
calibration_long_occlusion_1000,1000,long_occlusion,29,car_B.front_door,3,True,3304,True,True,True,True,3301,3301,3301,3301,0.99909200968523,0.99909200968523
calibration_long_occlusion_1000,1000,long_occlusion,30,car_B.front_door,3,True,3304,True,True,True,True,3302,3302,3302,3302,0.9993946731234867,0.9993946731234867
calibration_long_occlusion_1000,1000,long_occlusion,31,car_B.front_door,3,True,3304,True,True,True,True,3305,3305,3301,3301,0.9978839177750907,0.9978839177750907
calibration_long_occlusion_1000,1000,long_occlusion,32,car_B.front_door,3,True,3304,True,True,True,True,3301,3301,3301,3301,0.99909200968523,0.99909200968523
calibration_long_occlusion_1000,1000,long_occlusion,33,car_B.front_door,3,True,3304,True,True,True,True,3302,3302,3301,3301,0.9987897125567322,0.9987897125567322
calibration_long_occlusion_1000,1000,long_occlusion,34,car_B.front_door,3,True,3304,True,True,True,True,3302,3302,3301,3301,0.9987897125567322,0.9987897125567322
calibration_long_occlusion_1000,1000,long_occlusion,35,car_B.front_door,3,True,3304,True,True,True,True,3304,3304,3301,3301,0.998185666767463,0.998185666767463
calibration_long_occlusion_1000,1000,long_occlusion,36,car_B.front_door,3,True,3304,True,True,True,True,3303,3303,3300,3300,0.9978832778953735,0.9978832778953735
calibration_long_occlusion_1000,1000,long_occlusion,37,car_B.front_door,3,True,3304,True,True,True,True,3304,3304,3301,3301,0.998185666767463,0.998185666767463
calibration_long_occlusion_1000,1000,long_occlusion,38,car_B.front_door,3,True,3304,True,True,True,True,3303,3303,3301,3301,0.9984875983061101,0.9984875983061101
calibration_long_occlusion_1000,1000,long_occlusion,39,car_B.front_door,3,True,3304,True,True,True,True,3301,3301,3301,3301,0.99909200968523,0.99909200968523
calibration_long_occlusion_1000,1000,long_occlusion,40,car_B.front_door,3,True,3304,True,True,True,True,3301,3301,3301,3301,0.99909200968523,0.99909200968523
calibration_long_occlusion_1000,1000,long_occlusion,41,car_B.front_door,3,True,3304,True,True,True,True,3302,3302,3301,3301,0.9987897125567322,0.9987897125567322
calibration_long_occlusion_1000,1000,long_occlusion,42,car_B.front_door,3,True,3304,True,True,True,True,3303,3303,3301,3301,0.9984875983061101,0.9984875983061101
calibration_long_occlusion_1000,1000,long_occlusion,43,car_B.front_door,3,True,3304,True,True,True,True,3305,3305,3302,3302,0.9984880556395525,0.9984880556395525
calibration_long_occlusion_1000,1000,long_occlusion,44,car_B.front_door,3,True,3304,True,True,True,True,3301,3301,3301,3301,0.99909200968523,0.99909200968523
calibration_long_occlusion_1000,1000,long_occlusion,45,car_B.front_door,3,True,3304,True,True,True,True,3301,3301,3301,3301,0.99909200968523,0.99909200968523
calibration_long_occlusion_1000,1000,long_occlusion,46,car_B.front_door,3,True,3304,True,True,True,True,3301,3301,3301,3301,0.99909200968523,0.99909200968523
calibration_long_occlusion_1000,1000,long_occlusion,47,car_B.front_door,3,True,3304,True,True,True,True,3302,3302,3302,3302,0.9993946731234867,0.9993946731234867
calibration_long_occlusion_1000,1000,long_occlusion,48,car_B.front_door,3,True,3304,True,True,True,True,3304,3304,3301,3301,0.998185666767463,0.998185666767463
calibration_long_occlusion_1000,1000,long_occlusion,49,car_B.front_door,3,True,3304,True,True,True,True,3301,3301,3301,3301,0.99909200968523,0.99909200968523
calibration_long_occlusion_1000,1000,long_occlusion,50,car_B.front_door,3,True,3304,True,True,True,True,3304,3304,3301,3301,0.998185666767463,0.998185666767463
calibration_long_occlusion_1000,1000,long_occlusion,51,car_B.front_door,3,True,3304,True,True,True,True,3305,3305,3301,3301,0.9978839177750907,0.9978839177750907
calibration_long_occlusion_1000,1000,long_occlusion,52,car_B.front_door,3,True,3304,True,True,True,True,3302,3302,3301,3301,0.9987897125567322,0.9987897125567322
calibration_long_occlusion_1000,1000,long_occlusion,53,car_B.front_door,3,True,3304,True,True,True,True,3303,3303,3301,3301,0.9984875983061101,0.9984875983061101
calibration_long_occlusion_1000,1000,long_occlusion,54,car_B.front_door,3,True,3304,True,True,True,True,3302,3302,3301,3301,0.9987897125567322,0.9987897125567322
calibration_long_occlusion_1000,1000,long_occlusion,55,car_B.front_door,3,True,3304,True,True,True,True,3306,3306,3302,3302,0.998186215235792,0.998186215235792
calibration_long_occlusion_1000,1000,long_occlusion,56,car_B.front_door,3,True,3304,True,True,True,True,3302,3302,3301,3301,0.9987897125567322,0.9987897125567322
calibration_long_occlusion_1000,1000,long_occlusion,57,car_B.front_door,3,True,3304,True,True,True,True,3302,3302,3301,3301,0.9987897125567322,0.9987897125567322
calibration_long_occlusion_1000,1000,long_occlusion,58,car_B.front_door,3,True,3304,True,True,True,True,3305,3305,3302,3302,0.9984880556395525,0.9984880556395525
calibration_long_occlusion_1000,1000,long_occlusion,59,car_B.front_door,3,True,3304,True,True,True,True,3302,3302,3301,3301,0.9987897125567322,0.9987897125567322
calibration_long_occlusion_1000,1000,long_occlusion,60,car_B.front_door,3,True,3304,True,True,True,True,3303,3303,3301,3301,0.9984875983061101,0.9984875983061101
calibration_long_occlusion_1000,1000,long_occlusion,61,car_B.front_door,3,True,3304,True,True,True,True,3303,3303,3301,3301,0.9984875983061101,0.9984875983061101
calibration_long_occlusion_1000,1000,long_occlusion,62,car_B.front_door,3,True,3304,True,True,True,True,3302,3302,3301,3301,0.9987897125567322,0.9987897125567322
calibration_long_occlusion_1000,1000,long_occlusion,63,car_B.front_door,3,True,3304,True,True,True,True,3302,3302,3301,3301,0.9987897125567322,0.9987897125567322
calibration_long_occlusion_1000,1000,long_occlusion,1,car_B.window,4,True,2052,True,True,True,True,2050,2050,2050,2050,0.9990253411306043,0.9990253411306043
calibration_long_occlusion_1000,1000,long_occlusion,2,car_B.window,4,True,2052,True,True,True,True,2050,2050,2050,2050,0.9990253411306043,0.9990253411306043
calibration_long_occlusion_1000,1000,long_occlusion,3,car_B.window,4,True,2052,True,True,True,True,2050,2050,2050,2050,0.9990253411306043,0.9990253411306043
calibration_long_occlusion_1000,1000,long_occlusion,4,car_B.window,4,True,2052,True,True,True,True,2050,2050,2050,2050,0.9990253411306043,0.9990253411306043
calibration_long_occlusion_1000,1000,long_occlusion,5,car_B.window,4,True,2052,True,True,True,True,2050,2050,2050,2050,0.9990253411306043,0.9990253411306043
calibration_long_occlusion_1000,1000,long_occlusion,6,car_B.window,4,True,2052,True,True,True,True,2050,2050,2050,2050,0.9990253411306043,0.9990253411306043
calibration_long_occlusion_1000,1000,long_occlusion,7,car_B.window,4,True,2052,True,True,True,True,2050,2050,2050,2050,0.9990253411306043,0.9990253411306043
calibration_long_occlusion_1000,1000,long_occlusion,8,car_B.window,4,True,2052,True,True,True,True,2050,2050,2050,2050,0.9990253411306043,0.9990253411306043
calibration_long_occlusion_1000,1000,long_occlusion,9,car_B.window,4,True,2052,True,True,True,True,2050,2050,2050,2050,0.9990253411306043,0.9990253411306043
calibration_long_occlusion_1000,1000,long_occlusion,10,car_B.window,4,True,2052,True,True,True,True,2050,2050,2050,2050,0.9990253411306043,0.9990253411306043
calibration_long_occlusion_1000,1000,long_occlusion,11,car_B.window,4,True,2052,True,True,True,True,2050,2050,2050,2050,0.9990253411306043,0.9990253411306043
calibration_long_occlusion_1000,1000,long_occlusion,12,car_B.window,4,True,2052,True,True,True,True,2050,2050,2050,2050,0.9990253411306043,0.9990253411306043
calibration_long_occlusion_1000,1000,long_occlusion,13,car_B.window,4,True,2052,True,True,True,True,2050,2050,2050,2050,0.9990253411306043,0.9990253411306043
calibration_long_occlusion_1000,1000,long_occlusion,14,car_B.window,4,True,2052,True,True,True,True,2050,2050,2050,2050,0.9990253411306043,0.9990253411306043
calibration_long_occlusion_1000,1000,long_occlusion,15,car_B.window,4,True,2052,True,True,True,True,2050,2050,2050,2050,0.9990253411306043,0.9990253411306043
calibration_long_occlusion_1000,1000,long_occlusion,16,car_B.window,4,True,2052,True,True,True,True,2050,2050,2050,2050,0.9990253411306043,0.9990253411306043
calibration_long_occlusion_1000,1000,long_occlusion,17,car_B.window,4,True,2052,True,True,True,True,2050,2050,2050,2050,0.9990253411306043,0.9990253411306043
calibration_long_occlusion_1000,1000,long_occlusion,18,car_B.window,4,True,2052,True,True,True,True,2050,2050,2050,2050,0.9990253411306043,0.9990253411306043
calibration_long_occlusion_1000,1000,long_occlusion,19,car_B.window,4,True,2052,True,True,True,True,2050,2050,2050,2050,0.9990253411306043,0.9990253411306043
calibration_long_occlusion_1000,1000,long_occlusion,20,car_B.window,4,True,2052,True,True,True,True,2050,2050,2050,2050,0.9990253411306043,0.9990253411306043
calibration_long_occlusion_1000,1000,long_occlusion,21,car_B.window,4,True,2052,True,True,True,True,2050,2050,2050,2050,0.9990253411306043,0.9990253411306043
calibration_long_occlusion_1000,1000,long_occlusion,22,car_B.window,4,True,2052,True,True,True,True,2050,2050,2050,2050,0.9990253411306043,0.9990253411306043
calibration_long_occlusion_1000,1000,long_occlusion,23,car_B.window,4,True,2052,True,True,True,True,2050,2050,2050,2050,0.9990253411306043,0.9990253411306043
calibration_long_occlusion_1000,1000,long_occlusion,24,car_B.window,4,True,2052,True,True,True,True,2050,2050,2050,2050,0.9990253411306043,0.9990253411306043
calibration_long_occlusion_1000,1000,long_occlusion,25,car_B.window,4,True,2052,True,True,True,True,2050,2050,2050,2050,0.9990253411306043,0.9990253411306043
calibration_long_occlusion_1000,1000,long_occlusion,26,car_B.window,4,True,2052,True,True,True,True,2050,2050,2050,2050,0.9990253411306043,0.9990253411306043
calibration_long_occlusion_1000,1000,long_occlusion,27,car_B.window,4,True,2052,True,True,True,True,2050,2050,2050,2050,0.9990253411306043,0.9990253411306043
calibration_long_occlusion_1000,1000,long_occlusion,28,car_B.window,4,True,2052,True,True,True,True,2050,2050,2050,2050,0.9990253411306043,0.9990253411306043
calibration_long_occlusion_1000,1000,long_occlusion,29,car_B.window,4,True,2052,True,True,True,True,2050,2050,2050,2050,0.9990253411306043,0.9990253411306043
calibration_long_occlusion_1000,1000,long_occlusion,30,car_B.window,4,True,2052,True,True,True,True,2050,2050,2050,2050,0.9990253411306043,0.9990253411306043
calibration_long_occlusion_1000,1000,long_occlusion,31,car_B.window,4,True,2052,True,True,True,True,2050,2050,2050,2050,0.9990253411306043,0.9990253411306043
calibration_long_occlusion_1000,1000,long_occlusion,32,car_B.window,4,True,2052,True,True,True,True,2050,2050,2050,2050,0.9990253411306043,0.9990253411306043
calibration_long_occlusion_1000,1000,long_occlusion,33,car_B.window,4,True,2052,True,True,True,True,2050,2050,2050,2050,0.9990253411306043,0.9990253411306043
calibration_long_occlusion_1000,1000,long_occlusion,34,car_B.window,4,True,2052,True,True,True,True,2050,2050,2050,2050,0.9990253411306043,0.9990253411306043
calibration_long_occlusion_1000,1000,long_occlusion,35,car_B.window,4,True,2052,True,True,True,True,2050,2050,2050,2050,0.9990253411306043,0.9990253411306043
calibration_long_occlusion_1000,1000,long_occlusion,36,car_B.window,4,True,2052,True,True,True,True,2050,2050,2050,2050,0.9990253411306043,0.9990253411306043
calibration_long_occlusion_1000,1000,long_occlusion,37,car_B.window,4,True,2052,True,True,True,True,2050,2050,2050,2050,0.9990253411306043,0.9990253411306043
calibration_long_occlusion_1000,1000,long_occlusion,38,car_B.window,4,True,2052,True,True,True,True,2050,2050,2050,2050,0.9990253411306043,0.9990253411306043
calibration_long_occlusion_1000,1000,long_occlusion,39,car_B.window,4,True,2052,True,True,True,True,2050,2050,2050,2050,0.9990253411306043,0.9990253411306043
calibration_long_occlusion_1000,1000,long_occlusion,40,car_B.window,4,True,2052,True,True,True,True,2050,2050,2050,2050,0.9990253411306043,0.9990253411306043
calibration_long_occlusion_1000,1000,long_occlusion,41,car_B.window,4,True,2052,True,True,True,True,2050,2050,2050,2050,0.9990253411306043,0.9990253411306043
calibration_long_occlusion_1000,1000,long_occlusion,42,car_B.window,4,True,2052,True,True,True,True,2050,2050,2050,2050,0.9990253411306043,0.9990253411306043
calibration_long_occlusion_1000,1000,long_occlusion,43,car_B.window,4,True,2052,True,True,True,True,2050,2050,2050,2050,0.9990253411306043,0.9990253411306043
calibration_long_occlusion_1000,1000,long_occlusion,44,car_B.window,4,True,2052,True,True,True,True,2050,2050,2050,2050,0.9990253411306043,0.9990253411306043
calibration_long_occlusion_1000,1000,long_occlusion,45,car_B.window,4,True,2052,True,True,True,True,2050,2050,2050,2050,0.9990253411306043,0.9990253411306043
calibration_long_occlusion_1000,1000,long_occlusion,46,car_B.window,4,True,2052,True,True,True,True,2050,2050,2050,2050,0.9990253411306043,0.9990253411306043
calibration_long_occlusion_1000,1000,long_occlusion,47,car_B.window,4,True,2052,True,True,True,True,2050,2050,2050,2050,0.9990253411306043,0.9990253411306043
calibration_long_occlusion_1000,1000,long_occlusion,48,car_B.window,4,True,2052,True,True,True,True,2050,2050,2050,2050,0.9990253411306043,0.9990253411306043
calibration_long_occlusion_1000,1000,long_occlusion,49,car_B.window,4,True,2052,True,True,True,True,2050,2050,2050,2050,0.9990253411306043,0.9990253411306043
calibration_long_occlusion_1000,1000,long_occlusion,50,car_B.window,4,True,2052,True,True,True,True,2050,2050,2050,2050,0.9990253411306043,0.9990253411306043
calibration_long_occlusion_1000,1000,long_occlusion,51,car_B.window,4,True,2052,True,True,True,True,2050,2050,2050,2050,0.9990253411306043,0.9990253411306043
calibration_long_occlusion_1000,1000,long_occlusion,52,car_B.window,4,True,2052,True,True,True,True,2050,2050,2050,2050,0.9990253411306043,0.9990253411306043
calibration_long_occlusion_1000,1000,long_occlusion,53,car_B.window,4,True,2052,True,True,True,True,2050,2050,2050,2050,0.9990253411306043,0.9990253411306043
calibration_long_occlusion_1000,1000,long_occlusion,54,car_B.window,4,True,2052,True,True,True,True,2050,2050,2050,2050,0.9990253411306043,0.9990253411306043
calibration_long_occlusion_1000,1000,long_occlusion,55,car_B.window,4,True,2052,True,True,True,True,2050,2050,2050,2050,0.9990253411306043,0.9990253411306043
calibration_long_occlusion_1000,1000,long_occlusion,56,car_B.window,4,True,2052,True,True,True,True,2050,2050,2050,2050,0.9990253411306043,0.9990253411306043
calibration_long_occlusion_1000,1000,long_occlusion,57,car_B.window,4,True,2052,True,True,True,True,2050,2050,2050,2050,0.9990253411306043,0.9990253411306043
calibration_long_occlusion_1000,1000,long_occlusion,58,car_B.window,4,True,2052,True,True,True,True,2050,2050,2050,2050,0.9990253411306043,0.9990253411306043
calibration_long_occlusion_1000,1000,long_occlusion,59,car_B.window,4,True,2052,True,True,True,True,2050,2050,2050,2050,0.9990253411306043,0.9990253411306043
calibration_long_occlusion_1000,1000,long_occlusion,60,car_B.window,4,True,2052,True,True,True,True,2050,2050,2050,2050,0.9990253411306043,0.9990253411306043
calibration_long_occlusion_1000,1000,long_occlusion,61,car_B.window,4,True,2052,True,True,True,True,2050,2050,2050,2050,0.9990253411306043,0.9990253411306043
calibration_long_occlusion_1000,1000,long_occlusion,62,car_B.window,4,True,2052,True,True,True,True,2050,2050,2050,2050,0.9990253411306043,0.9990253411306043
calibration_long_occlusion_1000,1000,long_occlusion,63,car_B.window,4,True,2052,True,True,True,True,2050,2050,2050,2050,0.9990253411306043,0.9990253411306043
calibration_long_occlusion_1001,1001,long_occlusion,1,car_A.front_door,1,True,3304,True,True,True,True,3303,3303,3303,3303,0.9996973365617433,0.9996973365617433
calibration_long_occlusion_1001,1001,long_occlusion,2,car_A.front_door,1,True,3304,True,True,True,True,3303,3303,3303,3303,0.9996973365617433,0.9996973365617433
calibration_long_occlusion_1001,1001,long_occlusion,3,car_A.front_door,1,True,3304,True,True,True,True,3303,3303,3303,3303,0.9996973365617433,0.9996973365617433
calibration_long_occlusion_1001,1001,long_occlusion,4,car_A.front_door,1,True,3304,True,True,True,True,3303,3303,3303,3303,0.9996973365617433,0.9996973365617433
calibration_long_occlusion_1001,1001,long_occlusion,5,car_A.front_door,1,True,3304,True,True,True,True,3302,3302,3302,3302,0.9993946731234867,0.9993946731234867
calibration_long_occlusion_1001,1001,long_occlusion,6,car_A.front_door,1,True,3304,True,True,True,True,3303,3303,3303,3303,0.9996973365617433,0.9996973365617433
calibration_long_occlusion_1001,1001,long_occlusion,7,car_A.front_door,1,True,3304,True,True,True,True,3301,3301,3301,3301,0.99909200968523,0.99909200968523
calibration_long_occlusion_1001,1001,long_occlusion,8,car_A.front_door,1,True,2688,True,True,True,True,2687,2687,2687,2687,0.9996279761904762,0.9996279761904762
calibration_long_occlusion_1001,1001,long_occlusion,9,car_A.front_door,1,True,1904,True,True,True,True,1904,1904,1904,1904,1.0,1.0
calibration_long_occlusion_1001,1001,long_occlusion,10,car_A.front_door,1,True,1064,False,False,True,False,1064,0,1064,0,1.0,0.0
calibration_long_occlusion_1001,1001,long_occlusion,11,car_A.front_door,1,True,168,False,False,True,False,168,0,168,0,1.0,0.0
calibration_long_occlusion_1001,1001,long_occlusion,12,car_A.front_door,1,False,0,False,False,False,False,0,0,0,0,,
calibration_long_occlusion_1001,1001,long_occlusion,13,car_A.front_door,1,False,0,False,False,False,False,0,0,0,0,,
calibration_long_occlusion_1001,1001,long_occlusion,14,car_A.front_door,1,False,0,False,False,False,False,0,0,0,0,,
calibration_long_occlusion_1001,1001,long_occlusion,15,car_A.front_door,1,False,0,False,False,False,False,0,0,0,0,,
calibration_long_occlusion_1001,1001,long_occlusion,16,car_A.front_door,1,False,0,False,False,False,False,0,0,0,0,,
calibration_long_occlusion_1001,1001,long_occlusion,17,car_A.front_door,1,False,0,False,False,False,False,0,0,0,0,,
calibration_long_occlusion_1001,1001,long_occlusion,18,car_A.front_door,1,False,0,False,False,False,False,0,0,0,0,,
calibration_long_occlusion_1001,1001,long_occlusion,19,car_A.front_door,1,False,0,False,False,False,False,0,0,0,0,,
calibration_long_occlusion_1001,1001,long_occlusion,20,car_A.front_door,1,False,0,False,False,False,False,0,0,0,0,,
calibration_long_occlusion_1001,1001,long_occlusion,21,car_A.front_door,1,False,0,False,False,False,False,0,0,0,0,,
calibration_long_occlusion_1001,1001,long_occlusion,22,car_A.front_door,1,False,0,False,False,False,False,0,0,0,0,,
calibration_long_occlusion_1001,1001,long_occlusion,23,car_A.front_door,1,False,0,False,False,False,False,0,0,0,0,,
calibration_long_occlusion_1001,1001,long_occlusion,24,car_A.front_door,1,False,0,False,False,False,False,0,0,0,0,,
calibration_long_occlusion_1001,1001,long_occlusion,25,car_A.front_door,1,False,0,False,False,False,False,0,0,0,0,,
calibration_long_occlusion_1001,1001,long_occlusion,26,car_A.front_door,1,False,0,False,False,False,False,0,0,0,0,,
calibration_long_occlusion_1001,1001,long_occlusion,27,car_A.front_door,1,False,0,False,False,False,False,0,0,0,0,,
calibration_long_occlusion_1001,1001,long_occlusion,28,car_A.front_door,1,False,0,False,False,False,False,0,0,0,0,,
calibration_long_occlusion_1001,1001,long_occlusion,29,car_A.front_door,1,False,0,False,False,False,False,0,0,0,0,,
calibration_long_occlusion_1001,1001,long_occlusion,30,car_A.front_door,1,False,0,False,False,False,False,0,0,0,0,,
calibration_long_occlusion_1001,1001,long_occlusion,31,car_A.front_door,1,False,0,False,False,False,False,0,0,0,0,,
calibration_long_occlusion_1001,1001,long_occlusion,32,car_A.front_door,1,False,0,False,False,False,False,0,0,0,0,,
calibration_long_occlusion_1001,1001,long_occlusion,33,car_A.front_door,1,False,0,False,False,False,False,0,0,0,0,,
calibration_long_occlusion_1001,1001,long_occlusion,34,car_A.front_door,1,False,0,False,False,False,False,0,0,0,0,,
calibration_long_occlusion_1001,1001,long_occlusion,35,car_A.front_door,1,False,0,False,False,False,False,0,0,0,0,,
calibration_long_occlusion_1001,1001,long_occlusion,36,car_A.front_door,1,False,0,False,False,False,False,0,0,0,0,,
calibration_long_occlusion_1001,1001,long_occlusion,37,car_A.front_door,1,False,0,False,False,False,False,0,0,0,0,,
calibration_long_occlusion_1001,1001,long_occlusion,38,car_A.front_door,1,False,0,False,False,False,False,0,0,0,0,,
calibration_long_occlusion_1001,1001,long_occlusion,39,car_A.front_door,1,False,0,False,False,False,False,0,0,0,0,,
calibration_long_occlusion_1001,1001,long_occlusion,40,car_A.front_door,1,False,0,False,False,False,False,0,0,0,0,,
calibration_long_occlusion_1001,1001,long_occlusion,41,car_A.front_door,1,False,0,False,False,False,False,0,0,0,0,,
calibration_long_occlusion_1001,1001,long_occlusion,42,car_A.front_door,1,False,0,False,False,False,False,0,0,0,0,,
calibration_long_occlusion_1001,1001,long_occlusion,43,car_A.front_door,1,False,0,False,False,False,False,0,0,0,0,,
calibration_long_occlusion_1001,1001,long_occlusion,44,car_A.front_door,1,False,0,False,False,False,False,0,0,0,0,,
calibration_long_occlusion_1001,1001,long_occlusion,45,car_A.front_door,1,False,0,False,False,False,False,0,0,0,0,,
calibration_long_occlusion_1001,1001,long_occlusion,46,car_A.front_door,1,False,0,False,False,False,False,0,0,0,0,,
calibration_long_occlusion_1001,1001,long_occlusion,47,car_A.front_door,1,False,0,False,False,False,False,0,0,0,0,,
calibration_long_occlusion_1001,1001,long_occlusion,48,car_A.front_door,1,False,0,False,False,False,False,0,0,0,0,,
calibration_long_occlusion_1001,1001,long_occlusion,49,car_A.front_door,1,False,0,False,False,False,False,0,0,0,0,,
calibration_long_occlusion_1001,1001,long_occlusion,50,car_A.front_door,1,False,0,False,False,True,False,147,0,0,0,,
calibration_long_occlusion_1001,1001,long_occlusion,51,car_A.front_door,1,False,0,False,False,True,False,810,0,0,0,,
calibration_long_occlusion_1001,1001,long_occlusion,52,car_A.front_door,1,False,0,False,False,True,False,1565,0,0,0,,
calibration_long_occlusion_1001,1001,long_occlusion,53,car_A.front_door,1,False,0,False,False,True,False,2321,0,0,0,,
calibration_long_occlusion_1001,1001,long_occlusion,54,car_A.front_door,1,False,0,False,True,True,True,2755,2755,0,0,,
calibration_long_occlusion_1001,1001,long_occlusion,55,car_A.front_door,1,True,392,False,True,True,True,2752,2752,0,0,0.0,0.0
calibration_long_occlusion_1001,1001,long_occlusion,56,car_A.front_door,1,True,1120,True,True,True,True,2753,2753,0,0,0.0,0.0
calibration_long_occlusion_1001,1001,long_occlusion,57,car_A.front_door,1,True,1848,True,True,True,True,2757,2757,0,0,0.0,0.0
calibration_long_occlusion_1001,1001,long_occlusion,58,car_A.front_door,1,True,2464,True,True,True,True,2757,2757,0,0,0.0,0.0
calibration_long_occlusion_1001,1001,long_occlusion,59,car_A.front_door,1,True,3024,True,True,True,True,2753,2753,0,0,0.0,0.0
calibration_long_occlusion_1001,1001,long_occlusion,60,car_A.front_door,1,True,3304,True,True,True,True,2763,2763,0,0,0.0,0.0
calibration_long_occlusion_1001,1001,long_occlusion,61,car_A.front_door,1,True,3304,True,True,True,True,2763,2763,0,0,0.0,0.0
calibration_long_occlusion_1001,1001,long_occlusion,62,car_A.front_door,1,True,3304,True,True,True,True,2766,2766,0,0,0.0,0.0
calibration_long_occlusion_1001,1001,long_occlusion,63,car_A.front_door,1,True,3304,True,True,True,True,2764,2764,0,0,0.0,0.0
calibration_long_occlusion_1001,1001,long_occlusion,1,car_A.window,2,True,2052,True,True,True,True,2049,2049,2049,2049,0.9985380116959064,0.9985380116959064
calibration_long_occlusion_1001,1001,long_occlusion,2,car_A.window,2,True,2052,True,True,True,True,2049,2049,2049,2049,0.9985380116959064,0.9985380116959064
calibration_long_occlusion_1001,1001,long_occlusion,3,car_A.window,2,True,2052,True,True,True,True,2049,2049,2049,2049,0.9985380116959064,0.9985380116959064
calibration_long_occlusion_1001,1001,long_occlusion,4,car_A.window,2,True,2052,True,True,True,True,2050,2050,2050,2050,0.9990253411306043,0.9990253411306043
calibration_long_occlusion_1001,1001,long_occlusion,5,car_A.window,2,True,2052,True,True,True,True,2050,2050,2050,2050,0.9990253411306043,0.9990253411306043
calibration_long_occlusion_1001,1001,long_occlusion,6,car_A.window,2,True,2052,True,True,True,True,2050,2050,2050,2050,0.9990253411306043,0.9990253411306043
calibration_long_occlusion_1001,1001,long_occlusion,7,car_A.window,2,True,2052,True,True,True,True,2050,2050,2050,2050,0.9990253411306043,0.9990253411306043
calibration_long_occlusion_1001,1001,long_occlusion,8,car_A.window,2,True,1800,True,True,True,True,1798,1798,1798,1798,0.9988888888888889,0.9988888888888889
calibration_long_occlusion_1001,1001,long_occlusion,9,car_A.window,2,True,1296,True,True,True,True,1295,1295,1295,1295,0.9992283950617284,0.9992283950617284
calibration_long_occlusion_1001,1001,long_occlusion,10,car_A.window,2,True,756,False,False,True,False,756,0,756,0,1.0,0.0
calibration_long_occlusion_1001,1001,long_occlusion,11,car_A.window,2,True,180,False,False,True,False,180,0,180,0,1.0,0.0
calibration_long_occlusion_1001,1001,long_occlusion,12,car_A.window,2,False,0,False,False,False,False,0,0,0,0,,
calibration_long_occlusion_1001,1001,long_occlusion,13,car_A.window,2,False,0,False,False,False,False,0,0,0,0,,
calibration_long_occlusion_1001,1001,long_occlusion,14,car_A.window,2,False,0,False,False,False,False,0,0,0,0,,
calibration_long_occlusion_1001,1001,long_occlusion,15,car_A.window,2,False,0,False,False,False,False,0,0,0,0,,
calibration_long_occlusion_1001,1001,long_occlusion,16,car_A.window,2,False,0,False,False,False,False,0,0,0,0,,
calibration_long_occlusion_1001,1001,long_occlusion,17,car_A.window,2,False,0,False,False,False,False,0,0,0,0,,
calibration_long_occlusion_1001,1001,long_occlusion,18,car_A.window,2,False,0,False,False,False,False,0,0,0,0,,
calibration_long_occlusion_1001,1001,long_occlusion,19,car_A.window,2,False,0,False,False,False,False,0,0,0,0,,
calibration_long_occlusion_1001,1001,long_occlusion,20,car_A.window,2,False,0,False,False,False,False,0,0,0,0,,
calibration_long_occlusion_1001,1001,long_occlusion,21,car_A.window,2,False,0,False,False,False,False,0,0,0,0,,
calibration_long_occlusion_1001,1001,long_occlusion,22,car_A.window,2,False,0,False,False,False,False,0,0,0,0,,
calibration_long_occlusion_1001,1001,long_occlusion,23,car_A.window,2,False,0,False,False,False,False,0,0,0,0,,
calibration_long_occlusion_1001,1001,long_occlusion,24,car_A.window,2,False,0,False,False,False,False,0,0,0,0,,
calibration_long_occlusion_1001,1001,long_occlusion,25,car_A.window,2,False,0,False,False,False,False,0,0,0,0,,
calibration_long_occlusion_1001,1001,long_occlusion,26,car_A.window,2,False,0,False,False,False,False,0,0,0,0,,
calibration_long_occlusion_1001,1001,long_occlusion,27,car_A.window,2,False,0,False,False,False,False,0,0,0,0,,
calibration_long_occlusion_1001,1001,long_occlusion,28,car_A.window,2,False,0,False,False,False,False,0,0,0,0,,
calibration_long_occlusion_1001,1001,long_occlusion,29,car_A.window,2,False,0,False,False,False,False,0,0,0,0,,
calibration_long_occlusion_1001,1001,long_occlusion,30,car_A.window,2,False,0,False,False,False,False,0,0,0,0,,
calibration_long_occlusion_1001,1001,long_occlusion,31,car_A.window,2,False,0,False,False,False,False,0,0,0,0,,
calibration_long_occlusion_1001,1001,long_occlusion,32,car_A.window,2,False,0,False,False,False,False,0,0,0,0,,
calibration_long_occlusion_1001,1001,long_occlusion,33,car_A.window,2,False,0,False,False,False,False,0,0,0,0,,
calibration_long_occlusion_1001,1001,long_occlusion,34,car_A.window,2,False,0,False,False,False,False,0,0,0,0,,
calibration_long_occlusion_1001,1001,long_occlusion,35,car_A.window,2,False,0,False,False,False,False,0,0,0,0,,
calibration_long_occlusion_1001,1001,long_occlusion,36,car_A.window,2,False,0,False,False,False,False,0,0,0,0,,
calibration_long_occlusion_1001,1001,long_occlusion,37,car_A.window,2,False,0,False,False,False,False,0,0,0,0,,
calibration_long_occlusion_1001,1001,long_occlusion,38,car_A.window,2,False,0,False,False,False,False,0,0,0,0,,
calibration_long_occlusion_1001,1001,long_occlusion,39,car_A.window,2,False,0,False,False,False,False,0,0,0,0,,
calibration_long_occlusion_1001,1001,long_occlusion,40,car_A.window,2,False,0,False,False,False,False,0,0,0,0,,
calibration_long_occlusion_1001,1001,long_occlusion,41,car_A.window,2,False,0,False,False,False,False,0,0,0,0,,
calibration_long_occlusion_1001,1001,long_occlusion,42,car_A.window,2,False,0,False,False,False,False,0,0,0,0,,
calibration_long_occlusion_1001,1001,long_occlusion,43,car_A.window,2,False,0,False,False,False,False,0,0,0,0,,
calibration_long_occlusion_1001,1001,long_occlusion,44,car_A.window,2,False,0,False,False,False,False,0,0,0,0,,
calibration_long_occlusion_1001,1001,long_occlusion,45,car_A.window,2,False,0,False,False,False,False,0,0,0,0,,
calibration_long_occlusion_1001,1001,long_occlusion,46,car_A.window,2,False,0,False,False,False,False,0,0,0,0,,
calibration_long_occlusion_1001,1001,long_occlusion,47,car_A.window,2,False,0,False,False,False,False,0,0,0,0,,
calibration_long_occlusion_1001,1001,long_occlusion,48,car_A.window,2,False,0,False,False,False,False,0,0,0,0,,
calibration_long_occlusion_1001,1001,long_occlusion,49,car_A.window,2,False,0,False,False,False,False,0,0,0,0,,
calibration_long_occlusion_1001,1001,long_occlusion,50,car_A.window,2,False,0,False,False,False,False,0,0,0,0,,
calibration_long_occlusion_1001,1001,long_occlusion,51,car_A.window,2,False,0,False,False,True,False,311,0,0,0,,
calibration_long_occlusion_1001,1001,long_occlusion,52,car_A.window,2,False,0,False,False,True,False,745,0,0,0,,
calibration_long_occlusion_1001,1001,long_occlusion,53,car_A.window,2,False,0,False,False,True,False,1176,0,0,0,,
calibration_long_occlusion_1001,1001,long_occlusion,54,car_A.window,2,False,0,False,True,True,True,1394,1394,0,0,,
calibration_long_occlusion_1001,1001,long_occlusion,55,car_A.window,2,True,324,False,True,True,True,1394,1394,0,0,0.0,0.0
calibration_long_occlusion_1001,1001,long_occlusion,56,car_A.window,2,True,792,True,True,True,True,1393,1393,0,0,0.0,0.0
calibration_long_occlusion_1001,1001,long_occlusion,57,car_A.window,2,True,1260,True,True,True,True,1394,1394,0,0,0.0,0.0
calibration_long_occlusion_1001,1001,long_occlusion,58,car_A.window,2,True,1656,True,True,True,True,1393,1393,0,0,0.0,0.0
calibration_long_occlusion_1001,1001,long_occlusion,59,car_A.window,2,True,2016,True,True,True,True,1395,1395,0,0,0.0,0.0
calibration_long_occlusion_1001,1001,long_occlusion,60,car_A.window,2,True,2052,True,True,True,True,1394,1394,0,0,0.0,0.0
calibration_long_occlusion_1001,1001,long_occlusion,61,car_A.window,2,True,2052,True,True,True,True,1393,1393,0,0,0.0,0.0
calibration_long_occlusion_1001,1001,long_occlusion,62,car_A.window,2,True,2052,True,True,True,True,1395,1395,0,0,0.0,0.0
calibration_long_occlusion_1001,1001,long_occlusion,63,car_A.window,2,True,2052,True,True,True,True,1394,1394,0,0,0.0,0.0
calibration_long_occlusion_1001,1001,long_occlusion,1,car_B.front_door,3,True,3304,True,True,True,True,3302,3302,3302,3302,0.9993946731234867,0.9993946731234867
calibration_long_occlusion_1001,1001,long_occlusion,2,car_B.front_door,3,True,3304,True,True,True,True,3302,3302,3302,3302,0.9993946731234867,0.9993946731234867
calibration_long_occlusion_1001,1001,long_occlusion,3,car_B.front_door,3,True,3304,True,True,True,True,3302,3302,3302,3302,0.9993946731234867,0.9993946731234867
calibration_long_occlusion_1001,1001,long_occlusion,4,car_B.front_door,3,True,3304,True,True,True,True,3302,3302,3302,3302,0.9993946731234867,0.9993946731234867
calibration_long_occlusion_1001,1001,long_occlusion,5,car_B.front_door,3,True,3304,True,True,True,True,3302,3302,3302,3302,0.9993946731234867,0.9993946731234867
calibration_long_occlusion_1001,1001,long_occlusion,6,car_B.front_door,3,True,3304,True,True,True,True,3301,3301,3301,3301,0.99909200968523,0.99909200968523
calibration_long_occlusion_1001,1001,long_occlusion,7,car_B.front_door,3,True,3304,True,True,True,True,3303,3303,3303,3303,0.9996973365617433,0.9996973365617433
calibration_long_occlusion_1001,1001,long_occlusion,8,car_B.front_door,3,True,3304,True,True,True,True,3302,3302,3302,3302,0.9993946731234867,0.9993946731234867
calibration_long_occlusion_1001,1001,long_occlusion,9,car_B.front_door,3,True,3304,True,True,True,True,3302,3302,3302,3302,0.9993946731234867,0.9993946731234867
calibration_long_occlusion_1001,1001,long_occlusion,10,car_B.front_door,3,True,3304,True,True,True,True,3303,3303,3303,3303,0.9996973365617433,0.9996973365617433
calibration_long_occlusion_1001,1001,long_occlusion,11,car_B.front_door,3,True,3304,True,True,True,True,3302,3302,3302,3302,0.9993946731234867,0.9993946731234867
calibration_long_occlusion_1001,1001,long_occlusion,12,car_B.front_door,3,True,3304,True,True,True,True,3303,3303,3303,3303,0.9996973365617433,0.9996973365617433
calibration_long_occlusion_1001,1001,long_occlusion,13,car_B.front_door,3,True,3304,True,True,True,True,3303,3303,3303,3303,0.9996973365617433,0.9996973365617433
calibration_long_occlusion_1001,1001,long_occlusion,14,car_B.front_door,3,True,3304,True,True,True,True,3302,3302,3302,3302,0.9993946731234867,0.9993946731234867
calibration_long_occlusion_1001,1001,long_occlusion,15,car_B.front_door,3,True,3304,True,True,True,True,3302,3302,3302,3302,0.9993946731234867,0.9993946731234867
calibration_long_occlusion_1001,1001,long_occlusion,16,car_B.front_door,3,True,3304,True,True,True,True,3301,3301,3301,3301,0.99909200968523,0.99909200968523
calibration_long_occlusion_1001,1001,long_occlusion,17,car_B.front_door,3,True,3304,True,True,True,True,3303,3303,3303,3303,0.9996973365617433,0.9996973365617433
calibration_long_occlusion_1001,1001,long_occlusion,18,car_B.front_door,3,True,3304,True,True,True,True,3302,3302,3302,3302,0.9993946731234867,0.9993946731234867
calibration_long_occlusion_1001,1001,long_occlusion,19,car_B.front_door,3,True,3304,True,True,True,True,3303,3303,3303,3303,0.9996973365617433,0.9996973365617433
calibration_long_occlusion_1001,1001,long_occlusion,20,car_B.front_door,3,True,3304,True,True,True,True,3301,3301,3301,3301,0.99909200968523,0.99909200968523
calibration_long_occlusion_1001,1001,long_occlusion,21,car_B.front_door,3,True,3304,True,True,True,True,3303,3303,3303,3303,0.9996973365617433,0.9996973365617433
calibration_long_occlusion_1001,1001,long_occlusion,22,car_B.front_door,3,True,3304,True,True,True,True,3303,3303,3303,3303,0.9996973365617433,0.9996973365617433
calibration_long_occlusion_1001,1001,long_occlusion,23,car_B.front_door,3,True,3304,True,True,True,True,3303,3303,3303,3303,0.9996973365617433,0.9996973365617433
calibration_long_occlusion_1001,1001,long_occlusion,24,car_B.front_door,3,True,3304,True,True,True,True,3302,3302,3302,3302,0.9993946731234867,0.9993946731234867
calibration_long_occlusion_1001,1001,long_occlusion,25,car_B.front_door,3,True,3304,True,True,True,True,3303,3303,3303,3303,0.9996973365617433,0.9996973365617433
calibration_long_occlusion_1001,1001,long_occlusion,26,car_B.front_door,3,True,3304,True,True,True,True,3303,3303,3303,3303,0.9996973365617433,0.9996973365617433
calibration_long_occlusion_1001,1001,long_occlusion,27,car_B.front_door,3,True,3304,True,True,True,True,3303,3303,3303,3303,0.9996973365617433,0.9996973365617433
calibration_long_occlusion_1001,1001,long_occlusion,28,car_B.front_door,3,True,3304,True,True,True,True,3301,3301,3301,3301,0.99909200968523,0.99909200968523
calibration_long_occlusion_1001,1001,long_occlusion,29,car_B.front_door,3,True,3304,True,True,True,True,3304,3304,3303,3303,0.9993948562783661,0.9993948562783661
calibration_long_occlusion_1001,1001,long_occlusion,30,car_B.front_door,3,True,3304,True,True,True,True,3304,3304,3304,3304,1.0,1.0
calibration_long_occlusion_1001,1001,long_occlusion,31,car_B.front_door,3,True,3304,True,True,True,True,3303,3303,3303,3303,0.9996973365617433,0.9996973365617433
calibration_long_occlusion_1001,1001,long_occlusion,32,car_B.front_door,3,True,3304,True,True,True,True,3304,3304,3303,3303,0.9993948562783661,0.9993948562783661
calibration_long_occlusion_1001,1001,long_occlusion,33,car_B.front_door,3,True,3304,True,True,True,True,3301,3301,3301,3301,0.99909200968523,0.99909200968523
calibration_long_occlusion_1001,1001,long_occlusion,34,car_B.front_door,3,True,3304,True,True,True,True,3304,3304,3304,3304,1.0,1.0
calibration_long_occlusion_1001,1001,long_occlusion,35,car_B.front_door,3,True,3304,True,True,True,True,3303,3303,3303,3303,0.9996973365617433,0.9996973365617433
calibration_long_occlusion_1001,1001,long_occlusion,36,car_B.front_door,3,True,3304,True,True,True,True,3304,3304,3303,3303,0.9993948562783661,0.9993948562783661
calibration_long_occlusion_1001,1001,long_occlusion,37,car_B.front_door,3,True,3304,True,True,True,True,3302,3302,3301,3301,0.9987897125567322,0.9987897125567322
calibration_long_occlusion_1001,1001,long_occlusion,38,car_B.front_door,3,True,3304,True,True,True,True,3303,3303,3303,3303,0.9996973365617433,0.9996973365617433
calibration_long_occlusion_1001,1001,long_occlusion,39,car_B.front_door,3,True,3304,True,True,True,True,3304,3304,3303,3303,0.9993948562783661,0.9993948562783661
calibration_long_occlusion_1001,1001,long_occlusion,40,car_B.front_door,3,True,3304,True,True,True,True,3301,3301,3301,3301,0.99909200968523,0.99909200968523
calibration_long_occlusion_1001,1001,long_occlusion,41,car_B.front_door,3,True,3304,True,True,True,True,3302,3302,3302,3302,0.9993946731234867,0.9993946731234867
calibration_long_occlusion_1001,1001,long_occlusion,42,car_B.front_door,3,True,3304,True,True,True,True,3304,3304,3303,3303,0.9993948562783661,0.9993948562783661
calibration_long_occlusion_1001,1001,long_occlusion,43,car_B.front_door,3,True,3304,True,True,True,True,3301,3301,3301,3301,0.99909200968523,0.99909200968523
calibration_long_occlusion_1001,1001,long_occlusion,44,car_B.front_door,3,True,3304,True,True,True,True,3303,3303,3302,3302,0.9990922844175492,0.9990922844175492
calibration_long_occlusion_1001,1001,long_occlusion,45,car_B.front_door,3,True,3304,True,True,True,True,3301,3301,3301,3301,0.99909200968523,0.99909200968523
calibration_long_occlusion_1001,1001,long_occlusion,46,car_B.front_door,3,True,3304,True,True,True,True,3303,3303,3303,3303,0.9996973365617433,0.9996973365617433
calibration_long_occlusion_1001,1001,long_occlusion,47,car_B.front_door,3,True,3304,True,True,True,True,3303,3303,3301,3301,0.9984875983061101,0.9984875983061101
calibration_long_occlusion_1001,1001,long_occlusion,48,car_B.front_door,3,True,3304,True,True,True,True,3303,3303,3303,3303,0.9996973365617433,0.9996973365617433
calibration_long_occlusion_1001,1001,long_occlusion,49,car_B.front_door,3,True,3304,True,True,True,True,3304,3304,3302,3302,0.9987900786448881,0.9987900786448881
calibration_long_occlusion_1001,1001,long_occlusion,50,car_B.front_door,3,True,3304,True,True,True,True,3303,3303,3303,3303,0.9996973365617433,0.9996973365617433
calibration_long_occlusion_1001,1001,long_occlusion,51,car_B.front_door,3,True,3304,True,True,True,True,3302,3302,3301,3301,0.9987897125567322,0.9987897125567322
calibration_long_occlusion_1001,1001,long_occlusion,52,car_B.front_door,3,True,3304,True,True,True,True,3302,3302,3302,3302,0.9993946731234867,0.9993946731234867
calibration_long_occlusion_1001,1001,long_occlusion,53,car_B.front_door,3,True,3304,True,True,True,True,3303,3303,3303,3303,0.9996973365617433,0.9996973365617433
calibration_long_occlusion_1001,1001,long_occlusion,54,car_B.front_door,3,True,3304,True,True,True,True,3302,3302,3302,3302,0.9993946731234867,0.9993946731234867
calibration_long_occlusion_1001,1001,long_occlusion,55,car_B.front_door,3,True,3304,True,True,True,True,3305,3305,3304,3304,0.999697428139183,0.999697428139183
calibration_long_occlusion_1001,1001,long_occlusion,56,car_B.front_door,3,True,3304,True,True,True,True,3302,3302,3302,3302,0.9993946731234867,0.9993946731234867
calibration_long_occlusion_1001,1001,long_occlusion,57,car_B.front_door,3,True,3304,True,True,True,True,3302,3302,3301,3301,0.9987897125567322,0.9987897125567322
calibration_long_occlusion_1001,1001,long_occlusion,58,car_B.front_door,3,True,3304,True,True,True,True,3302,3302,3302,3302,0.9993946731234867,0.9993946731234867
calibration_long_occlusion_1001,1001,long_occlusion,59,car_B.front_door,3,True,3304,True,True,True,True,3304,3304,3303,3303,0.9993948562783661,0.9993948562783661
calibration_long_occlusion_1001,1001,long_occlusion,60,car_B.front_door,3,True,3304,True,True,True,True,3302,3302,3302,3302,0.9993946731234867,0.9993946731234867
calibration_long_occlusion_1001,1001,long_occlusion,61,car_B.front_door,3,True,3304,True,True,True,True,3303,3303,3303,3303,0.9996973365617433,0.9996973365617433
calibration_long_occlusion_1001,1001,long_occlusion,62,car_B.front_door,3,True,3304,True,True,True,True,3302,3302,3302,3302,0.9993946731234867,0.9993946731234867
calibration_long_occlusion_1001,1001,long_occlusion,63,car_B.front_door,3,True,3304,True,True,True,True,3302,3302,3302,3302,0.9993946731234867,0.9993946731234867
calibration_long_occlusion_1001,1001,long_occlusion,1,car_B.window,4,True,2052,True,True,True,True,2050,2050,2050,2050,0.9990253411306043,0.9990253411306043
calibration_long_occlusion_1001,1001,long_occlusion,2,car_B.window,4,True,2052,True,True,True,True,2050,2050,2050,2050,0.9990253411306043,0.9990253411306043
calibration_long_occlusion_1001,1001,long_occlusion,3,car_B.window,4,True,2052,True,True,True,True,2050,2050,2050,2050,0.9990253411306043,0.9990253411306043
calibration_long_occlusion_1001,1001,long_occlusion,4,car_B.window,4,True,2052,True,True,True,True,2050,2050,2050,2050,0.9990253411306043,0.9990253411306043
calibration_long_occlusion_1001,1001,long_occlusion,5,car_B.window,4,True,2052,True,True,True,True,2051,2051,2051,2051,0.9995126705653021,0.9995126705653021
calibration_long_occlusion_1001,1001,long_occlusion,6,car_B.window,4,True,2052,True,True,True,True,2051,2051,2051,2051,0.9995126705653021,0.9995126705653021
calibration_long_occlusion_1001,1001,long_occlusion,7,car_B.window,4,True,2052,True,True,True,True,2051,2051,2051,2051,0.9995126705653021,0.9995126705653021
calibration_long_occlusion_1001,1001,long_occlusion,8,car_B.window,4,True,2052,True,True,True,True,2051,2051,2051,2051,0.9995126705653021,0.9995126705653021
calibration_long_occlusion_1001,1001,long_occlusion,9,car_B.window,4,True,2052,True,True,True,True,2051,2051,2051,2051,0.9995126705653021,0.9995126705653021
calibration_long_occlusion_1001,1001,long_occlusion,10,car_B.window,4,True,2052,True,True,True,True,2051,2051,2051,2051,0.9995126705653021,0.9995126705653021
calibration_long_occlusion_1001,1001,long_occlusion,11,car_B.window,4,True,2052,True,True,True,True,2051,2051,2051,2051,0.9995126705653021,0.9995126705653021
calibration_long_occlusion_1001,1001,long_occlusion,12,car_B.window,4,True,2052,True,True,True,True,2050,2050,2050,2050,0.9990253411306043,0.9990253411306043
calibration_long_occlusion_1001,1001,long_occlusion,13,car_B.window,4,True,2052,True,True,True,True,2051,2051,2051,2051,0.9995126705653021,0.9995126705653021
calibration_long_occlusion_1001,1001,long_occlusion,14,car_B.window,4,True,2052,True,True,True,True,2051,2051,2051,2051,0.9995126705653021,0.9995126705653021
calibration_long_occlusion_1001,1001,long_occlusion,15,car_B.window,4,True,2052,True,True,True,True,2050,2050,2050,2050,0.9990253411306043,0.9990253411306043
calibration_long_occlusion_1001,1001,long_occlusion,16,car_B.window,4,True,2052,True,True,True,True,2051,2051,2051,2051,0.9995126705653021,0.9995126705653021
calibration_long_occlusion_1001,1001,long_occlusion,17,car_B.window,4,True,2052,True,True,True,True,2051,2051,2051,2051,0.9995126705653021,0.9995126705653021
calibration_long_occlusion_1001,1001,long_occlusion,18,car_B.window,4,True,2052,True,True,True,True,2050,2050,2050,2050,0.9990253411306043,0.9990253411306043
calibration_long_occlusion_1001,1001,long_occlusion,19,car_B.window,4,True,2052,True,True,True,True,2051,2051,2051,2051,0.9995126705653021,0.9995126705653021
calibration_long_occlusion_1001,1001,long_occlusion,20,car_B.window,4,True,2052,True,True,True,True,2050,2050,2050,2050,0.9990253411306043,0.9990253411306043
calibration_long_occlusion_1001,1001,long_occlusion,21,car_B.window,4,True,2052,True,True,True,True,2050,2050,2050,2050,0.9990253411306043,0.9990253411306043
calibration_long_occlusion_1001,1001,long_occlusion,22,car_B.window,4,True,2052,True,True,True,True,2050,2050,2050,2050,0.9990253411306043,0.9990253411306043
calibration_long_occlusion_1001,1001,long_occlusion,23,car_B.window,4,True,2052,True,True,True,True,2051,2051,2051,2051,0.9995126705653021,0.9995126705653021
calibration_long_occlusion_1001,1001,long_occlusion,24,car_B.window,4,True,2052,True,True,True,True,2051,2051,2051,2051,0.9995126705653021,0.9995126705653021
calibration_long_occlusion_1001,1001,long_occlusion,25,car_B.window,4,True,2052,True,True,True,True,2051,2051,2051,2051,0.9995126705653021,0.9995126705653021
calibration_long_occlusion_1001,1001,long_occlusion,26,car_B.window,4,True,2052,True,True,True,True,2050,2050,2050,2050,0.9990253411306043,0.9990253411306043
calibration_long_occlusion_1001,1001,long_occlusion,27,car_B.window,4,True,2052,True,True,True,True,2050,2050,2050,2050,0.9990253411306043,0.9990253411306043
calibration_long_occlusion_1001,1001,long_occlusion,28,car_B.window,4,True,2052,True,True,True,True,2051,2051,2051,2051,0.9995126705653021,0.9995126705653021
calibration_long_occlusion_1001,1001,long_occlusion,29,car_B.window,4,True,2052,True,True,True,True,2051,2051,2051,2051,0.9995126705653021,0.9995126705653021
calibration_long_occlusion_1001,1001,long_occlusion,30,car_B.window,4,True,2052,True,True,True,True,2051,2051,2051,2051,0.9995126705653021,0.9995126705653021
calibration_long_occlusion_1001,1001,long_occlusion,31,car_B.window,4,True,2052,True,True,True,True,2050,2050,2050,2050,0.9990253411306043,0.9990253411306043
calibration_long_occlusion_1001,1001,long_occlusion,32,car_B.window,4,True,2052,True,True,True,True,2051,2051,2051,2051,0.9995126705653021,0.9995126705653021
calibration_long_occlusion_1001,1001,long_occlusion,33,car_B.window,4,True,2052,True,True,True,True,2050,2050,2050,2050,0.9990253411306043,0.9990253411306043
calibration_long_occlusion_1001,1001,long_occlusion,34,car_B.window,4,True,2052,True,True,True,True,2050,2050,2050,2050,0.9990253411306043,0.9990253411306043
calibration_long_occlusion_1001,1001,long_occlusion,35,car_B.window,4,True,2052,True,True,True,True,2050,2050,2050,2050,0.9990253411306043,0.9990253411306043
calibration_long_occlusion_1001,1001,long_occlusion,36,car_B.window,4,True,2052,True,True,True,True,2051,2051,2051,2051,0.9995126705653021,0.9995126705653021
calibration_long_occlusion_1001,1001,long_occlusion,37,car_B.window,4,True,2052,True,True,True,True,2050,2050,2050,2050,0.9990253411306043,0.9990253411306043
calibration_long_occlusion_1001,1001,long_occlusion,38,car_B.window,4,True,2052,True,True,True,True,2050,2050,2050,2050,0.9990253411306043,0.9990253411306043
calibration_long_occlusion_1001,1001,long_occlusion,39,car_B.window,4,True,2052,True,True,True,True,2051,2051,2051,2051,0.9995126705653021,0.9995126705653021
calibration_long_occlusion_1001,1001,long_occlusion,40,car_B.window,4,True,2052,True,True,True,True,2050,2050,2050,2050,0.9990253411306043,0.9990253411306043
calibration_long_occlusion_1001,1001,long_occlusion,41,car_B.window,4,True,2052,True,True,True,True,2050,2050,2050,2050,0.9990253411306043,0.9990253411306043
calibration_long_occlusion_1001,1001,long_occlusion,42,car_B.window,4,True,2052,True,True,True,True,2051,2051,2051,2051,0.9995126705653021,0.9995126705653021
calibration_long_occlusion_1001,1001,long_occlusion,43,car_B.window,4,True,2052,True,True,True,True,2050,2050,2050,2050,0.9990253411306043,0.9990253411306043
calibration_long_occlusion_1001,1001,long_occlusion,44,car_B.window,4,True,2052,True,True,True,True,2050,2050,2050,2050,0.9990253411306043,0.9990253411306043
calibration_long_occlusion_1001,1001,long_occlusion,45,car_B.window,4,True,2052,True,True,True,True,2051,2051,2051,2051,0.9995126705653021,0.9995126705653021
calibration_long_occlusion_1001,1001,long_occlusion,46,car_B.window,4,True,2052,True,True,True,True,2050,2050,2050,2050,0.9990253411306043,0.9990253411306043
calibration_long_occlusion_1001,1001,long_occlusion,47,car_B.window,4,True,2052,True,True,True,True,2051,2051,2051,2051,0.9995126705653021,0.9995126705653021
calibration_long_occlusion_1001,1001,long_occlusion,48,car_B.window,4,True,2052,True,True,True,True,2050,2050,2050,2050,0.9990253411306043,0.9990253411306043
calibration_long_occlusion_1001,1001,long_occlusion,49,car_B.window,4,True,2052,True,True,True,True,2051,2051,2051,2051,0.9995126705653021,0.9995126705653021
calibration_long_occlusion_1001,1001,long_occlusion,50,car_B.window,4,True,2052,True,True,True,True,2050,2050,2050,2050,0.9990253411306043,0.9990253411306043
calibration_long_occlusion_1001,1001,long_occlusion,51,car_B.window,4,True,2052,True,True,True,True,2051,2051,2051,2051,0.9995126705653021,0.9995126705653021
calibration_long_occlusion_1001,1001,long_occlusion,52,car_B.window,4,True,2052,True,True,True,True,2050,2050,2050,2050,0.9990253411306043,0.9990253411306043
calibration_long_occlusion_1001,1001,long_occlusion,53,car_B.window,4,True,2052,True,True,True,True,2051,2051,2051,2051,0.9995126705653021,0.9995126705653021
calibration_long_occlusion_1001,1001,long_occlusion,54,car_B.window,4,True,2052,True,True,True,True,2051,2051,2051,2051,0.9995126705653021,0.9995126705653021
calibration_long_occlusion_1001,1001,long_occlusion,55,car_B.window,4,True,2052,True,True,True,True,2050,2050,2050,2050,0.9990253411306043,0.9990253411306043
calibration_long_occlusion_1001,1001,long_occlusion,56,car_B.window,4,True,2052,True,True,True,True,2050,2050,2050,2050,0.9990253411306043,0.9990253411306043
calibration_long_occlusion_1001,1001,long_occlusion,57,car_B.window,4,True,2052,True,True,True,True,2051,2051,2051,2051,0.9995126705653021,0.9995126705653021
calibration_long_occlusion_1001,1001,long_occlusion,58,car_B.window,4,True,2052,True,True,True,True,2051,2051,2051,2051,0.9995126705653021,0.9995126705653021
calibration_long_occlusion_1001,1001,long_occlusion,59,car_B.window,4,True,2052,True,True,True,True,2051,2051,2051,2051,0.9995126705653021,0.9995126705653021
calibration_long_occlusion_1001,1001,long_occlusion,60,car_B.window,4,True,2052,True,True,True,True,2050,2050,2050,2050,0.9990253411306043,0.9990253411306043
calibration_long_occlusion_1001,1001,long_occlusion,61,car_B.window,4,True,2052,True,True,True,True,2051,2051,2051,2051,0.9995126705653021,0.9995126705653021
calibration_long_occlusion_1001,1001,long_occlusion,62,car_B.window,4,True,2052,True,True,True,True,2051,2051,2051,2051,0.9995126705653021,0.9995126705653021
calibration_long_occlusion_1001,1001,long_occlusion,63,car_B.window,4,True,2052,True,True,True,True,2051,2051,2051,2051,0.9995126705653021,0.9995126705653021
calibration_crossing_1100,1100,crossing,1,car_A.front_door,1,True,3304,True,True,True,True,3303,3303,3303,3303,0.9996973365617433,0.9996973365617433
calibration_crossing_1100,1100,crossing,2,car_A.front_door,1,True,3304,True,True,True,True,3302,3302,3302,3302,0.9993946731234867,0.9993946731234867
calibration_crossing_1100,1100,crossing,3,car_A.front_door,1,True,3304,True,True,True,True,3302,3302,3302,3302,0.9993946731234867,0.9993946731234867
calibration_crossing_1100,1100,crossing,4,car_A.front_door,1,True,3304,True,True,True,True,3306,3306,3302,3302,0.998186215235792,0.998186215235792
calibration_crossing_1100,1100,crossing,5,car_A.front_door,1,True,3304,True,True,True,True,3347,3347,3303,3303,0.9865591397849462,0.9865591397849462
calibration_crossing_1100,1100,crossing,6,car_A.front_door,1,True,3304,True,True,True,True,3303,3303,3303,3303,0.9996973365617433,0.9996973365617433
calibration_crossing_1100,1100,crossing,7,car_A.front_door,1,True,3304,True,True,True,True,3303,3303,3303,3303,0.9996973365617433,0.9996973365617433
calibration_crossing_1100,1100,crossing,8,car_A.front_door,1,True,3304,True,True,True,True,3301,3301,3301,3301,0.99909200968523,0.99909200968523
calibration_crossing_1100,1100,crossing,9,car_A.front_door,1,True,3304,True,True,True,True,3302,3302,3302,3302,0.9993946731234867,0.9993946731234867
calibration_crossing_1100,1100,crossing,10,car_A.front_door,1,True,3304,True,True,True,True,3303,3303,3303,3303,0.9996973365617433,0.9996973365617433
calibration_crossing_1100,1100,crossing,11,car_A.front_door,1,True,3304,True,True,True,True,3303,3303,3303,3303,0.9996973365617433,0.9996973365617433
calibration_crossing_1100,1100,crossing,12,car_A.front_door,1,True,3304,True,True,True,True,3304,3304,3304,3304,1.0,1.0
calibration_crossing_1100,1100,crossing,13,car_A.front_door,1,True,3304,True,True,True,True,3301,3301,3301,3301,0.99909200968523,0.99909200968523
calibration_crossing_1100,1100,crossing,14,car_A.front_door,1,True,3304,True,True,True,True,3300,3300,3300,3300,0.9987893462469734,0.9987893462469734
calibration_crossing_1100,1100,crossing,15,car_A.front_door,1,True,3304,True,True,True,True,3303,3303,3303,3303,0.9996973365617433,0.9996973365617433
calibration_crossing_1100,1100,crossing,16,car_A.front_door,1,True,3304,True,True,True,True,3303,3303,3303,3303,0.9996973365617433,0.9996973365617433
calibration_crossing_1100,1100,crossing,17,car_A.front_door,1,True,3304,True,True,True,True,3301,3301,3301,3301,0.99909200968523,0.99909200968523
calibration_crossing_1100,1100,crossing,18,car_A.front_door,1,True,3304,True,True,True,True,3302,3302,3302,3302,0.9993946731234867,0.9993946731234867
calibration_crossing_1100,1100,crossing,19,car_A.front_door,1,True,3304,True,True,True,True,3303,3303,3303,3303,0.9996973365617433,0.9996973365617433
calibration_crossing_1100,1100,crossing,20,car_A.front_door,1,True,3291,True,True,True,True,3287,3287,3287,3287,0.9987845639623215,0.9987845639623215
calibration_crossing_1100,1100,crossing,21,car_A.front_door,1,True,3128,True,True,True,True,3124,3124,3124,3124,0.9987212276214834,0.9987212276214834
calibration_crossing_1100,1100,crossing,22,car_A.front_door,1,True,2716,True,True,True,True,2715,2715,2713,2713,0.9981604120676968,0.9981604120676968
calibration_crossing_1100,1100,crossing,23,car_A.front_door,1,True,2144,True,True,True,True,2140,2140,2138,2138,0.9962721342031687,0.9962721342031687
calibration_crossing_1100,1100,crossing,24,car_A.front_door,1,True,1412,False,False,True,False,1413,0,1412,0,0.9992922859164898,0.0
calibration_crossing_1100,1100,crossing,25,car_A.front_door,1,True,724,False,False,True,False,733,0,724,0,0.9877216916780355,0.0
calibration_crossing_1100,1100,crossing,26,car_A.front_door,1,True,236,False,False,True,False,285,0,236,0,0.8280701754385965,0.0
calibration_crossing_1100,1100,crossing,27,car_A.front_door,1,False,0,False,False,False,False,0,0,0,0,,
calibration_crossing_1100,1100,crossing,28,car_A.front_door,1,False,0,False,False,False,False,0,0,0,0,,
calibration_crossing_1100,1100,crossing,29,car_A.front_door,1,False,0,False,False,False,False,0,0,0,0,,
calibration_crossing_1100,1100,crossing,30,car_A.front_door,1,False,0,False,False,True,False,90,0,0,0,,
calibration_crossing_1100,1100,crossing,31,car_A.front_door,1,False,0,False,False,True,False,3320,0,0,0,,
calibration_crossing_1100,1100,crossing,32,car_A.front_door,1,True,14,False,True,True,True,3339,3339,0,0,0.0,0.0
calibration_crossing_1100,1100,crossing,33,car_A.front_door,1,True,676,False,True,True,True,3325,3325,0,0,0.0,0.0
calibration_crossing_1100,1100,crossing,34,car_A.front_door,1,True,1391,True,True,True,True,3303,3303,0,0,0.0,0.0
calibration_crossing_1100,1100,crossing,35,car_A.front_door,1,True,2245,True,True,True,True,3311,3311,0,0,0.0,0.0
calibration_crossing_1100,1100,crossing,36,car_A.front_door,1,True,2864,True,True,True,True,3299,3299,0,0,0.0,0.0
calibration_crossing_1100,1100,crossing,37,car_A.front_door,1,True,3177,True,True,True,True,3302,3302,0,0,0.0,0.0
calibration_crossing_1100,1100,crossing,38,car_A.front_door,1,True,3304,True,True,True,True,3302,3302,0,0,0.0,0.0
calibration_crossing_1100,1100,crossing,39,car_A.front_door,1,True,3304,True,True,True,True,3306,3306,0,0,0.0,0.0
calibration_crossing_1100,1100,crossing,40,car_A.front_door,1,True,3304,True,True,True,True,3304,3304,0,0,0.0,0.0
calibration_crossing_1100,1100,crossing,41,car_A.front_door,1,True,3304,True,True,True,True,3302,3302,0,0,0.0,0.0
calibration_crossing_1100,1100,crossing,42,car_A.front_door,1,True,3304,True,True,True,True,3309,3309,0,0,0.0,0.0
calibration_crossing_1100,1100,crossing,43,car_A.front_door,1,True,3304,True,True,True,True,3352,3352,0,0,0.0,0.0
calibration_crossing_1100,1100,crossing,44,car_A.front_door,1,True,3304,True,True,True,True,3302,3302,0,0,0.0,0.0
calibration_crossing_1100,1100,crossing,45,car_A.front_door,1,True,3304,True,True,True,True,3307,3307,0,0,0.0,0.0
calibration_crossing_1100,1100,crossing,46,car_A.front_door,1,True,3304,True,True,True,True,3302,3302,0,0,0.0,0.0
calibration_crossing_1100,1100,crossing,47,car_A.front_door,1,True,3304,True,True,True,True,3369,3369,0,0,0.0,0.0
calibration_crossing_1100,1100,crossing,48,car_A.front_door,1,True,3304,True,True,True,True,3334,3334,0,0,0.0,0.0
calibration_crossing_1100,1100,crossing,49,car_A.front_door,1,True,3304,True,True,True,True,3325,3325,0,0,0.0,0.0
calibration_crossing_1100,1100,crossing,50,car_A.front_door,1,True,3304,True,True,True,True,3317,3317,0,0,0.0,0.0
calibration_crossing_1100,1100,crossing,51,car_A.front_door,1,True,3304,True,True,True,True,3334,3334,0,0,0.0,0.0
calibration_crossing_1100,1100,crossing,52,car_A.front_door,1,True,3304,True,True,True,True,3305,3305,0,0,0.0,0.0
calibration_crossing_1100,1100,crossing,53,car_A.front_door,1,True,3304,True,True,True,True,3326,3326,0,0,0.0,0.0
calibration_crossing_1100,1100,crossing,54,car_A.front_door,1,True,3304,True,True,True,True,3319,3319,0,0,0.0,0.0
calibration_crossing_1100,1100,crossing,55,car_A.front_door,1,True,3304,True,True,True,True,3302,3302,0,0,0.0,0.0
calibration_crossing_1100,1100,crossing,56,car_A.front_door,1,True,3304,True,True,True,True,3321,3321,0,0,0.0,0.0
calibration_crossing_1100,1100,crossing,57,car_A.front_door,1,True,3304,True,True,True,True,3307,3307,0,0,0.0,0.0
calibration_crossing_1100,1100,crossing,58,car_A.front_door,1,True,3304,True,True,True,True,3305,3305,0,0,0.0,0.0
calibration_crossing_1100,1100,crossing,59,car_A.front_door,1,True,3304,True,True,True,True,3305,3305,0,0,0.0,0.0
calibration_crossing_1100,1100,crossing,60,car_A.front_door,1,True,3304,True,True,True,True,3314,3314,0,0,0.0,0.0
calibration_crossing_1100,1100,crossing,61,car_A.front_door,1,True,3304,True,True,True,True,3309,3309,0,0,0.0,0.0
calibration_crossing_1100,1100,crossing,62,car_A.front_door,1,True,3304,True,True,True,True,3316,3316,0,0,0.0,0.0
calibration_crossing_1100,1100,crossing,63,car_A.front_door,1,True,3304,True,True,True,True,3304,3304,0,0,0.0,0.0
calibration_crossing_1100,1100,crossing,1,car_A.window,2,True,2052,True,True,True,True,2049,2049,2049,2049,0.9985380116959064,0.9985380116959064
calibration_crossing_1100,1100,crossing,2,car_A.window,2,True,2052,True,True,True,True,2049,2049,2049,2049,0.9985380116959064,0.9985380116959064
calibration_crossing_1100,1100,crossing,3,car_A.window,2,True,2052,True,True,True,True,2049,2049,2049,2049,0.9985380116959064,0.9985380116959064
calibration_crossing_1100,1100,crossing,4,car_A.window,2,True,2052,True,True,True,True,2050,2050,2050,2050,0.9990253411306043,0.9990253411306043
calibration_crossing_1100,1100,crossing,5,car_A.window,2,True,2052,True,True,True,True,2050,2050,2050,2050,0.9990253411306043,0.9990253411306043
calibration_crossing_1100,1100,crossing,6,car_A.window,2,True,2052,True,True,True,True,2050,2050,2050,2050,0.9990253411306043,0.9990253411306043
calibration_crossing_1100,1100,crossing,7,car_A.window,2,True,2052,True,True,True,True,2050,2050,2050,2050,0.9990253411306043,0.9990253411306043
calibration_crossing_1100,1100,crossing,8,car_A.window,2,True,2052,True,True,True,True,2061,2061,2050,2050,0.9936984973339796,0.9936984973339796
calibration_crossing_1100,1100,crossing,9,car_A.window,2,True,2052,True,True,True,True,2051,2051,2051,2051,0.9995126705653021,0.9995126705653021
calibration_crossing_1100,1100,crossing,10,car_A.window,2,True,2052,True,True,True,True,2050,2050,2050,2050,0.9990253411306043,0.9990253411306043
calibration_crossing_1100,1100,crossing,11,car_A.window,2,True,2052,True,True,True,True,2096,2096,2051,2051,0.978063900810682,0.978063900810682
calibration_crossing_1100,1100,crossing,12,car_A.window,2,True,2052,True,True,True,True,2050,2050,2050,2050,0.9990253411306043,0.9990253411306043
calibration_crossing_1100,1100,crossing,13,car_A.window,2,True,2052,True,True,True,True,2050,2050,2050,2050,0.9990253411306043,0.9990253411306043
calibration_crossing_1100,1100,crossing,14,car_A.window,2,True,2052,True,True,True,True,2049,2049,2049,2049,0.9985380116959064,0.9985380116959064
calibration_crossing_1100,1100,crossing,15,car_A.window,2,True,2052,True,True,True,True,2050,2050,2050,2050,0.9990253411306043,0.9990253411306043
calibration_crossing_1100,1100,crossing,16,car_A.window,2,True,2052,True,True,True,True,2051,2051,2050,2050,0.9985387238188017,0.9985387238188017
calibration_crossing_1100,1100,crossing,17,car_A.window,2,True,2052,True,True,True,True,2049,2049,2049,2049,0.9985380116959064,0.9985380116959064
calibration_crossing_1100,1100,crossing,18,car_A.window,2,True,2052,True,True,True,True,2052,2052,2050,2050,0.9980525803310614,0.9980525803310614
calibration_crossing_1100,1100,crossing,19,car_A.window,2,True,2052,True,True,True,True,2050,2050,2050,2050,0.9990253411306043,0.9990253411306043
calibration_crossing_1100,1100,crossing,20,car_A.window,2,True,2052,True,True,True,True,2049,2049,2049,2049,0.9985380116959064,0.9985380116959064
calibration_crossing_1100,1100,crossing,21,car_A.window,2,True,2052,True,True,True,True,2083,2083,2050,2050,0.9832134292565947,0.9832134292565947
calibration_crossing_1100,1100,crossing,22,car_A.window,2,True,2052,True,True,True,True,2049,2049,2049,2049,0.9985380116959064,0.9985380116959064
calibration_crossing_1100,1100,crossing,23,car_A.window,2,True,2052,True,True,True,True,2050,2050,2050,2050,0.9990253411306043,0.9990253411306043
calibration_crossing_1100,1100,crossing,24,car_A.window,2,True,2052,True,True,True,True,2064,2064,2048,2048,0.9903288201160542,0.9903288201160542
calibration_crossing_1100,1100,crossing,25,car_A.window,2,True,2052,True,True,True,True,2052,2052,2050,2050,0.9980525803310614,0.9980525803310614
calibration_crossing_1100,1100,crossing,26,car_A.window,2,True,2052,True,True,True,True,2051,2051,2050,2050,0.9985387238188017,0.9985387238188017
calibration_crossing_1100,1100,crossing,27,car_A.window,2,True,1995,True,True,True,True,1993,1993,1993,1993,0.9989974937343359,0.9989974937343359
calibration_crossing_1100,1100,crossing,28,car_A.window,2,True,1539,True,False,True,False,1537,0,1537,0,0.9987004548408057,0.0
calibration_crossing_1100,1100,crossing,29,car_A.window,2,True,973,True,False,True,False,973,0,970,0,0.9938524590163934,0.0
calibration_crossing_1100,1100,crossing,30,car_A.window,2,True,583,False,False,True,False,612,0,579,0,0.939935064935065,0.0
calibration_crossing_1100,1100,crossing,31,car_A.window,2,True,304,False,False,True,False,325,0,301,0,0.9176829268292683,0.0
calibration_crossing_1100,1100,crossing,32,car_A.window,2,True,354,True,False,True,False,356,0,353,0,0.988795518207283,0.0
calibration_crossing_1100,1100,crossing,33,car_A.window,2,True,418,True,False,True,False,436,0,417,0,0.954233409610984,0.0
calibration_crossing_1100,1100,crossing,34,car_A.window,2,True,618,False,False,True,False,625,0,616,0,0.9824561403508771,0.0
calibration_crossing_1100,1100,crossing,35,car_A.window,2,True,901,False,False,True,False,922,0,900,0,0.9750812567713976,0.0
calibration_crossing_1100,1100,crossing,36,car_A.window,2,True,1260,True,True,True,True,1292,1292,1260,1260,0.9752321981424149,0.9752321981424149
calibration_crossing_1100,1100,crossing,37,car_A.window,2,True,1548,True,True,True,True,1548,1548,1546,1546,0.9974193548387097,0.9974193548387097
calibration_crossing_1100,1100,crossing,38,car_A.window,2,True,1908,True,True,True,True,1956,1956,1907,1907,0.9744506898313745,0.9744506898313745
calibration_crossing_1100,1100,crossing,39,car_A.window,2,True,2052,True,True,True,True,2057,2057,2051,2051,0.9965986394557823,0.9965986394557823
calibration_crossing_1100,1100,crossing,40,car_A.window,2,True,2052,True,True,True,True,2052,2052,2050,2050,0.9980525803310614,0.9980525803310614
calibration_crossing_1100,1100,crossing,41,car_A.window,2,True,2052,True,True,True,True,2050,2050,2050,2050,0.9990253411306043,0.9990253411306043
calibration_crossing_1100,1100,crossing,42,car_A.window,2,True,2052,True,True,True,True,2050,2050,2050,2050,0.9990253411306043,0.9990253411306043
calibration_crossing_1100,1100,crossing,43,car_A.window,2,True,2052,True,True,True,True,2051,2051,2050,2050,0.9985387238188017,0.9985387238188017
calibration_crossing_1100,1100,crossing,44,car_A.window,2,True,2052,True,True,True,True,2094,2094,2050,2050,0.9780534351145038,0.9780534351145038
calibration_crossing_1100,1100,crossing,45,car_A.window,2,True,2052,True,True,True,True,2051,2051,2051,2051,0.9995126705653021,0.9995126705653021
calibration_crossing_1100,1100,crossing,46,car_A.window,2,True,2052,True,True,True,True,2100,2100,2049,2049,0.9743223965763196,0.9743223965763196
calibration_crossing_1100,1100,crossing,47,car_A.window,2,True,2052,True,True,True,True,2050,2050,2050,2050,0.9990253411306043,0.9990253411306043
calibration_crossing_1100,1100,crossing,48,car_A.window,2,True,2052,True,True,True,True,2096,2096,2050,2050,0.9771210676835081,0.9771210676835081
calibration_crossing_1100,1100,crossing,49,car_A.window,2,True,2052,True,True,True,True,2050,2050,2050,2050,0.9990253411306043,0.9990253411306043
calibration_crossing_1100,1100,crossing,50,car_A.window,2,True,2052,True,True,True,True,2101,2101,2051,2051,0.9757373929590866,0.9757373929590866
calibration_crossing_1100,1100,crossing,51,car_A.window,2,True,2052,True,True,True,True,2050,2050,2050,2050,0.9990253411306043,0.9990253411306043
calibration_crossing_1100,1100,crossing,52,car_A.window,2,True,2052,True,True,True,True,2092,2092,2048,2048,0.9770992366412213,0.9770992366412213
calibration_crossing_1100,1100,crossing,53,car_A.window,2,True,2052,True,True,True,True,2052,2052,2052,2052,1.0,1.0
calibration_crossing_1100,1100,crossing,54,car_A.window,2,True,2052,True,True,True,True,2097,2097,2051,2051,0.9775977121067684,0.9775977121067684
calibration_crossing_1100,1100,crossing,55,car_A.window,2,True,2052,True,True,True,True,2088,2088,2051,2051,0.9818094782192437,0.9818094782192437
calibration_crossing_1100,1100,crossing,56,car_A.window,2,True,2052,True,True,True,True,2059,2059,2052,2052,0.996600291403594,0.996600291403594
calibration_crossing_1100,1100,crossing,57,car_A.window,2,True,2052,True,True,True,True,2050,2050,2050,2050,0.9990253411306043,0.9990253411306043
calibration_crossing_1100,1100,crossing,58,car_A.window,2,True,2052,True,True,True,True,2100,2100,2050,2050,0.9752616555661275,0.9752616555661275
calibration_crossing_1100,1100,crossing,59,car_A.window,2,True,2052,True,True,True,True,2076,2076,2051,2051,0.9874819451131439,0.9874819451131439
calibration_crossing_1100,1100,crossing,60,car_A.window,2,True,2052,True,True,True,True,2051,2051,2051,2051,0.9995126705653021,0.9995126705653021
calibration_crossing_1100,1100,crossing,61,car_A.window,2,True,2052,True,True,True,True,2050,2050,2050,2050,0.9990253411306043,0.9990253411306043
calibration_crossing_1100,1100,crossing,62,car_A.window,2,True,2052,True,True,True,True,2052,2052,2052,2052,1.0,1.0
calibration_crossing_1100,1100,crossing,63,car_A.window,2,True,2052,True,True,True,True,2052,2052,2052,2052,1.0,1.0
calibration_crossing_1100,1100,crossing,1,car_B.front_door,3,True,3304,True,True,True,True,3301,3301,3301,3301,0.99909200968523,0.99909200968523
calibration_crossing_1100,1100,crossing,2,car_B.front_door,3,True,3304,True,True,True,True,3301,3301,3301,3301,0.99909200968523,0.99909200968523
calibration_crossing_1100,1100,crossing,3,car_B.front_door,3,True,3304,True,True,True,True,3301,3301,3301,3301,0.99909200968523,0.99909200968523
calibration_crossing_1100,1100,crossing,4,car_B.front_door,3,True,3304,True,True,True,True,3304,3304,3302,3302,0.9987900786448881,0.9987900786448881
calibration_crossing_1100,1100,crossing,5,car_B.front_door,3,True,3304,True,True,True,True,3319,3319,3301,3301,0.99367850692354,0.99367850692354
calibration_crossing_1100,1100,crossing,6,car_B.front_door,3,True,3304,True,True,True,True,3301,3301,3300,3300,0.9984871406959153,0.9984871406959153
calibration_crossing_1100,1100,crossing,7,car_B.front_door,3,True,3304,True,True,True,True,3302,3302,3301,3301,0.9987897125567322,0.9987897125567322
calibration_crossing_1100,1100,crossing,8,car_B.front_door,3,True,3304,True,True,True,True,3301,3301,3301,3301,0.99909200968523,0.99909200968523
calibration_crossing_1100,1100,crossing,9,car_B.front_door,3,True,3304,True,True,True,True,3315,3315,3301,3301,0.9948764315852924,0.9948764315852924
calibration_crossing_1100,1100,crossing,10,car_B.front_door,3,True,3304,True,True,True,True,3302,3302,3302,3302,0.9993946731234867,0.9993946731234867
calibration_crossing_1100,1100,crossing,11,car_B.front_door,3,True,3304,True,True,True,True,3302,3302,3302,3302,0.9993946731234867,0.9993946731234867
calibration_crossing_1100,1100,crossing,12,car_B.front_door,3,True,3304,True,True,True,True,3303,3303,3303,3303,0.9996973365617433,0.9996973365617433
calibration_crossing_1100,1100,crossing,13,car_B.front_door,3,True,3304,True,True,True,True,3301,3301,3301,3301,0.99909200968523,0.99909200968523
calibration_crossing_1100,1100,crossing,14,car_B.front_door,3,True,3304,True,True,True,True,3300,3300,3300,3300,0.9987893462469734,0.9987893462469734
calibration_crossing_1100,1100,crossing,15,car_B.front_door,3,True,3304,True,True,True,True,3302,3302,3301,3301,0.9987897125567322,0.9987897125567322
calibration_crossing_1100,1100,crossing,16,car_B.front_door,3,True,3304,True,True,True,True,3301,3301,3301,3301,0.99909200968523,0.99909200968523
calibration_crossing_1100,1100,crossing,17,car_B.front_door,3,True,3304,True,True,True,True,3315,3315,3302,3302,0.9954778414229726,0.9954778414229726
calibration_crossing_1100,1100,crossing,18,car_B.front_door,3,True,3304,True,True,True,True,3301,3301,3301,3301,0.99909200968523,0.99909200968523
calibration_crossing_1100,1100,crossing,19,car_B.front_door,3,True,3304,True,True,True,True,3301,3301,3301,3301,0.99909200968523,0.99909200968523
calibration_crossing_1100,1100,crossing,20,car_B.front_door,3,True,3304,True,True,True,True,3308,3308,3301,3301,0.9969797644216248,0.9969797644216248
calibration_crossing_1100,1100,crossing,21,car_B.front_door,3,True,3304,True,True,True,True,3305,3305,3302,3302,0.9984880556395525,0.9984880556395525
calibration_crossing_1100,1100,crossing,22,car_B.front_door,3,True,3304,True,True,True,True,3303,3303,3303,3303,0.9996973365617433,0.9996973365617433
calibration_crossing_1100,1100,crossing,23,car_B.front_door,3,True,3304,True,True,True,True,3318,3318,3302,3302,0.994578313253012,0.994578313253012
calibration_crossing_1100,1100,crossing,24,car_B.front_door,3,True,3304,True,True,True,True,3313,3313,3303,3303,0.9966807483403741,0.9966807483403741
calibration_crossing_1100,1100,crossing,25,car_B.front_door,3,True,3304,True,True,True,True,3313,3313,3301,3301,0.9954764776839565,0.9954764776839565
calibration_crossing_1100,1100,crossing,26,car_B.front_door,3,True,3304,True,True,True,True,3302,3302,3301,3301,0.9987897125567322,0.9987897125567322
calibration_crossing_1100,1100,crossing,27,car_B.front_door,3,True,3304,True,True,True,True,3310,3310,3302,3302,0.9969806763285024,0.9969806763285024
calibration_crossing_1100,1100,crossing,28,car_B.front_door,3,True,3304,True,True,True,True,3327,3327,3303,3303,0.9924879807692307,0.9924879807692307
calibration_crossing_1100,1100,crossing,29,car_B.front_door,3,True,3304,True,True,True,True,3305,3305,3302,3302,0.9984880556395525,0.9984880556395525
calibration_crossing_1100,1100,crossing,30,car_B.front_door,3,True,3304,True,True,True,True,3303,3303,3302,3302,0.9990922844175492,0.9990922844175492
calibration_crossing_1100,1100,crossing,31,car_B.front_door,3,True,3304,True,True,True,True,3307,3307,3302,3302,0.9978845572680568,0.9978845572680568
calibration_crossing_1100,1100,crossing,32,car_B.front_door,3,True,3304,True,True,True,True,3310,3310,3304,3304,0.9981873111782478,0.9981873111782478
calibration_crossing_1100,1100,crossing,33,car_B.front_door,3,True,3304,True,True,True,True,3304,3304,3304,3304,1.0,1.0
calibration_crossing_1100,1100,crossing,34,car_B.front_door,3,True,3304,True,True,True,True,3303,3303,3302,3302,0.9990922844175492,0.9990922844175492
calibration_crossing_1100,1100,crossing,35,car_B.front_door,3,True,3304,True,True,True,True,3308,3308,3302,3302,0.997583081570997,0.997583081570997
calibration_crossing_1100,1100,crossing,36,car_B.front_door,3,True,3304,True,True,True,True,3303,3303,3303,3303,0.9996973365617433,0.9996973365617433
calibration_crossing_1100,1100,crossing,37,car_B.front_door,3,True,3304,True,True,True,True,3302,3302,3302,3302,0.9993946731234867,0.9993946731234867
calibration_crossing_1100,1100,crossing,38,car_B.front_door,3,True,3304,True,True,True,True,3302,3302,3302,3302,0.9993946731234867,0.9993946731234867
calibration_crossing_1100,1100,crossing,39,car_B.front_door,3,True,3304,True,True,True,True,3310,3310,3301,3301,0.9963779052218533,0.9963779052218533
calibration_crossing_1100,1100,crossing,40,car_B.front_door,3,True,3304,True,True,True,True,3301,3301,3301,3301,0.99909200968523,0.99909200968523
calibration_crossing_1100,1100,crossing,41,car_B.front_door,3,True,3304,True,True,True,True,3301,3301,3301,3301,0.99909200968523,0.99909200968523
calibration_crossing_1100,1100,crossing,42,car_B.front_door,3,True,3304,True,True,True,True,3312,3312,3301,3301,0.9957767722473605,0.9957767722473605
calibration_crossing_1100,1100,crossing,43,car_B.front_door,3,True,3304,True,True,True,True,3307,3307,3301,3301,0.9972809667673715,0.9972809667673715
calibration_crossing_1100,1100,crossing,44,car_B.front_door,3,True,3304,True,True,True,True,3303,3303,3301,3301,0.9984875983061101,0.9984875983061101
calibration_crossing_1100,1100,crossing,45,car_B.front_door,3,True,3304,True,True,True,True,3316,3316,3302,3302,0.995177817962628,0.995177817962628
calibration_crossing_1100,1100,crossing,46,car_B.front_door,3,True,3304,True,True,True,True,3303,3303,3301,3301,0.9984875983061101,0.9984875983061101
calibration_crossing_1100,1100,crossing,47,car_B.front_door,3,True,3304,True,True,True,True,3319,3319,3303,3303,0.9948795180722891,0.9948795180722891
calibration_crossing_1100,1100,crossing,48,car_B.front_door,3,True,3304,True,True,True,True,3323,3323,3301,3301,0.9924834636199639,0.9924834636199639
calibration_crossing_1100,1100,crossing,49,car_B.front_door,3,True,3304,True,True,True,True,3306,3306,3302,3302,0.998186215235792,0.998186215235792
calibration_crossing_1100,1100,crossing,50,car_B.front_door,3,True,3304,True,True,True,True,3302,3302,3302,3302,0.9993946731234867,0.9993946731234867
calibration_crossing_1100,1100,crossing,51,car_B.front_door,3,True,3304,True,True,True,True,3334,3334,3302,3302,0.9898081534772182,0.9898081534772182
calibration_crossing_1100,1100,crossing,52,car_B.front_door,3,True,3304,True,True,True,True,3320,3320,3301,3301,0.9933794763767679,0.9933794763767679
calibration_crossing_1100,1100,crossing,53,car_B.front_door,3,True,3304,True,True,True,True,3323,3323,3303,3303,0.9936823104693141,0.9936823104693141
calibration_crossing_1100,1100,crossing,54,car_B.front_door,3,True,3304,True,True,True,True,3325,3325,3302,3302,0.9924857228734596,0.9924857228734596
calibration_crossing_1100,1100,crossing,55,car_B.front_door,3,True,3304,True,True,True,True,3305,3305,3302,3302,0.9984880556395525,0.9984880556395525
calibration_crossing_1100,1100,crossing,56,car_B.front_door,3,True,3304,True,True,True,True,3312,3312,3303,3303,0.9969815876848778,0.9969815876848778
calibration_crossing_1100,1100,crossing,57,car_B.front_door,3,True,3304,True,True,True,True,3309,3309,3302,3302,0.9972817879794624,0.9972817879794624
calibration_crossing_1100,1100,crossing,58,car_B.front_door,3,True,3304,True,True,True,True,3312,3312,3302,3302,0.996378998189499,0.996378998189499
calibration_crossing_1100,1100,crossing,59,car_B.front_door,3,True,3304,True,True,True,True,3312,3312,3302,3302,0.996378998189499,0.996378998189499
calibration_crossing_1100,1100,crossing,60,car_B.front_door,3,True,3304,True,True,True,True,3318,3318,3301,3301,0.9939777175549533,0.9939777175549533
calibration_crossing_1100,1100,crossing,61,car_B.front_door,3,True,3304,True,True,True,True,3325,3325,3302,3302,0.9924857228734596,0.9924857228734596
calibration_crossing_1100,1100,crossing,62,car_B.front_door,3,True,3304,True,True,True,True,3302,3302,3301,3301,0.9987897125567322,0.9987897125567322
calibration_crossing_1100,1100,crossing,63,car_B.front_door,3,True,3304,True,True,True,True,3304,3304,3301,3301,0.998185666767463,0.998185666767463
calibration_crossing_1100,1100,crossing,1,car_B.window,4,True,2052,True,True,True,True,2051,2051,2051,2051,0.9995126705653021,0.9995126705653021
calibration_crossing_1100,1100,crossing,2,car_B.window,4,True,2052,True,True,True,True,2051,2051,2051,2051,0.9995126705653021,0.9995126705653021
calibration_crossing_1100,1100,crossing,3,car_B.window,4,True,2052,True,True,True,True,2051,2051,2051,2051,0.9995126705653021,0.9995126705653021
calibration_crossing_1100,1100,crossing,4,car_B.window,4,True,2052,True,True,True,True,2051,2051,2051,2051,0.9995126705653021,0.9995126705653021
calibration_crossing_1100,1100,crossing,5,car_B.window,4,True,2052,True,True,True,True,2050,2050,2050,2050,0.9990253411306043,0.9990253411306043
calibration_crossing_1100,1100,crossing,6,car_B.window,4,True,2052,True,True,True,True,2063,2063,2050,2050,0.9927360774818402,0.9927360774818402
calibration_crossing_1100,1100,crossing,7,car_B.window,4,True,2052,True,True,True,True,2050,2050,2050,2050,0.9990253411306043,0.9990253411306043
calibration_crossing_1100,1100,crossing,8,car_B.window,4,True,2052,True,True,True,True,2050,2050,2050,2050,0.9990253411306043,0.9990253411306043
calibration_crossing_1100,1100,crossing,9,car_B.window,4,True,2052,True,True,True,True,2050,2050,2050,2050,0.9990253411306043,0.9990253411306043
calibration_crossing_1100,1100,crossing,10,car_B.window,4,True,2052,True,True,True,True,2050,2050,2050,2050,0.9990253411306043,0.9990253411306043
calibration_crossing_1100,1100,crossing,11,car_B.window,4,True,2052,True,True,True,True,2050,2050,2050,2050,0.9990253411306043,0.9990253411306043
calibration_crossing_1100,1100,crossing,12,car_B.window,4,True,2052,True,True,True,True,2050,2050,2050,2050,0.9990253411306043,0.9990253411306043
calibration_crossing_1100,1100,crossing,13,car_B.window,4,True,2052,True,True,True,True,2050,2050,2050,2050,0.9990253411306043,0.9990253411306043
calibration_crossing_1100,1100,crossing,14,car_B.window,4,True,2052,True,True,True,True,2050,2050,2050,2050,0.9990253411306043,0.9990253411306043
calibration_crossing_1100,1100,crossing,15,car_B.window,4,True,2052,True,True,True,True,2050,2050,2050,2050,0.9990253411306043,0.9990253411306043
calibration_crossing_1100,1100,crossing,16,car_B.window,4,True,2052,True,True,True,True,2060,2060,2050,2050,0.9941804073714839,0.9941804073714839
calibration_crossing_1100,1100,crossing,17,car_B.window,4,True,2052,True,True,True,True,2050,2050,2050,2050,0.9990253411306043,0.9990253411306043
calibration_crossing_1100,1100,crossing,18,car_B.window,4,True,2052,True,True,True,True,2050,2050,2050,2050,0.9990253411306043,0.9990253411306043
calibration_crossing_1100,1100,crossing,19,car_B.window,4,True,2052,True,True,True,True,2050,2050,2050,2050,0.9990253411306043,0.9990253411306043
calibration_crossing_1100,1100,crossing,20,car_B.window,4,True,2052,True,True,True,True,2050,2050,2050,2050,0.9990253411306043,0.9990253411306043
calibration_crossing_1100,1100,crossing,21,car_B.window,4,True,2052,True,True,True,True,2050,2050,2050,2050,0.9990253411306043,0.9990253411306043
calibration_crossing_1100,1100,crossing,22,car_B.window,4,True,2052,True,True,True,True,2050,2050,2050,2050,0.9990253411306043,0.9990253411306043
calibration_crossing_1100,1100,crossing,23,car_B.window,4,True,2052,True,True,True,True,2049,2049,2049,2049,0.9985380116959064,0.9985380116959064
calibration_crossing_1100,1100,crossing,24,car_B.window,4,True,2052,True,True,True,True,2050,2050,2050,2050,0.9990253411306043,0.9990253411306043
calibration_crossing_1100,1100,crossing,25,car_B.window,4,True,2052,True,True,True,True,2050,2050,2050,2050,0.9990253411306043,0.9990253411306043
calibration_crossing_1100,1100,crossing,26,car_B.window,4,True,2052,True,True,True,True,2050,2050,2050,2050,0.9990253411306043,0.9990253411306043
calibration_crossing_1100,1100,crossing,27,car_B.window,4,True,2052,True,True,True,True,2050,2050,2050,2050,0.9990253411306043,0.9990253411306043
calibration_crossing_1100,1100,crossing,28,car_B.window,4,True,2052,True,True,True,True,2052,2052,2051,2051,0.9990258158792011,0.9990258158792011
calibration_crossing_1100,1100,crossing,29,car_B.window,4,True,2052,True,True,True,True,2088,2088,2049,2049,0.9799139167862266,0.9799139167862266
calibration_crossing_1100,1100,crossing,30,car_B.window,4,True,2052,True,True,True,True,2021,2021,2018,2018,0.9819951338199513,0.9819951338199513
calibration_crossing_1100,1100,crossing,31,car_B.window,4,True,2052,True,True,True,True,2309,2309,2052,2052,0.8886964053702902,0.8886964053702902
calibration_crossing_1100,1100,crossing,32,car_B.window,4,True,2052,True,True,True,True,2041,2041,2041,2041,0.9946393762183235,0.9946393762183235
calibration_crossing_1100,1100,crossing,33,car_B.window,4,True,2052,True,True,True,True,2094,2094,2051,2051,0.9789976133651551,0.9789976133651551
calibration_crossing_1100,1100,crossing,34,car_B.window,4,True,2052,True,True,True,True,2050,2050,2050,2050,0.9990253411306043,0.9990253411306043
calibration_crossing_1100,1100,crossing,35,car_B.window,4,True,2052,True,True,True,True,2049,2049,2049,2049,0.9985380116959064,0.9985380116959064
calibration_crossing_1100,1100,crossing,36,car_B.window,4,True,2052,True,True,True,True,2050,2050,2050,2050,0.9990253411306043,0.9990253411306043
calibration_crossing_1100,1100,crossing,37,car_B.window,4,True,2052,True,True,True,True,2050,2050,2050,2050,0.9990253411306043,0.9990253411306043
calibration_crossing_1100,1100,crossing,38,car_B.window,4,True,2052,True,True,True,True,2049,2049,2049,2049,0.9985380116959064,0.9985380116959064
calibration_crossing_1100,1100,crossing,39,car_B.window,4,True,2052,True,True,True,True,2051,2051,2051,2051,0.9995126705653021,0.9995126705653021
calibration_crossing_1100,1100,crossing,40,car_B.window,4,True,2052,True,True,True,True,2050,2050,2050,2050,0.9990253411306043,0.9990253411306043
calibration_crossing_1100,1100,crossing,41,car_B.window,4,True,2052,True,True,True,True,2050,2050,2050,2050,0.9990253411306043,0.9990253411306043
calibration_crossing_1100,1100,crossing,42,car_B.window,4,True,2052,True,True,True,True,2051,2051,2051,2051,0.9995126705653021,0.9995126705653021
calibration_crossing_1100,1100,crossing,43,car_B.window,4,True,2052,True,True,True,True,2050,2050,2050,2050,0.9990253411306043,0.9990253411306043
calibration_crossing_1100,1100,crossing,44,car_B.window,4,True,2052,True,True,True,True,2050,2050,2050,2050,0.9990253411306043,0.9990253411306043
calibration_crossing_1100,1100,crossing,45,car_B.window,4,True,2052,True,True,True,True,2051,2051,2051,2051,0.9995126705653021,0.9995126705653021
calibration_crossing_1100,1100,crossing,46,car_B.window,4,True,2052,True,True,True,True,2052,2052,2052,2052,1.0,1.0
calibration_crossing_1100,1100,crossing,47,car_B.window,4,True,2052,True,True,True,True,2052,2052,2052,2052,1.0,1.0
calibration_crossing_1100,1100,crossing,48,car_B.window,4,True,2052,True,True,True,True,2051,2051,2051,2051,0.9995126705653021,0.9995126705653021
calibration_crossing_1100,1100,crossing,49,car_B.window,4,True,2052,True,True,True,True,2052,2052,2052,2052,1.0,1.0
calibration_crossing_1100,1100,crossing,50,car_B.window,4,True,2052,True,True,True,True,2051,2051,2051,2051,0.9995126705653021,0.9995126705653021
calibration_crossing_1100,1100,crossing,51,car_B.window,4,True,2052,True,True,True,True,2052,2052,2052,2052,1.0,1.0
calibration_crossing_1100,1100,crossing,52,car_B.window,4,True,2052,True,True,True,True,2054,2054,2052,2052,0.9990262901655307,0.9990262901655307
calibration_crossing_1100,1100,crossing,53,car_B.window,4,True,2052,True,True,True,True,2050,2050,2050,2050,0.9990253411306043,0.9990253411306043
calibration_crossing_1100,1100,crossing,54,car_B.window,4,True,2052,True,True,True,True,2050,2050,2050,2050,0.9990253411306043,0.9990253411306043
calibration_crossing_1100,1100,crossing,55,car_B.window,4,True,2052,True,True,True,True,2050,2050,2050,2050,0.9990253411306043,0.9990253411306043
calibration_crossing_1100,1100,crossing,56,car_B.window,4,True,2052,True,True,True,True,2050,2050,2050,2050,0.9990253411306043,0.9990253411306043
calibration_crossing_1100,1100,crossing,57,car_B.window,4,True,2052,True,True,True,True,2052,2052,2052,2052,1.0,1.0
calibration_crossing_1100,1100,crossing,58,car_B.window,4,True,2052,True,True,True,True,2050,2050,2050,2050,0.9990253411306043,0.9990253411306043
calibration_crossing_1100,1100,crossing,59,car_B.window,4,True,2052,True,True,True,True,2065,2065,2050,2050,0.9917755200774069,0.9917755200774069
calibration_crossing_1100,1100,crossing,60,car_B.window,4,True,2052,True,True,True,True,2051,2051,2051,2051,0.9995126705653021,0.9995126705653021
calibration_crossing_1100,1100,crossing,61,car_B.window,4,True,2052,True,True,True,True,2051,2051,2051,2051,0.9995126705653021,0.9995126705653021
calibration_crossing_1100,1100,crossing,62,car_B.window,4,True,2052,True,True,True,True,2050,2050,2050,2050,0.9990253411306043,0.9990253411306043
calibration_crossing_1100,1100,crossing,63,car_B.window,4,True,2052,True,True,True,True,2050,2050,2050,2050,0.9990253411306043,0.9990253411306043
calibration_crossing_1101,1101,crossing,1,car_A.front_door,1,True,3304,True,True,True,True,3303,3303,3303,3303,0.9996973365617433,0.9996973365617433
calibration_crossing_1101,1101,crossing,2,car_A.front_door,1,True,3304,True,True,True,True,3302,3302,3302,3302,0.9993946731234867,0.9993946731234867
calibration_crossing_1101,1101,crossing,3,car_A.front_door,1,True,3304,True,True,True,True,3302,3302,3302,3302,0.9993946731234867,0.9993946731234867
calibration_crossing_1101,1101,crossing,4,car_A.front_door,1,True,3304,True,True,True,True,3302,3302,3302,3302,0.9993946731234867,0.9993946731234867
calibration_crossing_1101,1101,crossing,5,car_A.front_door,1,True,3304,True,True,True,True,3301,3301,3301,3301,0.99909200968523,0.99909200968523
calibration_crossing_1101,1101,crossing,6,car_A.front_door,1,True,3304,True,True,True,True,3304,3304,3304,3304,1.0,1.0
calibration_crossing_1101,1101,crossing,7,car_A.front_door,1,True,3304,True,True,True,True,3304,3304,3304,3304,1.0,1.0
calibration_crossing_1101,1101,crossing,8,car_A.front_door,1,True,3304,True,True,True,True,3302,3302,3302,3302,0.9993946731234867,0.9993946731234867
calibration_crossing_1101,1101,crossing,9,car_A.front_door,1,True,3304,True,True,True,True,3301,3301,3301,3301,0.99909200968523,0.99909200968523
calibration_crossing_1101,1101,crossing,10,car_A.front_door,1,True,3304,True,True,True,True,3302,3302,3302,3302,0.9993946731234867,0.9993946731234867
calibration_crossing_1101,1101,crossing,11,car_A.front_door,1,True,3304,True,True,True,True,3302,3302,3302,3302,0.9993946731234867,0.9993946731234867
calibration_crossing_1101,1101,crossing,12,car_A.front_door,1,True,3304,True,True,True,True,3302,3302,3302,3302,0.9993946731234867,0.9993946731234867
calibration_crossing_1101,1101,crossing,13,car_A.front_door,1,True,3304,True,True,True,True,3303,3303,3303,3303,0.9996973365617433,0.9996973365617433
calibration_crossing_1101,1101,crossing,14,car_A.front_door,1,True,3304,True,True,True,True,3302,3302,3302,3302,0.9993946731234867,0.9993946731234867
calibration_crossing_1101,1101,crossing,15,car_A.front_door,1,True,3304,True,True,True,True,3301,3301,3301,3301,0.99909200968523,0.99909200968523
calibration_crossing_1101,1101,crossing,16,car_A.front_door,1,True,3304,True,True,True,True,3303,3303,3303,3303,0.9996973365617433,0.9996973365617433
calibration_crossing_1101,1101,crossing,17,car_A.front_door,1,True,3304,True,True,True,True,3301,3301,3301,3301,0.99909200968523,0.99909200968523
calibration_crossing_1101,1101,crossing,18,car_A.front_door,1,True,3304,True,True,True,True,3301,3301,3301,3301,0.99909200968523,0.99909200968523
calibration_crossing_1101,1101,crossing,19,car_A.front_door,1,True,3304,True,True,True,True,3302,3302,3302,3302,0.9993946731234867,0.9993946731234867
calibration_crossing_1101,1101,crossing,20,car_A.front_door,1,True,3304,True,True,True,True,3302,3302,3302,3302,0.9993946731234867,0.9993946731234867
calibration_crossing_1101,1101,crossing,21,car_A.front_door,1,True,3304,True,True,True,True,3301,3301,3301,3301,0.99909200968523,0.99909200968523
calibration_crossing_1101,1101,crossing,22,car_A.front_door,1,True,3304,True,True,True,True,3302,3302,3302,3302,0.9993946731234867,0.9993946731234867
calibration_crossing_1101,1101,crossing,23,car_A.front_door,1,True,3304,True,True,True,True,3302,3302,3302,3302,0.9993946731234867,0.9993946731234867
calibration_crossing_1101,1101,crossing,24,car_A.front_door,1,True,3304,True,True,True,True,3303,3303,3303,3303,0.9996973365617433,0.9996973365617433
calibration_crossing_1101,1101,crossing,25,car_A.front_door,1,True,3304,True,True,True,True,3302,3302,3302,3302,0.9993946731234867,0.9993946731234867
calibration_crossing_1101,1101,crossing,26,car_A.front_door,1,True,3152,True,True,True,True,3149,3149,3148,3148,0.9984142086901364,0.9984142086901364
calibration_crossing_1101,1101,crossing,27,car_A.front_door,1,True,2794,True,True,True,True,2791,2791,2790,2790,0.998211091234347,0.998211091234347
calibration_crossing_1101,1101,crossing,28,car_A.front_door,1,True,2242,True,True,True,True,2243,2243,2240,2240,0.9977728285077951,0.9977728285077951
calibration_crossing_1101,1101,crossing,29,car_A.front_door,1,True,1412,True,True,True,True,1414,1414,1411,1411,0.9971731448763251,0.9971731448763251
calibration_crossing_1101,1101,crossing,30,car_A.front_door,1,True,842,False,False,True,False,842,0,841,0,0.9976275207591934,0.0
calibration_crossing_1101,1101,crossing,31,car_A.front_door,1,True,236,False,False,True,False,281,0,236,0,0.8398576512455516,0.0
calibration_crossing_1101,1101,crossing,32,car_A.front_door,1,False,0,False,False,False,False,0,0,0,0,,
calibration_crossing_1101,1101,crossing,33,car_A.front_door,1,False,0,False,False,False,False,0,0,0,0,,
calibration_crossing_1101,1101,crossing,34,car_A.front_door,1,False,0,False,False,False,False,0,0,0,0,,
calibration_crossing_1101,1101,crossing,35,car_A.front_door,1,False,0,False,False,False,False,0,0,0,0,,
calibration_crossing_1101,1101,crossing,36,car_A.front_door,1,False,0,False,False,False,False,0,0,0,0,,
calibration_crossing_1101,1101,crossing,37,car_A.front_door,1,True,260,False,False,True,False,4578,0,84,0,0.01766933108960875,0.0
calibration_crossing_1101,1101,crossing,38,car_A.front_door,1,True,1080,True,False,True,False,1059,0,1059,0,0.9805555555555555,0.0
calibration_crossing_1101,1101,crossing,39,car_A.front_door,1,True,1917,True,False,True,False,1892,0,1892,0,0.9869587897756912,0.0
calibration_crossing_1101,1101,crossing,40,car_A.front_door,1,True,2671,True,True,True,True,2663,2663,2663,2663,0.9970048670909771,0.9970048670909771
calibration_crossing_1101,1101,crossing,41,car_A.front_door,1,True,3151,True,True,True,True,3130,3130,3130,3130,0.9933354490637892,0.9933354490637892
calibration_crossing_1101,1101,crossing,42,car_A.front_door,1,True,3304,True,True,True,True,3199,3199,3199,3199,0.9682203389830508,0.9682203389830508
calibration_crossing_1101,1101,crossing,43,car_A.front_door,1,True,3304,True,True,True,True,3300,3300,3300,3300,0.9987893462469734,0.9987893462469734
calibration_crossing_1101,1101,crossing,44,car_A.front_door,1,True,3304,True,True,True,True,3300,3300,3300,3300,0.9987893462469734,0.9987893462469734
calibration_crossing_1101,1101,crossing,45,car_A.front_door,1,True,3304,True,True,True,True,3286,3286,3286,3286,0.9945520581113801,0.9945520581113801
calibration_crossing_1101,1101,crossing,46,car_A.front_door,1,True,3304,True,True,True,True,3301,3301,3301,3301,0.99909200968523,0.99909200968523
calibration_crossing_1101,1101,crossing,47,car_A.front_door,1,True,3304,True,True,True,True,3307,3307,3302,3302,0.9978845572680568,0.9978845572680568
calibration_crossing_1101,1101,crossing,48,car_A.front_door,1,True,3304,True,True,True,True,3302,3302,3302,3302,0.9993946731234867,0.9993946731234867
calibration_crossing_1101,1101,crossing,49,car_A.front_door,1,True,3304,True,True,True,True,3301,3301,3301,3301,0.99909200968523,0.99909200968523
calibration_crossing_1101,1101,crossing,50,car_A.front_door,1,True,3304,True,True,True,True,3302,3302,3302,3302,0.9993946731234867,0.9993946731234867
calibration_crossing_1101,1101,crossing,51,car_A.front_door,1,True,3304,True,True,True,True,3301,3301,3301,3301,0.99909200968523,0.99909200968523
calibration_crossing_1101,1101,crossing,52,car_A.front_door,1,True,3304,True,True,True,True,3301,3301,3301,3301,0.99909200968523,0.99909200968523
calibration_crossing_1101,1101,crossing,53,car_A.front_door,1,True,3304,True,True,True,True,3308,3308,3303,3303,0.9981867633726201,0.9981867633726201
calibration_crossing_1101,1101,crossing,54,car_A.front_door,1,True,3304,True,True,True,True,3301,3301,3301,3301,0.99909200968523,0.99909200968523
calibration_crossing_1101,1101,crossing,55,car_A.front_door,1,True,3304,True,True,True,True,3303,3303,3303,3303,0.9996973365617433,0.9996973365617433
calibration_crossing_1101,1101,crossing,56,car_A.front_door,1,True,3304,True,True,True,True,3301,3301,3301,3301,0.99909200968523,0.99909200968523
calibration_crossing_1101,1101,crossing,57,car_A.front_door,1,True,3304,True,True,True,True,3303,3303,3303,3303,0.9996973365617433,0.9996973365617433
calibration_crossing_1101,1101,crossing,58,car_A.front_door,1,True,3304,True,True,True,True,3307,3307,3303,3303,0.9984885126964933,0.9984885126964933
calibration_crossing_1101,1101,crossing,59,car_A.front_door,1,True,3304,True,True,True,True,3302,3302,3302,3302,0.9993946731234867,0.9993946731234867
calibration_crossing_1101,1101,crossing,60,car_A.front_door,1,True,3304,True,True,True,True,3302,3302,3302,3302,0.9993946731234867,0.9993946731234867
calibration_crossing_1101,1101,crossing,61,car_A.front_door,1,True,3304,True,True,True,True,3303,3303,3303,3303,0.9996973365617433,0.9996973365617433
calibration_crossing_1101,1101,crossing,62,car_A.front_door,1,True,3304,True,True,True,True,3301,3301,3301,3301,0.99909200968523,0.99909200968523
calibration_crossing_1101,1101,crossing,63,car_A.front_door,1,True,3304,True,True,True,True,3301,3301,3301,3301,0.99909200968523,0.99909200968523
calibration_crossing_1101,1101,crossing,1,car_A.window,2,True,2052,True,True,True,True,2050,2050,2050,2050,0.9990253411306043,0.9990253411306043
calibration_crossing_1101,1101,crossing,2,car_A.window,2,True,2052,True,True,True,True,2050,2050,2050,2050,0.9990253411306043,0.9990253411306043
calibration_crossing_1101,1101,crossing,3,car_A.window,2,True,2052,True,True,True,True,2050,2050,2050,2050,0.9990253411306043,0.9990253411306043
calibration_crossing_1101,1101,crossing,4,car_A.window,2,True,2052,True,True,True,True,2050,2050,2050,2050,0.9990253411306043,0.9990253411306043
calibration_crossing_1101,1101,crossing,5,car_A.window,2,True,2052,True,True,True,True,2050,2050,2050,2050,0.9990253411306043,0.9990253411306043
calibration_crossing_1101,1101,crossing,6,car_A.window,2,True,2052,True,True,True,True,2051,2051,2051,2051,0.9995126705653021,0.9995126705653021
calibration_crossing_1101,1101,crossing,7,car_A.window,2,True,2052,True,True,True,True,2051,2051,2051,2051,0.9995126705653021,0.9995126705653021
calibration_crossing_1101,1101,crossing,8,car_A.window,2,True,2052,True,True,True,True,2049,2049,2049,2049,0.9985380116959064,0.9985380116959064
calibration_crossing_1101,1101,crossing,9,car_A.window,2,True,2052,True,True,True,True,2050,2050,2050,2050,0.9990253411306043,0.9990253411306043
calibration_crossing_1101,1101,crossing,10,car_A.window,2,True,2052,True,True,True,True,2051,2051,2051,2051,0.9995126705653021,0.9995126705653021
calibration_crossing_1101,1101,crossing,11,car_A.window,2,True,2052,True,True,True,True,2050,2050,2050,2050,0.9990253411306043,0.9990253411306043
calibration_crossing_1101,1101,crossing,12,car_A.window,2,True,2052,True,True,True,True,2050,2050,2050,2050,0.9990253411306043,0.9990253411306043
calibration_crossing_1101,1101,crossing,13,car_A.window,2,True,2052,True,True,True,True,2051,2051,2051,2051,0.9995126705653021,0.9995126705653021
calibration_crossing_1101,1101,crossing,14,car_A.window,2,True,2052,True,True,True,True,2087,2087,2051,2051,0.98227969348659,0.98227969348659
calibration_crossing_1101,1101,crossing,15,car_A.window,2,True,2052,True,True,True,True,2051,2051,2051,2051,0.9995126705653021,0.9995126705653021
calibration_crossing_1101,1101,crossing,16,car_A.window,2,True,2052,True,True,True,True,2051,2051,2051,2051,0.9995126705653021,0.9995126705653021
calibration_crossing_1101,1101,crossing,17,car_A.window,2,True,2052,True,True,True,True,2065,2065,2050,2050,0.9917755200774069,0.9917755200774069
calibration_crossing_1101,1101,crossing,18,car_A.window,2,True,2052,True,True,True,True,2051,2051,2051,2051,0.9995126705653021,0.9995126705653021
calibration_crossing_1101,1101,crossing,19,car_A.window,2,True,2052,True,True,True,True,2091,2091,2051,2051,0.9804015296367112,0.9804015296367112
calibration_crossing_1101,1101,crossing,20,car_A.window,2,True,2052,True,True,True,True,2050,2050,2050,2050,0.9990253411306043,0.9990253411306043
calibration_crossing_1101,1101,crossing,21,car_A.window,2,True,2052,True,True,True,True,2074,2074,2050,2050,0.98747591522158,0.98747591522158
calibration_crossing_1101,1101,crossing,22,car_A.window,2,True,2052,True,True,True,True,2051,2051,2051,2051,0.9995126705653021,0.9995126705653021
calibration_crossing_1101,1101,crossing,23,car_A.window,2,True,2052,True,True,True,True,2050,2050,2050,2050,0.9990253411306043,0.9990253411306043
calibration_crossing_1101,1101,crossing,24,car_A.window,2,True,2052,True,True,True,True,2089,2089,2051,2051,0.9813397129186603,0.9813397129186603
calibration_crossing_1101,1101,crossing,25,car_A.window,2,True,2052,True,True,True,True,2050,2050,2050,2050,0.9990253411306043,0.9990253411306043
calibration_crossing_1101,1101,crossing,26,car_A.window,2,True,2052,True,True,True,True,2050,2050,2050,2050,0.9990253411306043,0.9990253411306043
calibration_crossing_1101,1101,crossing,27,car_A.window,2,True,2052,True,True,True,True,2098,2098,2051,2051,0.9771319676036208,0.9771319676036208
calibration_crossing_1101,1101,crossing,28,car_A.window,2,True,2052,True,True,True,True,2050,2050,2050,2050,0.9990253411306043,0.9990253411306043
calibration_crossing_1101,1101,crossing,29,car_A.window,2,True,2052,True,True,True,True,2050,2050,2050,2050,0.9990253411306043,0.9990253411306043
calibration_crossing_1101,1101,crossing,30,car_A.window,2,True,2052,True,True,True,True,2100,2100,2050,2050,0.9752616555661275,0.9752616555661275
calibration_crossing_1101,1101,crossing,31,car_A.window,2,True,2052,True,True,True,True,2099,2099,2050,2050,0.9757258448357925,0.9757258448357925
calibration_crossing_1101,1101,crossing,32,car_A.window,2,True,1995,True,True,True,True,1991,1991,1991,1991,0.9979949874686717,0.9979949874686717
calibration_crossing_1101,1101,crossing,33,car_A.window,2,True,1539,True,True,True,True,1538,1538,1538,1538,0.9993502274204028,0.9993502274204028
calibration_crossing_1101,1101,crossing,34,car_A.window,2,True,973,False,False,True,False,968,0,968,0,0.9948612538540597,0.0
calibration_crossing_1101,1101,crossing,35,car_A.window,2,True,509,False,False,True,False,498,0,486,0,0.9328214971209213,0.0
calibration_crossing_1101,1101,crossing,36,car_A.window,2,True,316,True,False,True,False,342,0,307,0,0.8746438746438746,0.0
calibration_crossing_1101,1101,crossing,37,car_A.window,2,True,359,True,False,True,False,366,0,359,0,0.9808743169398907,0.0
calibration_crossing_1101,1101,crossing,38,car_A.window,2,True,549,False,False,True,False,554,0,547,0,0.9838129496402878,0.0
calibration_crossing_1101,1101,crossing,39,car_A.window,2,True,766,False,False,True,False,768,0,766,0,0.9973958333333334,0.0
calibration_crossing_1101,1101,crossing,40,car_A.window,2,True,1116,True,True,True,True,1112,1112,1112,1112,0.996415770609319,0.996415770609319
calibration_crossing_1101,1101,crossing,41,car_A.window,2,True,1476,True,True,True,True,1514,1514,1475,1475,0.9735973597359736,0.9735973597359736
calibration_crossing_1101,1101,crossing,42,car_A.window,2,True,1836,True,True,True,True,1876,1876,1834,1834,0.9765708200212992,0.9765708200212992
calibration_crossing_1101,1101,crossing,43,car_A.window,2,True,2052,True,True,True,True,2051,2051,2051,2051,0.9995126705653021,0.9995126705653021
calibration_crossing_1101,1101,crossing,44,car_A.window,2,True,2052,True,True,True,True,2049,2049,2049,2049,0.9985380116959064,0.9985380116959064
calibration_crossing_1101,1101,crossing,45,car_A.window,2,True,2052,True,True,True,True,2072,2072,2051,2051,0.989387361312108,0.989387361312108
calibration_crossing_1101,1101,crossing,46,car_A.window,2,True,2052,True,True,True,True,2051,2051,2051,2051,0.9995126705653021,0.9995126705653021
calibration_crossing_1101,1101,crossing,47,car_A.window,2,True,2052,True,True,True,True,2050,2050,2050,2050,0.9990253411306043,0.9990253411306043
calibration_crossing_1101,1101,crossing,48,car_A.window,2,True,2052,True,True,True,True,2047,2047,2047,2047,0.9975633528265108,0.9975633528265108
calibration_crossing_1101,1101,crossing,49,car_A.window,2,True,2052,True,True,True,True,2091,2091,2051,2051,0.9804015296367112,0.9804015296367112
calibration_crossing_1101,1101,crossing,50,car_A.window,2,True,2052,True,True,True,True,2050,2050,2050,2050,0.9990253411306043,0.9990253411306043
calibration_crossing_1101,1101,crossing,51,car_A.window,2,True,2052,True,True,True,True,2080,2080,2050,2050,0.9846301633045149,0.9846301633045149
calibration_crossing_1101,1101,crossing,52,car_A.window,2,True,2052,True,True,True,True,2094,2094,2050,2050,0.9780534351145038,0.9780534351145038
calibration_crossing_1101,1101,crossing,53,car_A.window,2,True,2052,True,True,True,True,2050,2050,2050,2050,0.9990253411306043,0.9990253411306043
calibration_crossing_1101,1101,crossing,54,car_A.window,2,True,2052,True,True,True,True,2087,2087,2051,2051,0.98227969348659,0.98227969348659
calibration_crossing_1101,1101,crossing,55,car_A.window,2,True,2052,True,True,True,True,2048,2048,2048,2048,0.9980506822612085,0.9980506822612085
calibration_crossing_1101,1101,crossing,56,car_A.window,2,True,2052,True,True,True,True,2098,2098,2050,2050,0.9761904761904762,0.9761904761904762
calibration_crossing_1101,1101,crossing,57,car_A.window,2,True,2052,True,True,True,True,2080,2080,2050,2050,0.9846301633045149,0.9846301633045149
calibration_crossing_1101,1101,crossing,58,car_A.window,2,True,2052,True,True,True,True,2061,2061,2051,2051,0.9946653734238603,0.9946653734238603
calibration_crossing_1101,1101,crossing,59,car_A.window,2,True,2052,True,True,True,True,2095,2095,2050,2050,0.977587029089175,0.977587029089175
calibration_crossing_1101,1101,crossing,60,car_A.window,2,True,2052,True,True,True,True,2094,2094,2050,2050,0.9780534351145038,0.9780534351145038
calibration_crossing_1101,1101,crossing,61,car_A.window,2,True,2052,True,True,True,True,2075,2075,2050,2050,0.9870004814636495,0.9870004814636495
calibration_crossing_1101,1101,crossing,62,car_A.window,2,True,2052,True,True,True,True,2051,2051,2051,2051,0.9995126705653021,0.9995126705653021
calibration_crossing_1101,1101,crossing,63,car_A.window,2,True,2052,True,True,True,True,2050,2050,2050,2050,0.9990253411306043,0.9990253411306043
calibration_crossing_1101,1101,crossing,1,car_B.front_door,3,True,3304,True,True,True,True,3301,3301,3301,3301,0.99909200968523,0.99909200968523
calibration_crossing_1101,1101,crossing,2,car_B.front_door,3,True,3304,True,True,True,True,3301,3301,3301,3301,0.99909200968523,0.99909200968523
calibration_crossing_1101,1101,crossing,3,car_B.front_door,3,True,3304,True,True,True,True,3301,3301,3301,3301,0.99909200968523,0.99909200968523
calibration_crossing_1101,1101,crossing,4,car_B.front_door,3,True,3304,True,True,True,True,3301,3301,3301,3301,0.99909200968523,0.99909200968523
calibration_crossing_1101,1101,crossing,5,car_B.front_door,3,True,3304,True,True,True,True,3302,3302,3302,3302,0.9993946731234867,0.9993946731234867
calibration_crossing_1101,1101,crossing,6,car_B.front_door,3,True,3304,True,True,True,True,3301,3301,3301,3301,0.99909200968523,0.99909200968523
calibration_crossing_1101,1101,crossing,7,car_B.front_door,3,True,3304,True,True,True,True,3300,3300,3300,3300,0.9987893462469734,0.9987893462469734
calibration_crossing_1101,1101,crossing,8,car_B.front_door,3,True,3304,True,True,True,True,3301,3301,3301,3301,0.99909200968523,0.99909200968523
calibration_crossing_1101,1101,crossing,9,car_B.front_door,3,True,3304,True,True,True,True,3301,3301,3301,3301,0.99909200968523,0.99909200968523
calibration_crossing_1101,1101,crossing,10,car_B.front_door,3,True,3304,True,True,True,True,3300,3300,3300,3300,0.9987893462469734,0.9987893462469734
calibration_crossing_1101,1101,crossing,11,car_B.front_door,3,True,3304,True,True,True,True,3303,3303,3301,3301,0.9984875983061101,0.9984875983061101
calibration_crossing_1101,1101,crossing,12,car_B.front_door,3,True,3304,True,True,True,True,3304,3304,3301,3301,0.998185666767463,0.998185666767463
calibration_crossing_1101,1101,crossing,13,car_B.front_door,3,True,3304,True,True,True,True,3315,3315,3301,3301,0.9948764315852924,0.9948764315852924
calibration_crossing_1101,1101,crossing,14,car_B.front_door,3,True,3304,True,True,True,True,3300,3300,3300,3300,0.9987893462469734,0.9987893462469734
calibration_crossing_1101,1101,crossing,15,car_B.front_door,3,True,3304,True,True,True,True,3302,3302,3301,3301,0.9987897125567322,0.9987897125567322
calibration_crossing_1101,1101,crossing,16,car_B.front_door,3,True,3304,True,True,True,True,3327,3327,3302,3302,0.9918894562931811,0.9918894562931811
calibration_crossing_1101,1101,crossing,17,car_B.front_door,3,True,3304,True,True,True,True,3302,3302,3302,3302,0.9993946731234867,0.9993946731234867
calibration_crossing_1101,1101,crossing,18,car_B.front_door,3,True,3304,True,True,True,True,3316,3316,3302,3302,0.995177817962628,0.995177817962628
calibration_crossing_1101,1101,crossing,19,car_B.front_door,3,True,3304,True,True,True,True,3302,3302,3302,3302,0.9993946731234867,0.9993946731234867
calibration_crossing_1101,1101,crossing,20,car_B.front_door,3,True,3304,True,True,True,True,3302,3302,3302,3302,0.9993946731234867,0.9993946731234867
calibration_crossing_1101,1101,crossing,21,car_B.front_door,3,True,3304,True,True,True,True,3302,3302,3301,3301,0.9987897125567322,0.9987897125567322
calibration_crossing_1101,1101,crossing,22,car_B.front_door,3,True,3304,True,True,True,True,3301,3301,3301,3301,0.99909200968523,0.99909200968523
calibration_crossing_1101,1101,crossing,23,car_B.front_door,3,True,3304,True,True,True,True,3318,3318,3301,3301,0.9939777175549533,0.9939777175549533
calibration_crossing_1101,1101,crossing,24,car_B.front_door,3,True,3304,True,True,True,True,3303,3303,3301,3301,0.9984875983061101,0.9984875983061101
calibration_crossing_1101,1101,crossing,25,car_B.front_door,3,True,3304,True,True,True,True,3301,3301,3301,3301,0.99909200968523,0.99909200968523
calibration_crossing_1101,1101,crossing,26,car_B.front_door,3,True,3304,True,True,True,True,3304,3304,3301,3301,0.998185666767463,0.998185666767463
calibration_crossing_1101,1101,crossing,27,car_B.front_door,3,True,3304,True,True,True,True,3304,3304,3302,3302,0.9987900786448881,0.9987900786448881
calibration_crossing_1101,1101,crossing,28,car_B.front_door,3,True,3304,True,True,True,True,3328,3328,3301,3301,0.9909936955869109,0.9909936955869109
calibration_crossing_1101,1101,crossing,29,car_B.front_door,3,True,3304,True,True,True,True,3307,3307,3302,3302,0.9978845572680568,0.9978845572680568
calibration_crossing_1101,1101,crossing,30,car_B.front_door,3,True,3304,True,True,True,True,3302,3302,3302,3302,0.9993946731234867,0.9993946731234867
calibration_crossing_1101,1101,crossing,31,car_B.front_door,3,True,3304,True,True,True,True,3304,3304,3302,3302,0.9987900786448881,0.9987900786448881
calibration_crossing_1101,1101,crossing,32,car_B.front_door,3,True,3304,True,True,True,True,3308,3308,3302,3302,0.997583081570997,0.997583081570997
calibration_crossing_1101,1101,crossing,33,car_B.front_door,3,True,3304,True,True,True,True,3327,3327,3302,3302,0.9918894562931811,0.9918894562931811
calibration_crossing_1101,1101,crossing,34,car_B.front_door,3,True,3304,True,True,True,True,3312,3312,3302,3302,0.996378998189499,0.996378998189499
calibration_crossing_1101,1101,crossing,35,car_B.front_door,3,True,3304,True,True,True,True,3305,3305,3301,3301,0.9978839177750907,0.9978839177750907
calibration_crossing_1101,1101,crossing,36,car_B.front_door,3,True,3304,True,True,True,True,3304,3304,3303,3303,0.9993948562783661,0.9993948562783661
calibration_crossing_1101,1101,crossing,37,car_B.front_door,3,True,3304,True,True,True,True,3321,3321,3301,3301,0.9930806257521059,0.9930806257521059
calibration_crossing_1101,1101,crossing,38,car_B.front_door,3,True,3304,True,True,True,True,3303,3303,3303,3303,0.9996973365617433,0.9996973365617433
calibration_crossing_1101,1101,crossing,39,car_B.front_door,3,True,3304,True,True,True,True,3298,3298,3298,3298,0.9981840193704601,0.9981840193704601
calibration_crossing_1101,1101,crossing,40,car_B.front_door,3,True,3304,True,True,True,True,3304,3304,3301,3301,0.998185666767463,0.998185666767463
calibration_crossing_1101,1101,crossing,41,car_B.front_door,3,True,3304,True,True,True,True,3316,3316,3302,3302,0.995177817962628,0.995177817962628
calibration_crossing_1101,1101,crossing,42,car_B.front_door,3,True,3304,True,True,True,True,3304,3304,3303,3303,0.9993948562783661,0.9993948562783661
calibration_crossing_1101,1101,crossing,43,car_B.front_door,3,True,3304,True,True,True,True,3301,3301,3301,3301,0.99909200968523,0.99909200968523
calibration_crossing_1101,1101,crossing,44,car_B.front_door,3,True,3304,True,True,True,True,3302,3302,3302,3302,0.9993946731234867,0.9993946731234867
calibration_crossing_1101,1101,crossing,45,car_B.front_door,3,True,3304,True,True,True,True,3325,3325,3302,3302,0.9924857228734596,0.9924857228734596
calibration_crossing_1101,1101,crossing,46,car_B.front_door,3,True,3304,True,True,True,True,3301,3301,3301,3301,0.99909200968523,0.99909200968523
calibration_crossing_1101,1101,crossing,47,car_B.front_door,3,True,3304,True,True,True,True,3302,3302,3301,3301,0.9987897125567322,0.9987897125567322
calibration_crossing_1101,1101,crossing,48,car_B.front_door,3,True,3304,True,True,True,True,3327,3327,3302,3302,0.9918894562931811,0.9918894562931811
calibration_crossing_1101,1101,crossing,49,car_B.front_door,3,True,3304,True,True,True,True,3302,3302,3301,3301,0.9987897125567322,0.9987897125567322
calibration_crossing_1101,1101,crossing,50,car_B.front_door,3,True,3304,True,True,True,True,3320,3320,3302,3302,0.9939795304033715,0.9939795304033715
calibration_crossing_1101,1101,crossing,51,car_B.front_door,3,True,3304,True,True,True,True,3328,3328,3302,3302,0.9915915915915916,0.9915915915915916
calibration_crossing_1101,1101,crossing,52,car_B.front_door,3,True,3304,True,True,True,True,3301,3301,3301,3301,0.99909200968523,0.99909200968523
calibration_crossing_1101,1101,crossing,53,car_B.front_door,3,True,3304,True,True,True,True,3314,3314,3303,3303,0.9963800904977376,0.9963800904977376
calibration_crossing_1101,1101,crossing,54,car_B.front_door,3,True,3304,True,True,True,True,3315,3315,3301,3301,0.9948764315852924,0.9948764315852924
calibration_crossing_1101,1101,crossing,55,car_B.front_door,3,True,3304,True,True,True,True,3330,3330,3301,3301,0.9903990399039904,0.9903990399039904
calibration_crossing_1101,1101,crossing,56,car_B.front_door,3,True,3304,True,True,True,True,3313,3313,3301,3301,0.9954764776839565,0.9954764776839565
calibration_crossing_1101,1101,crossing,57,car_B.front_door,3,True,3304,True,True,True,True,3333,3333,3302,3302,0.9901049475262369,0.9901049475262369
calibration_crossing_1101,1101,crossing,58,car_B.front_door,3,True,3304,True,True,True,True,3334,3334,3304,3304,0.991001799640072,0.991001799640072
calibration_crossing_1101,1101,crossing,59,car_B.front_door,3,True,3304,True,True,True,True,3319,3319,3301,3301,0.99367850692354,0.99367850692354
calibration_crossing_1101,1101,crossing,60,car_B.front_door,3,True,3304,True,True,True,True,3334,3334,3301,3301,0.989211866946359,0.989211866946359
calibration_crossing_1101,1101,crossing,61,car_B.front_door,3,True,3304,True,True,True,True,3334,3334,3303,3303,0.9904047976011994,0.9904047976011994
calibration_crossing_1101,1101,crossing,62,car_B.front_door,3,True,3304,True,True,True,True,3329,3329,3302,3302,0.9912939057340138,0.9912939057340138
calibration_crossing_1101,1101,crossing,63,car_B.front_door,3,True,3304,True,True,True,True,3325,3325,3302,3302,0.9924857228734596,0.9924857228734596
calibration_crossing_1101,1101,crossing,1,car_B.window,4,True,2052,True,True,True,True,2050,2050,2050,2050,0.9990253411306043,0.9990253411306043
calibration_crossing_1101,1101,crossing,2,car_B.window,4,True,2052,True,True,True,True,2050,2050,2050,2050,0.9990253411306043,0.9990253411306043
calibration_crossing_1101,1101,crossing,3,car_B.window,4,True,2052,True,True,True,True,2050,2050,2050,2050,0.9990253411306043,0.9990253411306043
calibration_crossing_1101,1101,crossing,4,car_B.window,4,True,2052,True,True,True,True,2050,2050,2050,2050,0.9990253411306043,0.9990253411306043
calibration_crossing_1101,1101,crossing,5,car_B.window,4,True,2052,True,True,True,True,2050,2050,2050,2050,0.9990253411306043,0.9990253411306043
calibration_crossing_1101,1101,crossing,6,car_B.window,4,True,2052,True,True,True,True,2050,2050,2050,2050,0.9990253411306043,0.9990253411306043
calibration_crossing_1101,1101,crossing,7,car_B.window,4,True,2052,True,True,True,True,2050,2050,2050,2050,0.9990253411306043,0.9990253411306043
calibration_crossing_1101,1101,crossing,8,car_B.window,4,True,2052,True,True,True,True,2052,2052,2050,2050,0.9980525803310614,0.9980525803310614
calibration_crossing_1101,1101,crossing,9,car_B.window,4,True,2052,True,True,True,True,2050,2050,2050,2050,0.9990253411306043,0.9990253411306043
calibration_crossing_1101,1101,crossing,10,car_B.window,4,True,2052,True,True,True,True,2050,2050,2050,2050,0.9990253411306043,0.9990253411306043
calibration_crossing_1101,1101,crossing,11,car_B.window,4,True,2052,True,True,True,True,2051,2051,2051,2051,0.9995126705653021,0.9995126705653021
calibration_crossing_1101,1101,crossing,12,car_B.window,4,True,2052,True,True,True,True,2050,2050,2050,2050,0.9990253411306043,0.9990253411306043
calibration_crossing_1101,1101,crossing,13,car_B.window,4,True,2052,True,True,True,True,2050,2050,2050,2050,0.9990253411306043,0.9990253411306043
calibration_crossing_1101,1101,crossing,14,car_B.window,4,True,2052,True,True,True,True,2050,2050,2050,2050,0.9990253411306043,0.9990253411306043
calibration_crossing_1101,1101,crossing,15,car_B.window,4,True,2052,True,True,True,True,2050,2050,2050,2050,0.9990253411306043,0.9990253411306043
calibration_crossing_1101,1101,crossing,16,car_B.window,4,True,2052,True,True,True,True,2051,2051,2050,2050,0.9985387238188017,0.9985387238188017
calibration_crossing_1101,1101,crossing,17,car_B.window,4,True,2052,True,True,True,True,2049,2049,2049,2049,0.9985380116959064,0.9985380116959064
calibration_crossing_1101,1101,crossing,18,car_B.window,4,True,2052,True,True,True,True,2050,2050,2050,2050,0.9990253411306043,0.9990253411306043
calibration_crossing_1101,1101,crossing,19,car_B.window,4,True,2052,True,True,True,True,2052,2052,2050,2050,0.9980525803310614,0.9980525803310614
calibration_crossing_1101,1101,crossing,20,car_B.window,4,True,2052,True,True,True,True,2050,2050,2050,2050,0.9990253411306043,0.9990253411306043
calibration_crossing_1101,1101,crossing,21,car_B.window,4,True,2052,True,True,True,True,2051,2051,2051,2051,0.9995126705653021,0.9995126705653021
calibration_crossing_1101,1101,crossing,22,car_B.window,4,True,2052,True,True,True,True,2058,2058,2050,2050,0.9951456310679612,0.9951456310679612
calibration_crossing_1101,1101,crossing,23,car_B.window,4,True,2052,True,True,True,True,2050,2050,2050,2050,0.9990253411306043,0.9990253411306043
calibration_crossing_1101,1101,crossing,24,car_B.window,4,True,2052,True,True,True,True,2050,2050,2050,2050,0.9990253411306043,0.9990253411306043
calibration_crossing_1101,1101,crossing,25,car_B.window,4,True,2052,True,True,True,True,2050,2050,2050,2050,0.9990253411306043,0.9990253411306043
calibration_crossing_1101,1101,crossing,26,car_B.window,4,True,2052,True,True,True,True,2051,2051,2051,2051,0.9995126705653021,0.9995126705653021
calibration_crossing_1101,1101,crossing,27,car_B.window,4,True,2052,True,True,True,True,2050,2050,2050,2050,0.9990253411306043,0.9990253411306043
calibration_crossing_1101,1101,crossing,28,car_B.window,4,True,2052,True,True,True,True,2049,2049,2049,2049,0.9985380116959064,0.9985380116959064
calibration_crossing_1101,1101,crossing,29,car_B.window,4,True,2052,True,True,True,True,2050,2050,2050,2050,0.9990253411306043,0.9990253411306043
calibration_crossing_1101,1101,crossing,30,car_B.window,4,True,2052,True,True,True,True,2050,2050,2050,2050,0.9990253411306043,0.9990253411306043
calibration_crossing_1101,1101,crossing,31,car_B.window,4,True,2052,True,True,True,True,2050,2050,2050,2050,0.9990253411306043,0.9990253411306043
calibration_crossing_1101,1101,crossing,32,car_B.window,4,True,2052,True,True,True,True,2051,2051,2051,2051,0.9995126705653021,0.9995126705653021
calibration_crossing_1101,1101,crossing,33,car_B.window,4,True,2052,True,True,True,True,2050,2050,2050,2050,0.9990253411306043,0.9990253411306043
calibration_crossing_1101,1101,crossing,34,car_B.window,4,True,2052,True,True,True,True,2048,2048,2048,2048,0.9980506822612085,0.9980506822612085
calibration_crossing_1101,1101,crossing,35,car_B.window,4,True,2052,True,True,True,True,2018,2018,2017,2017,0.9824646858256211,0.9824646858256211
calibration_crossing_1101,1101,crossing,36,car_B.window,4,True,2052,True,True,True,True,2358,2358,2051,2051,0.8694362017804155,0.8694362017804155
calibration_crossing_1101,1101,crossing,37,car_B.window,4,True,2052,True,True,True,True,2050,2050,2050,2050,0.9990253411306043,0.9990253411306043
calibration_crossing_1101,1101,crossing,38,car_B.window,4,True,2052,True,True,True,True,2052,2052,2052,2052,1.0,1.0
calibration_crossing_1101,1101,crossing,39,car_B.window,4,True,2052,True,True,True,True,2050,2050,2050,2050,0.9990253411306043,0.9990253411306043
calibration_crossing_1101,1101,crossing,40,car_B.window,4,True,2052,True,True,True,True,2051,2051,2051,2051,0.9995126705653021,0.9995126705653021
calibration_crossing_1101,1101,crossing,41,car_B.window,4,True,2052,True,True,True,True,2051,2051,2051,2051,0.9995126705653021,0.9995126705653021
calibration_crossing_1101,1101,crossing,42,car_B.window,4,True,2052,True,True,True,True,2095,2095,2050,2050,0.977587029089175,0.977587029089175
calibration_crossing_1101,1101,crossing,43,car_B.window,4,True,2052,True,True,True,True,2050,2050,2050,2050,0.9990253411306043,0.9990253411306043
calibration_crossing_1101,1101,crossing,44,car_B.window,4,True,2052,True,True,True,True,2052,2052,2052,2052,1.0,1.0
calibration_crossing_1101,1101,crossing,45,car_B.window,4,True,2052,True,True,True,True,2051,2051,2051,2051,0.9995126705653021,0.9995126705653021
calibration_crossing_1101,1101,crossing,46,car_B.window,4,True,2052,True,True,True,True,2051,2051,2051,2051,0.9995126705653021,0.9995126705653021
calibration_crossing_1101,1101,crossing,47,car_B.window,4,True,2052,True,True,True,True,2091,2091,2051,2051,0.9804015296367112,0.9804015296367112
calibration_crossing_1101,1101,crossing,48,car_B.window,4,True,2052,True,True,True,True,2050,2050,2050,2050,0.9990253411306043,0.9990253411306043
calibration_crossing_1101,1101,crossing,49,car_B.window,4,True,2052,True,True,True,True,2050,2050,2050,2050,0.9990253411306043,0.9990253411306043
calibration_crossing_1101,1101,crossing,50,car_B.window,4,True,2052,True,True,True,True,2097,2097,2051,2051,0.9775977121067684,0.9775977121067684
calibration_crossing_1101,1101,crossing,51,car_B.window,4,True,2052,True,True,True,True,2050,2050,2050,2050,0.9990253411306043,0.9990253411306043
calibration_crossing_1101,1101,crossing,52,car_B.window,4,True,2052,True,True,True,True,2051,2051,2051,2051,0.9995126705653021,0.9995126705653021
calibration_crossing_1101,1101,crossing,53,car_B.window,4,True,2052,True,True,True,True,2096,2096,2050,2050,0.9771210676835081,0.9771210676835081
calibration_crossing_1101,1101,crossing,54,car_B.window,4,True,2052,True,True,True,True,2051,2051,2051,2051,0.9995126705653021,0.9995126705653021
calibration_crossing_1101,1101,crossing,55,car_B.window,4,True,2052,True,True,True,True,2050,2050,2050,2050,0.9990253411306043,0.9990253411306043
calibration_crossing_1101,1101,crossing,56,car_B.window,4,True,2052,True,True,True,True,2051,2051,2051,2051,0.9995126705653021,0.9995126705653021
calibration_crossing_1101,1101,crossing,57,car_B.window,4,True,2052,True,True,True,True,2051,2051,2051,2051,0.9995126705653021,0.9995126705653021
calibration_crossing_1101,1101,crossing,58,car_B.window,4,True,2052,True,True,True,True,2050,2050,2050,2050,0.9990253411306043,0.9990253411306043
calibration_crossing_1101,1101,crossing,59,car_B.window,4,True,2052,True,True,True,True,2051,2051,2051,2051,0.9995126705653021,0.9995126705653021
calibration_crossing_1101,1101,crossing,60,car_B.window,4,True,2052,True,True,True,True,2050,2050,2050,2050,0.9990253411306043,0.9990253411306043
calibration_crossing_1101,1101,crossing,61,car_B.window,4,True,2052,True,True,True,True,2051,2051,2051,2051,0.9995126705653021,0.9995126705653021
calibration_crossing_1101,1101,crossing,62,car_B.window,4,True,2052,True,True,True,True,2050,2050,2050,2050,0.9990253411306043,0.9990253411306043
calibration_crossing_1101,1101,crossing,63,car_B.window,4,True,2052,True,True,True,True,2051,2051,2051,2051,0.9995126705653021,0.9995126705653021
calibration_scale_camera_1200,1200,scale_camera,1,car_A.front_door,1,True,3304,True,True,True,True,3302,3302,3302,3302,0.9993946731234867,0.9993946731234867
calibration_scale_camera_1200,1200,scale_camera,2,car_A.front_door,1,True,3304,True,True,True,True,3303,3303,3303,3303,0.9996973365617433,0.9996973365617433
calibration_scale_camera_1200,1200,scale_camera,3,car_A.front_door,1,True,3304,True,True,True,True,3303,3303,3303,3303,0.9996973365617433,0.9996973365617433
calibration_scale_camera_1200,1200,scale_camera,4,car_A.front_door,1,True,3421,True,True,True,True,3454,3454,3383,3383,0.9687857961053837,0.9687857961053837
calibration_scale_camera_1200,1200,scale_camera,5,car_A.front_door,1,True,3480,True,True,True,True,3545,3545,3463,3463,0.972206625491297,0.972206625491297
calibration_scale_camera_1200,1200,scale_camera,6,car_A.front_door,1,True,3656,True,True,True,True,3667,3667,3638,3638,0.9872455902306648,0.9872455902306648
calibration_scale_camera_1200,1200,scale_camera,7,car_A.front_door,1,True,3717,True,True,True,True,3759,3759,3715,3715,0.9877692103164052,0.9877692103164052
calibration_scale_camera_1200,1200,scale_camera,8,car_A.front_door,1,True,3841,True,True,True,True,3860,3860,3814,3814,0.9812194494468742,0.9812194494468742
calibration_scale_camera_1200,1200,scale_camera,9,car_A.front_door,1,True,3839,True,True,True,True,3923,3923,3838,3838,0.9780835881753313,0.9780835881753313
calibration_scale_camera_1200,1200,scale_camera,10,car_A.front_door,1,True,4030,True,True,True,True,4042,4042,4003,4003,0.983779798476284,0.983779798476284
calibration_scale_camera_1200,1200,scale_camera,11,car_A.front_door,1,True,4093,True,True,True,True,4120,4120,4072,4072,0.9833373581260565,0.9833373581260565
calibration_scale_camera_1200,1200,scale_camera,12,car_A.front_door,1,True,4154,True,True,True,True,4188,4188,4130,4130,0.9805318138651472,0.9805318138651472
calibration_scale_camera_1200,1200,scale_camera,13,car_A.front_door,1,True,4216,True,True,True,True,4243,4243,4199,4199,0.9856807511737089,0.9856807511737089
calibration_scale_camera_1200,1200,scale_camera,14,car_A.front_door,1,True,4289,True,True,True,True,4300,4300,4277,4277,0.9918831168831169,0.9918831168831169
calibration_scale_camera_1200,1200,scale_camera,15,car_A.front_door,1,True,4418,True,True,True,True,4359,4359,4355,4355,0.9848484848484849,0.9848484848484849
calibration_scale_camera_1200,1200,scale_camera,16,car_A.front_door,1,True,4420,True,True,True,True,4358,4358,4353,4353,0.9837288135593221,0.9837288135593221
calibration_scale_camera_1200,1200,scale_camera,17,car_A.front_door,1,True,4420,True,True,True,True,4377,4377,4365,4365,0.9848826714801444,0.9848826714801444
calibration_scale_camera_1200,1200,scale_camera,18,car_A.front_door,1,True,4352,True,True,True,True,4391,4391,4346,4346,0.9884011826245167,0.9884011826245167
calibration_scale_camera_1200,1200,scale_camera,19,car_A.front_door,1,True,4420,True,True,True,True,4384,4384,4370,4370,0.9855660802886784,0.9855660802886784
calibration_scale_camera_1200,1200,scale_camera,20,car_A.front_door,1,True,4420,True,True,True,True,4354,4354,4349,4349,0.9828248587570622,0.9828248587570622
calibration_scale_camera_1200,1200,scale_camera,21,car_A.front_door,1,True,4418,True,True,True,True,4354,4354,4352,4352,0.9846153846153847,0.9846153846153847
calibration_scale_camera_1200,1200,scale_camera,22,car_A.front_door,1,True,4289,True,True,True,True,4301,4301,4271,4271,0.9888863162769159,0.9888863162769159
calibration_scale_camera_1200,1200,scale_camera,23,car_A.front_door,1,True,4216,True,True,True,True,4248,4248,4199,4199,0.9845252051582649,0.9845252051582649
calibration_scale_camera_1200,1200,scale_camera,24,car_A.front_door,1,True,4154,True,True,True,True,4174,4174,4116,4116,0.9772079772079773,0.9772079772079773
calibration_scale_camera_1200,1200,scale_camera,25,car_A.front_door,1,True,4093,True,True,True,True,4112,4112,4063,4063,0.9809270883631096,0.9809270883631096
calibration_scale_camera_1200,1200,scale_camera,26,car_A.front_door,1,True,4030,True,True,True,True,4038,4038,4003,4003,0.9847478474784748,0.9847478474784748
calibration_scale_camera_1200,1200,scale_camera,27,car_A.front_door,1,True,3839,True,True,True,True,3929,3929,3838,3838,0.9765903307888041,0.9765903307888041
calibration_scale_camera_1200,1200,scale_camera,28,car_A.front_door,1,True,3841,True,True,True,True,3868,3868,3823,3823,0.9837879567678847,0.9837879567678847
calibration_scale_camera_1200,1200,scale_camera,29,car_A.front_door,1,True,3717,True,True,True,True,3744,3744,3713,3713,0.9906616862326574,0.9906616862326574
calibration_scale_camera_1200,1200,scale_camera,30,car_A.front_door,1,True,3656,True,True,True,True,3656,3656,3638,3638,0.9902014153511159,0.9902014153511159
calibration_scale_camera_1200,1200,scale_camera,31,car_A.front_door,1,True,3480,True,True,True,True,3522,3522,3452,3452,0.9723943661971831,0.9723943661971831
calibration_scale_camera_1200,1200,scale_camera,32,car_A.front_door,1,True,3421,True,True,True,True,3458,3458,3406,3406,0.9807083213360207,0.9807083213360207
calibration_scale_camera_1200,1200,scale_camera,33,car_A.front_door,1,True,3304,True,True,True,True,3303,3303,3303,3303,0.9996973365617433,0.9996973365617433
calibration_scale_camera_1200,1200,scale_camera,34,car_A.front_door,1,True,3191,True,True,True,True,3252,3252,3184,3184,0.9769868057686407,0.9769868057686407
calibration_scale_camera_1200,1200,scale_camera,35,car_A.front_door,1,True,3133,True,True,True,True,3167,3167,3126,3126,0.9848771266540642,0.9848771266540642
calibration_scale_camera_1200,1200,scale_camera,36,car_A.front_door,1,True,2968,True,True,True,True,3036,3036,2965,2965,0.9756498848305364,0.9756498848305364
calibration_scale_camera_1200,1200,scale_camera,37,car_A.front_door,1,True,2915,True,True,True,True,2951,2951,2905,2905,0.9810874704491725,0.9810874704491725
calibration_scale_camera_1200,1200,scale_camera,38,car_A.front_door,1,True,2805,True,True,True,True,2856,2856,2793,2793,0.9738493723849372,0.9738493723849372
calibration_scale_camera_1200,1200,scale_camera,39,car_A.front_door,1,True,2808,True,True,True,True,2811,2811,2798,2798,0.9918468628146048,0.9918468628146048
calibration_scale_camera_1200,1200,scale_camera,40,car_A.front_door,1,True,2647,True,True,True,True,2715,2715,2647,2647,0.9749539594843463,0.9749539594843463
calibration_scale_camera_1200,1200,scale_camera,41,car_A.front_door,1,True,2601,True,True,True,True,2664,2664,2597,2597,0.9733883058470765,0.9733883058470765
calibration_scale_camera_1200,1200,scale_camera,42,car_A.front_door,1,True,2547,True,True,True,True,2601,2601,2543,2543,0.9761996161228407,0.9761996161228407
calibration_scale_camera_1200,1200,scale_camera,43,car_A.front_door,1,True,2498,True,True,True,True,2544,2544,2492,2492,0.9772549019607844,0.9772549019607844
calibration_scale_camera_1200,1200,scale_camera,44,car_A.front_door,1,True,2450,True,True,True,True,2500,2500,2448,2448,0.9784172661870504,0.9784172661870504
calibration_scale_camera_1200,1200,scale_camera,45,car_A.front_door,1,True,2351,True,True,True,True,2453,2453,2351,2351,0.9584182633509988,0.9584182633509988
calibration_scale_camera_1200,1200,scale_camera,46,car_A.front_door,1,True,2352,True,True,True,True,2463,2463,2351,2351,0.9541396103896104,0.9541396103896104
calibration_scale_camera_1200,1200,scale_camera,47,car_A.front_door,1,True,2350,True,True,True,True,2451,2451,2349,2349,0.9579934747145188,0.9579934747145188
calibration_scale_camera_1200,1200,scale_camera,48,car_A.front_door,1,True,2399,True,True,True,True,2441,2441,2396,2396,0.9803600654664485,0.9803600654664485
calibration_scale_camera_1200,1200,scale_camera,49,car_A.front_door,1,True,2350,True,True,True,True,2461,2461,2349,2349,0.954102355808286,0.954102355808286
calibration_scale_camera_1200,1200,scale_camera,50,car_A.front_door,1,True,2352,True,True,True,True,2478,2478,2351,2351,0.9483662767244857,0.9483662767244857
calibration_scale_camera_1200,1200,scale_camera,51,car_A.front_door,1,True,2351,True,True,True,True,2459,2459,2351,2351,0.956079707198048,0.956079707198048
calibration_scale_camera_1200,1200,scale_camera,52,car_A.front_door,1,True,2450,True,True,True,True,2494,2494,2447,2447,0.9799759711653985,0.9799759711653985
calibration_scale_camera_1200,1200,scale_camera,53,car_A.front_door,1,True,2498,True,True,True,True,2549,2549,2493,2493,0.976115896632733,0.976115896632733
calibration_scale_camera_1200,1200,scale_camera,54,car_A.front_door,1,True,2547,True,True,True,True,2626,2626,2545,2545,0.9684170471841704,0.9684170471841704
calibration_scale_camera_1200,1200,scale_camera,55,car_A.front_door,1,True,2601,True,True,True,True,2671,2671,2592,2592,0.9671641791044776,0.9671641791044776
calibration_scale_camera_1200,1200,scale_camera,56,car_A.front_door,1,True,2647,True,True,True,True,2724,2724,2646,2646,0.9710091743119266,0.9710091743119266
calibration_scale_camera_1200,1200,scale_camera,57,car_A.front_door,1,True,2808,True,True,True,True,2818,2818,2800,2800,0.9907997169143666,0.9907997169143666
calibration_scale_camera_1200,1200,scale_camera,58,car_A.front_door,1,True,2805,True,True,True,True,2867,2867,2794,2794,0.970813064628214,0.970813064628214
calibration_scale_camera_1200,1200,scale_camera,59,car_A.front_door,1,True,2915,True,True,True,True,2958,2958,2912,2912,0.983451536643026,0.983451536643026
calibration_scale_camera_1200,1200,scale_camera,60,car_A.front_door,1,True,2968,True,True,True,True,3027,3027,2966,2966,0.9792010564542754,0.9792010564542754
calibration_scale_camera_1200,1200,scale_camera,61,car_A.front_door,1,True,3133,True,True,True,True,3139,3139,3118,3118,0.9885859226379201,0.9885859226379201
calibration_scale_camera_1200,1200,scale_camera,62,car_A.front_door,1,True,3191,True,True,True,True,3257,3257,3169,3169,0.96645318694724,0.96645318694724
calibration_scale_camera_1200,1200,scale_camera,63,car_A.front_door,1,True,3304,True,True,True,True,3302,3302,3302,3302,0.9993946731234867,0.9993946731234867
calibration_scale_camera_1200,1200,scale_camera,1,car_A.window,2,True,2052,True,True,True,True,2049,2049,2049,2049,0.9985380116959064,0.9985380116959064
calibration_scale_camera_1200,1200,scale_camera,2,car_A.window,2,True,2052,True,True,True,True,2049,2049,2049,2049,0.9985380116959064,0.9985380116959064
calibration_scale_camera_1200,1200,scale_camera,3,car_A.window,2,True,2052,True,True,True,True,2049,2049,2049,2049,0.9985380116959064,0.9985380116959064
calibration_scale_camera_1200,1200,scale_camera,4,car_A.window,2,True,2137,True,True,True,True,2131,2131,2100,2100,0.9686346863468634,0.9686346863468634
calibration_scale_camera_1200,1200,scale_camera,5,car_A.window,2,True,2146,True,True,True,True,2195,2195,2140,2140,0.9722853248523399,0.9722853248523399
calibration_scale_camera_1200,1200,scale_camera,6,car_A.window,2,True,2272,True,True,True,True,2281,2281,2269,2269,0.9934325744308231,0.9934325744308231
calibration_scale_camera_1200,1200,scale_camera,7,car_A.window,2,True,2279,True,True,True,True,2319,2319,2267,2267,0.9725439725439725,0.9725439725439725
calibration_scale_camera_1200,1200,scale_camera,8,car_A.window,2,True,2379,True,True,True,True,2397,2397,2373,2373,0.9875156054931336,0.9875156054931336
calibration_scale_camera_1200,1200,scale_camera,9,car_A.window,2,True,2413,True,True,True,True,2445,2445,2385,2385,0.964415689446017,0.964415689446017
calibration_scale_camera_1200,1200,scale_camera,10,car_A.window,2,True,2481,True,True,True,True,2507,2507,2455,2455,0.9692064745361232,0.9692064745361232
calibration_scale_camera_1200,1200,scale_camera,11,car_A.window,2,True,2578,True,True,True,True,2547,2547,2536,2536,0.9795287755890305,0.9795287755890305
calibration_scale_camera_1200,1200,scale_camera,12,car_A.window,2,True,2618,True,True,True,True,2601,2601,2584,2584,0.9806451612903225,0.9806451612903225
calibration_scale_camera_1200,1200,scale_camera,13,car_A.window,2,True,2599,True,True,True,True,2636,2636,2586,2586,0.9762174405436014,0.9762174405436014
calibration_scale_camera_1200,1200,scale_camera,14,car_A.window,2,True,2561,True,True,True,True,2658,2658,2556,2556,0.9598197521592189,0.9598197521592189
calibration_scale_camera_1200,1200,scale_camera,15,car_A.window,2,True,2663,True,True,True,True,2696,2696,2661,2661,0.986286137879911,0.986286137879911
calibration_scale_camera_1200,1200,scale_camera,16,car_A.window,2,True,2664,True,True,True,True,2707,2707,2661,2661,0.9819188191881919,0.9819188191881919
calibration_scale_camera_1200,1200,scale_camera,17,car_A.window,2,True,2667,True,True,True,True,2729,2729,2664,2664,0.9751098096632503,0.9751098096632503
calibration_scale_camera_1200,1200,scale_camera,18,car_A.window,2,True,2665,True,True,True,True,2741,2741,2663,2663,0.9708348523514401,0.9708348523514401
calibration_scale_camera_1200,1200,scale_camera,19,car_A.window,2,True,2667,True,True,True,True,2732,2732,2664,2664,0.9740402193784278,0.9740402193784278
calibration_scale_camera_1200,1200,scale_camera,20,car_A.window,2,True,2664,True,True,True,True,2716,2716,2659,2659,0.9772142594634325,0.9772142594634325
calibration_scale_camera_1200,1200,scale_camera,21,car_A.window,2,True,2663,True,True,True,True,2706,2706,2657,2657,0.9797197640117994,0.9797197640117994
calibration_scale_camera_1200,1200,scale_camera,22,car_A.window,2,True,2561,True,True,True,True,2674,2674,2556,2556,0.9540873460246361,0.9540873460246361
calibration_scale_camera_1200,1200,scale_camera,23,car_A.window,2,True,2599,True,True,True,True,2645,2645,2589,2589,0.9751412429378531,0.9751412429378531
calibration_scale_camera_1200,1200,scale_camera,24,car_A.window,2,True,2618,True,True,True,True,2640,2640,2589,2589,0.9700262270513301,0.9700262270513301
calibration_scale_camera_1200,1200,scale_camera,25,car_A.window,2,True,2578,True,True,True,True,2548,2548,2534,2534,0.9776234567901234,0.9776234567901234
calibration_scale_camera_1200,1200,scale_camera,26,car_A.window,2,True,2481,True,True,True,True,2523,2523,2454,2454,0.9623529411764706,0.9623529411764706
calibration_scale_camera_1200,1200,scale_camera,27,car_A.window,2,True,2413,True,True,True,True,2462,2462,2389,2389,0.9609814963797265,0.9609814963797265
calibration_scale_camera_1200,1200,scale_camera,28,car_A.window,2,True,2379,True,True,True,True,2384,2384,2361,2361,0.9829308909242298,0.9829308909242298
calibration_scale_camera_1200,1200,scale_camera,29,car_A.window,2,True,2279,True,True,True,True,2324,2324,2254,2254,0.9595572584078331,0.9595572584078331
calibration_scale_camera_1200,1200,scale_camera,30,car_A.window,2,True,2272,True,True,True,True,2278,2278,2261,2261,0.9877675840978594,0.9877675840978594
calibration_scale_camera_1200,1200,scale_camera,31,car_A.window,2,True,2146,True,True,True,True,2188,2188,2131,2131,0.9673172945982751,0.9673172945982751
calibration_scale_camera_1200,1200,scale_camera,32,car_A.window,2,True,2137,True,True,True,True,2142,2142,2111,2111,0.9737084870848709,0.9737084870848709
calibration_scale_camera_1200,1200,scale_camera,33,car_A.window,2,True,2052,True,True,True,True,2057,2057,2049,2049,0.9946601941747573,0.9946601941747573
calibration_scale_camera_1200,1200,scale_camera,34,car_A.window,2,True,1959,True,True,True,True,1997,1997,1911,1911,0.9344743276283619,0.9344743276283619
calibration_scale_camera_1200,1200,scale_camera,35,car_A.window,2,True,1959,True,True,True,True,1939,1939,1939,1939,0.9897907095456866,0.9897907095456866
calibration_scale_camera_1200,1200,scale_camera,36,car_A.window,2,True,1836,True,True,True,True,1874,1874,1832,1832,0.9755058572949947,0.9755058572949947
calibration_scale_camera_1200,1200,scale_camera,37,car_A.window,2,True,1827,True,True,True,True,1852,1852,1820,1820,0.9790209790209791,0.9790209790209791
calibration_scale_camera_1200,1200,scale_camera,38,car_A.window,2,True,1749,True,True,True,True,1792,1792,1746,1746,0.9727019498607242,0.9727019498607242
calibration_scale_camera_1200,1200,scale_camera,39,car_A.window,2,True,1714,True,True,True,True,1730,1730,1704,1704,0.9793103448275862,0.9793103448275862
calibration_scale_camera_1200,1200,scale_camera,40,car_A.window,2,True,1659,True,True,True,True,1683,1683,1648,1648,0.9728453364817001,0.9728453364817001
calibration_scale_camera_1200,1200,scale_camera,41,car_A.window,2,True,1580,True,True,True,True,1653,1653,1577,1577,0.9522946859903382,0.9522946859903382
calibration_scale_camera_1200,1200,scale_camera,42,car_A.window,2,True,1548,True,True,True,True,1605,1605,1546,1546,0.9620410703173615,0.9620410703173615
calibration_scale_camera_1200,1200,scale_camera,43,car_A.window,2,True,1561,True,True,True,True,1585,1585,1541,1541,0.9601246105919004,0.9601246105919004
calibration_scale_camera_1200,1200,scale_camera,44,car_A.window,2,True,1594,True,True,True,True,1571,1571,1564,1564,0.976889444097439,0.976889444097439
calibration_scale_camera_1200,1200,scale_camera,45,car_A.window,2,True,1516,True,True,True,True,1538,1538,1492,1492,0.9551856594110115,0.9551856594110115
calibration_scale_camera_1200,1200,scale_camera,46,car_A.window,2,True,1516,True,True,True,True,1537,1537,1494,1494,0.9583066067992303,0.9583066067992303
calibration_scale_camera_1200,1200,scale_camera,47,car_A.window,2,True,1517,True,True,True,True,1549,1549,1498,1498,0.9553571428571429,0.9553571428571429
calibration_scale_camera_1200,1200,scale_camera,48,car_A.window,2,True,1518,True,True,True,True,1534,1534,1502,1502,0.9690322580645161,0.9690322580645161
calibration_scale_camera_1200,1200,scale_camera,49,car_A.window,2,True,1517,True,True,True,True,1544,1544,1503,1503,0.9646983311938383,0.9646983311938383
calibration_scale_camera_1200,1200,scale_camera,50,car_A.window,2,True,1516,True,True,True,True,1544,1544,1495,1495,0.9552715654952076,0.9552715654952076
calibration_scale_camera_1200,1200,scale_camera,51,car_A.window,2,True,1516,True,True,True,True,1517,1517,1487,1487,0.961836998706339,0.961836998706339
calibration_scale_camera_1200,1200,scale_camera,52,car_A.window,2,True,1594,True,True,True,True,1578,1578,1567,1567,0.9763239875389408,0.9763239875389408
calibration_scale_camera_1200,1200,scale_camera,53,car_A.window,2,True,1561,True,True,True,True,1562,1562,1536,1536,0.9678638941398866,0.9678638941398866
calibration_scale_camera_1200,1200,scale_camera,54,car_A.window,2,True,1548,True,True,True,True,1615,1615,1546,1546,0.956091527520099,0.956091527520099
calibration_scale_camera_1200,1200,scale_camera,55,car_A.window,2,True,1580,True,True,True,True,1657,1657,1577,1577,0.95,0.95
calibration_scale_camera_1200,1200,scale_camera,56,car_A.window,2,True,1659,True,True,True,True,1686,1686,1648,1648,0.9711255156157925,0.9711255156157925
calibration_scale_camera_1200,1200,scale_camera,57,car_A.window,2,True,1714,True,True,True,True,1736,1736,1708,1708,0.9804822043628014,0.9804822043628014
calibration_scale_camera_1200,1200,scale_camera,58,car_A.window,2,True,1749,True,True,True,True,1791,1791,1747,1747,0.9743446737311768,0.9743446737311768
calibration_scale_camera_1200,1200,scale_camera,59,car_A.window,2,True,1827,True,True,True,True,1839,1839,1819,1819,0.9848402815376286,0.9848402815376286
calibration_scale_camera_1200,1200,scale_camera,60,car_A.window,2,True,1836,True,True,True,True,1849,1849,1828,1828,0.9843834141087776,0.9843834141087776
calibration_scale_camera_1200,1200,scale_camera,61,car_A.window,2,True,1959,True,True,True,True,1970,1970,1948,1948,0.98334174659263,0.98334174659263
calibration_scale_camera_1200,1200,scale_camera,62,car_A.window,2,True,1959,True,True,True,True,2000,2000,1918,1918,0.9397354238118569,0.9397354238118569
calibration_scale_camera_1200,1200,scale_camera,63,car_A.window,2,True,2052,True,True,True,True,2049,2049,2049,2049,0.9985380116959064,0.9985380116959064
calibration_scale_camera_1200,1200,scale_camera,1,car_B.front_door,3,True,3304,True,True,True,True,3302,3302,3302,3302,0.9993946731234867,0.9993946731234867
calibration_scale_camera_1200,1200,scale_camera,2,car_B.front_door,3,True,3304,True,True,True,True,3303,3303,3303,3303,0.9996973365617433,0.9996973365617433
calibration_scale_camera_1200,1200,scale_camera,3,car_B.front_door,3,True,3304,True,True,True,True,3303,3303,3303,3303,0.9996973365617433,0.9996973365617433
calibration_scale_camera_1200,1200,scale_camera,4,car_B.front_door,3,True,3191,True,True,True,True,3286,3286,3187,3187,0.9686930091185411,0.9686930091185411
calibration_scale_camera_1200,1200,scale_camera,5,car_B.front_door,3,True,3133,True,True,True,True,3169,3169,3126,3126,0.9842569269521411,0.9842569269521411
calibration_scale_camera_1200,1200,scale_camera,6,car_B.front_door,3,True,2968,True,True,True,True,3046,3046,2966,2966,0.9730971128608924,0.9730971128608924
calibration_scale_camera_1200,1200,scale_camera,7,car_B.front_door,3,True,2915,True,True,True,True,2984,2984,2914,2914,0.976214405360134,0.976214405360134
calibration_scale_camera_1200,1200,scale_camera,8,car_B.front_door,3,True,2805,True,True,True,True,2877,2877,2797,2797,0.9694974003466205,0.9694974003466205
calibration_scale_camera_1200,1200,scale_camera,9,car_B.front_door,3,True,2808,True,True,True,True,2830,2830,2801,2801,0.9873105393020797,0.9873105393020797
calibration_scale_camera_1200,1200,scale_camera,10,car_B.front_door,3,True,2647,True,True,True,True,2724,2724,2646,2646,0.9710091743119266,0.9710091743119266
calibration_scale_camera_1200,1200,scale_camera,11,car_B.front_door,3,True,2601,True,True,True,True,2654,2654,2597,2597,0.9770504138449962,0.9770504138449962
calibration_scale_camera_1200,1200,scale_camera,12,car_B.front_door,3,True,2547,True,True,True,True,2608,2608,2544,2544,0.9743393335886633,0.9743393335886633
calibration_scale_camera_1200,1200,scale_camera,13,car_B.front_door,3,True,2498,True,True,True,True,2542,2542,2491,2491,0.9772459788152217,0.9772459788152217
calibration_scale_camera_1200,1200,scale_camera,14,car_B.front_door,3,True,2450,True,True,True,True,2507,2507,2448,2448,0.9756875249103228,0.9756875249103228
calibration_scale_camera_1200,1200,scale_camera,15,car_B.front_door,3,True,2351,True,True,True,True,2473,2473,2350,2350,0.9498787388843978,0.9498787388843978
calibration_scale_camera_1200,1200,scale_camera,16,car_B.front_door,3,True,2352,True,True,True,True,2457,2457,2351,2351,0.9564686737184703,0.9564686737184703
calibration_scale_camera_1200,1200,scale_camera,17,car_B.front_door,3,True,2350,True,True,True,True,2445,2445,2349,2349,0.9603434178250204,0.9603434178250204
calibration_scale_camera_1200,1200,scale_camera,18,car_B.front_door,3,True,2399,True,True,True,True,2437,2437,2394,2394,0.9803439803439803,0.9803439803439803
calibration_scale_camera_1200,1200,scale_camera,19,car_B.front_door,3,True,2350,True,True,True,True,2444,2444,2349,2349,0.9607361963190184,0.9607361963190184
calibration_scale_camera_1200,1200,scale_camera,20,car_B.front_door,3,True,2352,True,True,True,True,2461,2461,2352,2352,0.9557090613571719,0.9557090613571719
calibration_scale_camera_1200,1200,scale_camera,21,car_B.front_door,3,True,2351,True,True,True,True,2461,2461,2350,2350,0.9545085296506904,0.9545085296506904
calibration_scale_camera_1200,1200,scale_camera,22,car_B.front_door,3,True,2450,True,True,True,True,2495,2495,2446,2446,0.9787915166066427,0.9787915166066427
calibration_scale_camera_1200,1200,scale_camera,23,car_B.front_door,3,True,2498,True,True,True,True,2541,2541,2490,2490,0.9768536681051393,0.9768536681051393
calibration_scale_camera_1200,1200,scale_camera,24,car_B.front_door,3,True,2547,True,True,True,True,2609,2609,2544,2544,0.9739663093415007,0.9739663093415007
calibration_scale_camera_1200,1200,scale_camera,25,car_B.front_door,3,True,2601,True,True,True,True,2648,2648,2596,2596,0.9785148888051263,0.9785148888051263
calibration_scale_camera_1200,1200,scale_camera,26,car_B.front_door,3,True,2647,True,True,True,True,2717,2717,2646,2646,0.9735099337748344,0.9735099337748344
calibration_scale_camera_1200,1200,scale_camera,27,car_B.front_door,3,True,2808,True,True,True,True,2809,2809,2793,2793,0.9890226628895185,0.9890226628895185
calibration_scale_camera_1200,1200,scale_camera,28,car_B.front_door,3,True,2805,True,True,True,True,2864,2864,2793,2793,0.9711404728789986,0.9711404728789986
calibration_scale_camera_1200,1200,scale_camera,29,car_B.front_door,3,True,2915,True,True,True,True,2948,2948,2899,2899,0.9780701754385965,0.9780701754385965
calibration_scale_camera_1200,1200,scale_camera,30,car_B.front_door,3,True,2968,True,True,True,True,3040,3040,2966,2966,0.9750164365548981,0.9750164365548981
calibration_scale_camera_1200,1200,scale_camera,31,car_B.front_door,3,True,3133,True,True,True,True,3168,3168,3126,3126,0.9845669291338582,0.9845669291338582
calibration_scale_camera_1200,1200,scale_camera,32,car_B.front_door,3,True,3191,True,True,True,True,3253,3253,3177,3177,0.9724517906336089,0.9724517906336089
calibration_scale_camera_1200,1200,scale_camera,33,car_B.front_door,3,True,3304,True,True,True,True,3303,3303,3303,3303,0.9996973365617433,0.9996973365617433
calibration_scale_camera_1200,1200,scale_camera,34,car_B.front_door,3,True,3421,True,True,True,True,3430,3430,3396,3396,0.9829232995658466,0.9829232995658466
calibration_scale_camera_1200,1200,scale_camera,35,car_B.front_door,3,True,3480,True,True,True,True,3553,3553,3472,3472,0.9750070204998595,0.9750070204998595
calibration_scale_camera_1200,1200,scale_camera,36,car_B.front_door,3,True,3656,True,True,True,True,3666,3666,3647,3647,0.9923809523809524,0.9923809523809524
calibration_scale_camera_1200,1200,scale_camera,37,car_B.front_door,3,True,3717,True,True,True,True,3729,3729,3709,3709,0.9925073588439925,0.9925073588439925
calibration_scale_camera_1200,1200,scale_camera,38,car_B.front_door,3,True,3841,True,True,True,True,3879,3879,3820,3820,0.9794871794871794,0.9794871794871794
calibration_scale_camera_1200,1200,scale_camera,39,car_B.front_door,3,True,3839,True,True,True,True,3923,3923,3838,3838,0.9780835881753313,0.9780835881753313
calibration_scale_camera_1200,1200,scale_camera,40,car_B.front_door,3,True,4030,True,True,True,True,4035,4035,3997,3997,0.9825467059980334,0.9825467059980334
calibration_scale_camera_1200,1200,scale_camera,41,car_B.front_door,3,True,4093,True,True,True,True,4131,4131,4071,4071,0.9802552371779436,0.9802552371779436
calibration_scale_camera_1200,1200,scale_camera,42,car_B.front_door,3,True,4154,True,True,True,True,4195,4195,4123,4123,0.9756270705158543,0.9756270705158543
calibration_scale_camera_1200,1200,scale_camera,43,car_B.front_door,3,True,4216,True,True,True,True,4240,4240,4197,4197,0.9854425921577835,0.9854425921577835
calibration_scale_camera_1200,1200,scale_camera,44,car_B.front_door,3,True,4289,True,True,True,True,4310,4310,4276,4276,0.9891279204256304,0.9891279204256304
calibration_scale_camera_1200,1200,scale_camera,45,car_B.front_door,3,True,4418,True,True,True,True,4354,4354,4349,4349,0.9832692742482478,0.9832692742482478
calibration_scale_camera_1200,1200,scale_camera,46,car_B.front_door,3,True,4420,True,True,True,True,4380,4380,4368,4368,0.9855595667870036,0.9855595667870036
calibration_scale_camera_1200,1200,scale_camera,47,car_B.front_door,3,True,4420,True,True,True,True,4394,4394,4381,4381,0.9882697947214076,0.9882697947214076
calibration_scale_camera_1200,1200,scale_camera,48,car_B.front_door,3,True,4352,True,True,True,True,4406,4406,4346,4346,0.985040797824116,0.985040797824116
calibration_scale_camera_1200,1200,scale_camera,49,car_B.front_door,3,True,4420,True,True,True,True,4382,4382,4374,4374,0.9878048780487805,0.9878048780487805
calibration_scale_camera_1200,1200,scale_camera,50,car_B.front_door,3,True,4420,True,True,True,True,4367,4367,4358,4358,0.9839692932941974,0.9839692932941974
calibration_scale_camera_1200,1200,scale_camera,51,car_B.front_door,3,True,4418,True,True,True,True,4364,4364,4357,4357,0.9846327683615819,0.9846327683615819
calibration_scale_camera_1200,1200,scale_camera,52,car_B.front_door,3,True,4289,True,True,True,True,4300,4300,4267,4267,0.9872744099953725,0.9872744099953725
calibration_scale_camera_1200,1200,scale_camera,53,car_B.front_door,3,True,4216,True,True,True,True,4240,4240,4196,4196,0.9849765258215962,0.9849765258215962
calibration_scale_camera_1200,1200,scale_camera,54,car_B.front_door,3,True,4154,True,True,True,True,4178,4178,4114,4114,0.975343764817449,0.975343764817449
calibration_scale_camera_1200,1200,scale_camera,55,car_B.front_door,3,True,4093,True,True,True,True,4139,4139,4078,4078,0.9817043813192105,0.9817043813192105
calibration_scale_camera_1200,1200,scale_camera,56,car_B.front_door,3,True,4030,True,True,True,True,4053,4053,4002,4002,0.980641999509924,0.980641999509924
calibration_scale_camera_1200,1200,scale_camera,57,car_B.front_door,3,True,3839,True,True,True,True,3916,3916,3837,3837,0.9793261868300153,0.9793261868300153
calibration_scale_camera_1200,1200,scale_camera,58,car_B.front_door,3,True,3841,True,True,True,True,3859,3859,3808,3808,0.9784172661870504,0.9784172661870504
calibration_scale_camera_1200,1200,scale_camera,59,car_B.front_door,3,True,3717,True,True,True,True,3755,3755,3709,3709,0.9856497475418549,0.9856497475418549
calibration_scale_camera_1200,1200,scale_camera,60,car_B.front_door,3,True,3656,True,True,True,True,3643,3643,3633,3633,0.9909983633387889,0.9909983633387889
calibration_scale_camera_1200,1200,scale_camera,61,car_B.front_door,3,True,3480,True,True,True,True,3531,3531,3458,3458,0.9732620320855615,0.9732620320855615
calibration_scale_camera_1200,1200,scale_camera,62,car_B.front_door,3,True,3421,True,True,True,True,3463,3463,3415,3415,0.984433554338426,0.984433554338426
calibration_scale_camera_1200,1200,scale_camera,63,car_B.front_door,3,True,3304,True,True,True,True,3304,3304,3303,3303,0.9993948562783661,0.9993948562783661
calibration_scale_camera_1200,1200,scale_camera,1,car_B.window,4,True,2052,True,True,True,True,2049,2049,2049,2049,0.9985380116959064,0.9985380116959064
calibration_scale_camera_1200,1200,scale_camera,2,car_B.window,4,True,2052,True,True,True,True,2049,2049,2049,2049,0.9985380116959064,0.9985380116959064
calibration_scale_camera_1200,1200,scale_camera,3,car_B.window,4,True,2052,True,True,True,True,2049,2049,2049,2049,0.9985380116959064,0.9985380116959064
calibration_scale_camera_1200,1200,scale_camera,4,car_B.window,4,True,1959,True,True,True,True,1983,1983,1904,1904,0.9342492639842983,0.9342492639842983
calibration_scale_camera_1200,1200,scale_camera,5,car_B.window,4,True,1959,True,True,True,True,1942,1942,1940,1940,0.9892911779704232,0.9892911779704232
calibration_scale_camera_1200,1200,scale_camera,6,car_B.window,4,True,1836,True,True,True,True,1843,1843,1825,1825,0.9843581445523193,0.9843581445523193
calibration_scale_camera_1200,1200,scale_camera,7,car_B.window,4,True,1827,True,True,True,True,1809,1809,1804,1804,0.9847161572052402,0.9847161572052402
calibration_scale_camera_1200,1200,scale_camera,8,car_B.window,4,True,1749,True,True,True,True,1771,1771,1746,1746,0.9842164599774521,0.9842164599774521
calibration_scale_camera_1200,1200,scale_camera,9,car_B.window,4,True,1714,True,True,True,True,1713,1713,1695,1695,0.9786374133949192,0.9786374133949192
calibration_scale_camera_1200,1200,scale_camera,10,car_B.window,4,True,1659,True,True,True,True,1666,1666,1641,1641,0.9744655581947743,0.9744655581947743
calibration_scale_camera_1200,1200,scale_camera,11,car_B.window,4,True,1580,True,True,True,True,1628,1628,1573,1573,0.962079510703364,0.962079510703364
calibration_scale_camera_1200,1200,scale_camera,12,car_B.window,4,True,1548,True,True,True,True,1582,1582,1545,1545,0.9747634069400631,0.9747634069400631
calibration_scale_camera_1200,1200,scale_camera,13,car_B.window,4,True,1561,True,True,True,True,1558,1558,1532,1532,0.9653434152488973,0.9653434152488973
calibration_scale_camera_1200,1200,scale_camera,14,car_B.window,4,True,1594,True,True,True,True,1543,1543,1543,1543,0.9680050188205772,0.9680050188205772
calibration_scale_camera_1200,1200,scale_camera,15,car_B.window,4,True,1516,True,True,True,True,1516,1516,1488,1488,0.9637305699481865,0.9637305699481865
calibration_scale_camera_1200,1200,scale_camera,16,car_B.window,4,True,1516,True,True,True,True,1510,1510,1482,1482,0.9598445595854922,0.9598445595854922
calibration_scale_camera_1200,1200,scale_camera,17,car_B.window,4,True,1517,True,True,True,True,1505,1505,1481,1481,0.9610642439974043,0.9610642439974043
calibration_scale_camera_1200,1200,scale_camera,18,car_B.window,4,True,1518,True,True,True,True,1500,1500,1489,1489,0.973839110529758,0.973839110529758
calibration_scale_camera_1200,1200,scale_camera,19,car_B.window,4,True,1517,True,True,True,True,1507,1507,1481,1481,0.9598185353208036,0.9598185353208036
calibration_scale_camera_1200,1200,scale_camera,20,car_B.window,4,True,1516,True,True,True,True,1518,1518,1483,1483,0.9561573178594455,0.9561573178594455
calibration_scale_camera_1200,1200,scale_camera,21,car_B.window,4,True,1516,True,True,True,True,1518,1518,1483,1483,0.9561573178594455,0.9561573178594455
calibration_scale_camera_1200,1200,scale_camera,22,car_B.window,4,True,1594,True,True,True,True,1555,1555,1553,1553,0.9730576441102757,0.9730576441102757
calibration_scale_camera_1200,1200,scale_camera,23,car_B.window,4,True,1561,True,True,True,True,1563,1563,1530,1530,0.9598494353826851,0.9598494353826851
calibration_scale_camera_1200,1200,scale_camera,24,car_B.window,4,True,1548,True,True,True,True,1590,1590,1546,1546,0.9711055276381909,0.9711055276381909
calibration_scale_camera_1200,1200,scale_camera,25,car_B.window,4,True,1580,True,True,True,True,1634,1634,1575,1575,0.9609517998779744,0.9609517998779744
calibration_scale_camera_1200,1200,scale_camera,26,car_B.window,4,True,1659,True,True,True,True,1664,1664,1642,1642,0.9767995240928019,0.9767995240928019
calibration_scale_camera_1200,1200,scale_camera,27,car_B.window,4,True,1714,True,True,True,True,1713,1713,1699,1699,0.9832175925925926,0.9832175925925926
calibration_scale_camera_1200,1200,scale_camera,28,car_B.window,4,True,1749,True,True,True,True,1767,1767,1745,1745,0.9853190287972897,0.9853190287972897
calibration_scale_camera_1200,1200,scale_camera,29,car_B.window,4,True,1827,True,True,True,True,1805,1805,1801,1801,0.983615510649918,0.983615510649918
calibration_scale_camera_1200,1200,scale_camera,30,car_B.window,4,True,1836,True,True,True,True,1855,1855,1828,1828,0.9812130971551262,0.9812130971551262
calibration_scale_camera_1200,1200,scale_camera,31,car_B.window,4,True,1959,True,True,True,True,1946,1946,1939,1939,0.986266531027467,0.986266531027467
calibration_scale_camera_1200,1200,scale_camera,32,car_B.window,4,True,1959,True,True,True,True,1994,1994,1910,1910,0.9348996573666177,0.9348996573666177
calibration_scale_camera_1200,1200,scale_camera,33,car_B.window,4,True,2052,True,True,True,True,2049,2049,2049,2049,0.9985380116959064,0.9985380116959064
calibration_scale_camera_1200,1200,scale_camera,34,car_B.window,4,True,2137,True,True,True,True,2141,2141,2110,2110,0.9732472324723247,0.9732472324723247
calibration_scale_camera_1200,1200,scale_camera,35,car_B.window,4,True,2146,True,True,True,True,2181,2181,2133,2133,0.9721969006381039,0.9721969006381039
calibration_scale_camera_1200,1200,scale_camera,36,car_B.window,4,True,2272,True,True,True,True,2269,2269,2251,2251,0.9829694323144105,0.9829694323144105
calibration_scale_camera_1200,1200,scale_camera,37,car_B.window,4,True,2279,True,True,True,True,2314,2314,2256,2256,0.9653401797175867,0.9653401797175867
calibration_scale_camera_1200,1200,scale_camera,38,car_B.window,4,True,2379,True,True,True,True,2392,2392,2363,2363,0.981312292358804,0.981312292358804
calibration_scale_camera_1200,1200,scale_camera,39,car_B.window,4,True,2413,True,True,True,True,2431,2431,2385,2385,0.9699064660431069,0.9699064660431069
calibration_scale_camera_1200,1200,scale_camera,40,car_B.window,4,True,2481,True,True,True,True,2504,2504,2452,2452,0.9680221081721279,0.9680221081721279
calibration_scale_camera_1200,1200,scale_camera,41,car_B.window,4,True,2578,True,True,True,True,2551,2551,2543,2543,0.9833720030935809,0.9833720030935809
calibration_scale_camera_1200,1200,scale_camera,42,car_B.window,4,True,2618,True,True,True,True,2591,2591,2574,2574,0.9768500948766603,0.9768500948766603
calibration_scale_camera_1200,1200,scale_camera,43,car_B.window,4,True,2599,True,True,True,True,2620,2620,2582,2582,0.9791429654910884,0.9791429654910884
calibration_scale_camera_1200,1200,scale_camera,44,car_B.window,4,True,2561,True,True,True,True,2654,2654,2557,2557,0.9620015048908954,0.9620015048908954
calibration_scale_camera_1200,1200,scale_camera,45,car_B.window,4,True,2663,True,True,True,True,2682,2682,2657,2657,0.9884672619047619,0.9884672619047619
calibration_scale_camera_1200,1200,scale_camera,46,car_B.window,4,True,2664,True,True,True,True,2685,2685,2658,2658,0.987736900780379,0.987736900780379
calibration_scale_camera_1200,1200,scale_camera,47,car_B.window,4,True,2667,True,True,True,True,2710,2710,2664,2664,0.9819388131220051,0.9819388131220051
calibration_scale_camera_1200,1200,scale_camera,48,car_B.window,4,True,2665,True,True,True,True,2710,2710,2661,2661,0.9804716285924834,0.9804716285924834
calibration_scale_camera_1200,1200,scale_camera,49,car_B.window,4,True,2667,True,True,True,True,2707,2707,2664,2664,0.9830258302583026,0.9830258302583026
calibration_scale_camera_1200,1200,scale_camera,50,car_B.window,4,True,2664,True,True,True,True,2688,2688,2658,2658,0.9866369710467706,0.9866369710467706
calibration_scale_camera_1200,1200,scale_camera,51,car_B.window,4,True,2663,True,True,True,True,2686,2686,2659,2659,0.9884758364312267,0.9884758364312267
calibration_scale_camera_1200,1200,scale_camera,52,car_B.window,4,True,2561,True,True,True,True,2654,2654,2557,2557,0.9620015048908954,0.9620015048908954
calibration_scale_camera_1200,1200,scale_camera,53,car_B.window,4,True,2599,True,True,True,True,2624,2624,2583,2583,0.9784090909090909,0.9784090909090909
calibration_scale_camera_1200,1200,scale_camera,54,car_B.window,4,True,2618,True,True,True,True,2592,2592,2572,2572,0.974981046247157,0.974981046247157
calibration_scale_camera_1200,1200,scale_camera,55,car_B.window,4,True,2578,True,True,True,True,2546,2546,2539,2539,0.9822050290135397,0.9822050290135397
calibration_scale_camera_1200,1200,scale_camera,56,car_B.window,4,True,2481,True,True,True,True,2493,2493,2448,2448,0.9691211401425178,0.9691211401425178
calibration_scale_camera_1200,1200,scale_camera,57,car_B.window,4,True,2413,True,True,True,True,2435,2435,2383,2383,0.9667342799188641,0.9667342799188641
calibration_scale_camera_1200,1200,scale_camera,58,car_B.window,4,True,2379,True,True,True,True,2392,2392,2359,2359,0.9780265339966833,0.9780265339966833
calibration_scale_camera_1200,1200,scale_camera,59,car_B.window,4,True,2279,True,True,True,True,2323,2323,2254,2254,0.9599659284497445,0.9599659284497445
calibration_scale_camera_1200,1200,scale_camera,60,car_B.window,4,True,2272,True,True,True,True,2278,2278,2261,2261,0.9877675840978594,0.9877675840978594
calibration_scale_camera_1200,1200,scale_camera,61,car_B.window,4,True,2146,True,True,True,True,2170,2170,2138,2138,0.9816345270890725,0.9816345270890725
calibration_scale_camera_1200,1200,scale_camera,62,car_B.window,4,True,2137,True,True,True,True,2142,2142,2111,2111,0.9737084870848709,0.9737084870848709
calibration_scale_camera_1200,1200,scale_camera,63,car_B.window,4,True,2052,True,True,True,True,2051,2051,2050,2050,0.9985387238188017,0.9985387238188017
calibration_scale_camera_1201,1201,scale_camera,1,car_A.front_door,1,True,3304,True,True,True,True,3301,3301,3301,3301,0.99909200968523,0.99909200968523
calibration_scale_camera_1201,1201,scale_camera,2,car_A.front_door,1,True,3304,True,True,True,True,3301,3301,3301,3301,0.99909200968523,0.99909200968523
calibration_scale_camera_1201,1201,scale_camera,3,car_A.front_door,1,True,3304,True,True,True,True,3301,3301,3301,3301,0.99909200968523,0.99909200968523
calibration_scale_camera_1201,1201,scale_camera,4,car_A.front_door,1,True,3420,True,True,True,True,3402,3402,3395,3395,0.9906623869273417,0.9906623869273417
calibration_scale_camera_1201,1201,scale_camera,5,car_A.front_door,1,True,3420,True,True,True,True,3487,3487,3416,3416,0.9785161844743626,0.9785161844743626
calibration_scale_camera_1201,1201,scale_camera,6,car_A.front_door,1,True,3481,True,True,True,True,3535,3535,3462,3462,0.9741136747326955,0.9741136747326955
calibration_scale_camera_1201,1201,scale_camera,7,car_A.front_door,1,True,3535,True,True,True,True,3595,3595,3534,3534,0.9827586206896551,0.9827586206896551
calibration_scale_camera_1201,1201,scale_camera,8,car_A.front_door,1,True,3659,True,True,True,True,3682,3682,3633,3633,0.9797734627831716,0.9797734627831716
calibration_scale_camera_1201,1201,scale_camera,9,car_A.front_door,1,True,3713,True,True,True,True,3743,3743,3702,3702,0.9861481086840703,0.9861481086840703
calibration_scale_camera_1201,1201,scale_camera,10,car_A.front_door,1,True,3777,True,True,True,True,3796,3796,3748,3748,0.9798692810457517,0.9798692810457517
calibration_scale_camera_1201,1201,scale_camera,11,car_A.front_door,1,True,3842,True,True,True,True,3859,3859,3811,3811,0.9796915167095116,0.9796915167095116
calibration_scale_camera_1201,1201,scale_camera,12,car_A.front_door,1,True,3837,True,True,True,True,3893,3893,3835,3835,0.9845956354300385,0.9845956354300385
calibration_scale_camera_1201,1201,scale_camera,13,car_A.front_door,1,True,3904,True,True,True,True,3935,3935,3892,3892,0.9860653661008361,0.9860653661008361
calibration_scale_camera_1201,1201,scale_camera,14,car_A.front_door,1,True,3904,True,True,True,True,3943,3943,3893,3893,0.9845725847243298,0.9845725847243298
calibration_scale_camera_1201,1201,scale_camera,15,car_A.front_door,1,True,4034,True,True,True,True,4010,4010,3996,3996,0.9871541501976284,0.9871541501976284
calibration_scale_camera_1201,1201,scale_camera,16,car_A.front_door,1,True,4031,True,True,True,True,4022,4022,3988,3988,0.9810578105781058,0.9810578105781058
calibration_scale_camera_1201,1201,scale_camera,17,car_A.front_door,1,True,4031,True,True,True,True,4025,4025,3987,3987,0.9798476284099288,0.9798476284099288
calibration_scale_camera_1201,1201,scale_camera,18,car_A.front_door,1,True,4031,True,True,True,True,4023,4023,3986,3986,0.97984267453294,0.97984267453294
calibration_scale_camera_1201,1201,scale_camera,19,car_A.front_door,1,True,4031,True,True,True,True,4033,4033,3996,3996,0.9823008849557522,0.9823008849557522
calibration_scale_camera_1201,1201,scale_camera,20,car_A.front_door,1,True,4031,True,True,True,True,4035,4035,3997,3997,0.9823052347014009,0.9823052347014009
calibration_scale_camera_1201,1201,scale_camera,21,car_A.front_door,1,True,4034,True,True,True,True,4020,4020,4001,4001,0.9871699975326919,0.9871699975326919
calibration_scale_camera_1201,1201,scale_camera,22,car_A.front_door,1,True,3904,True,True,True,True,3945,3945,3890,3890,0.9825713564031321,0.9825713564031321
calibration_scale_camera_1201,1201,scale_camera,23,car_A.front_door,1,True,3904,True,True,True,True,3938,3938,3890,3890,0.9843117408906883,0.9843117408906883
calibration_scale_camera_1201,1201,scale_camera,24,car_A.front_door,1,True,3837,True,True,True,True,3899,3899,3835,3835,0.9830812612150731,0.9830812612150731
calibration_scale_camera_1201,1201,scale_camera,25,car_A.front_door,1,True,3842,True,True,True,True,3854,3854,3809,3809,0.979933110367893,0.979933110367893
calibration_scale_camera_1201,1201,scale_camera,26,car_A.front_door,1,True,3777,True,True,True,True,3794,3794,3752,3752,0.9824561403508771,0.9824561403508771
calibration_scale_camera_1201,1201,scale_camera,27,car_A.front_door,1,True,3713,True,True,True,True,3740,3740,3706,3706,0.9890579129970644,0.9890579129970644
calibration_scale_camera_1201,1201,scale_camera,28,car_A.front_door,1,True,3659,True,True,True,True,3682,3682,3631,3631,0.9787061994609164,0.9787061994609164
calibration_scale_camera_1201,1201,scale_camera,29,car_A.front_door,1,True,3535,True,True,True,True,3591,3591,3532,3532,0.9827490261547023,0.9827490261547023
calibration_scale_camera_1201,1201,scale_camera,30,car_A.front_door,1,True,3481,True,True,True,True,3535,3535,3462,3462,0.9741136747326955,0.9741136747326955
calibration_scale_camera_1201,1201,scale_camera,31,car_A.front_door,1,True,3420,True,True,True,True,3486,3486,3415,3415,0.9782297336006874,0.9782297336006874
calibration_scale_camera_1201,1201,scale_camera,32,car_A.front_door,1,True,3420,True,True,True,True,3401,3401,3393,3393,0.9897899649941657,0.9897899649941657
calibration_scale_camera_1201,1201,scale_camera,33,car_A.front_door,1,True,3304,True,True,True,True,3302,3302,3302,3302,0.9993946731234867,0.9993946731234867
calibration_scale_camera_1201,1201,scale_camera,34,car_A.front_door,1,True,3190,True,True,True,True,3235,3235,3188,3188,0.9848625270312017,0.9848625270312017
calibration_scale_camera_1201,1201,scale_camera,35,car_A.front_door,1,True,3190,True,True,True,True,3192,3192,3176,3176,0.990642545227698,0.990642545227698
calibration_scale_camera_1201,1201,scale_camera,36,car_A.front_door,1,True,3132,True,True,True,True,3157,3157,3118,3118,0.9832860296436455,0.9832860296436455
calibration_scale_camera_1201,1201,scale_camera,37,car_A.front_door,1,True,3075,True,True,True,True,3074,3074,3057,3057,0.9886804657179818,0.9886804657179818
calibration_scale_camera_1201,1201,scale_camera,38,car_A.front_door,1,True,2967,True,True,True,True,3020,3020,2964,2964,0.9804829639431029,0.9804829639431029
calibration_scale_camera_1201,1201,scale_camera,39,car_A.front_door,1,True,2916,True,True,True,True,2947,2947,2903,2903,0.9807432432432432,0.9807432432432432
calibration_scale_camera_1201,1201,scale_camera,40,car_A.front_door,1,True,2858,True,True,True,True,2919,2919,2854,2854,0.976394115634622,0.976394115634622
calibration_scale_camera_1201,1201,scale_camera,41,car_A.front_door,1,True,2806,True,True,True,True,2861,2861,2802,2802,0.9780104712041885,0.9780104712041885
calibration_scale_camera_1201,1201,scale_camera,42,car_A.front_door,1,True,2805,True,True,True,True,2825,2825,2795,2795,0.9858906525573192,0.9858906525573192
calibration_scale_camera_1201,1201,scale_camera,43,car_A.front_door,1,True,2753,True,True,True,True,2776,2776,2748,2748,0.9881337648327939,0.9881337648327939
calibration_scale_camera_1201,1201,scale_camera,44,car_A.front_door,1,True,2753,True,True,True,True,2788,2788,2748,2748,0.9838882921589689,0.9838882921589689
calibration_scale_camera_1201,1201,scale_camera,45,car_A.front_door,1,True,2651,True,True,True,True,2727,2727,2651,2651,0.9721305463879721,0.9721305463879721
calibration_scale_camera_1201,1201,scale_camera,46,car_A.front_door,1,True,2648,True,True,True,True,2712,2712,2647,2647,0.9756726870622927,0.9756726870622927
calibration_scale_camera_1201,1201,scale_camera,47,car_A.front_door,1,True,2648,True,True,True,True,2685,2685,2644,2644,0.9832651543324656,0.9832651543324656
calibration_scale_camera_1201,1201,scale_camera,48,car_A.front_door,1,True,2647,True,True,True,True,2694,2694,2645,2645,0.9810830860534124,0.9810830860534124
calibration_scale_camera_1201,1201,scale_camera,49,car_A.front_door,1,True,2648,True,True,True,True,2706,2706,2646,2646,0.9771048744460856,0.9771048744460856
calibration_scale_camera_1201,1201,scale_camera,50,car_A.front_door,1,True,2648,True,True,True,True,2706,2706,2647,2647,0.9778352419652752,0.9778352419652752
calibration_scale_camera_1201,1201,scale_camera,51,car_A.front_door,1,True,2651,True,True,True,True,2722,2722,2651,2651,0.9739162380602499,0.9739162380602499
calibration_scale_camera_1201,1201,scale_camera,52,car_A.front_door,1,True,2753,True,True,True,True,2771,2771,2747,2747,0.9891969751530428,0.9891969751530428
calibration_scale_camera_1201,1201,scale_camera,53,car_A.front_door,1,True,2753,True,True,True,True,2772,2772,2747,2747,0.9888408927285817,0.9888408927285817
calibration_scale_camera_1201,1201,scale_camera,54,car_A.front_door,1,True,2805,True,True,True,True,2822,2822,2785,2785,0.9799437016185785,0.9799437016185785
calibration_scale_camera_1201,1201,scale_camera,55,car_A.front_door,1,True,2806,True,True,True,True,2855,2855,2802,2802,0.9800629590766002,0.9800629590766002
calibration_scale_camera_1201,1201,scale_camera,56,car_A.front_door,1,True,2858,True,True,True,True,2908,2908,2852,2852,0.9787234042553191,0.9787234042553191
calibration_scale_camera_1201,1201,scale_camera,57,car_A.front_door,1,True,2916,True,True,True,True,2952,2952,2907,2907,0.9817629179331308,0.9817629179331308
calibration_scale_camera_1201,1201,scale_camera,58,car_A.front_door,1,True,2967,True,True,True,True,3017,3017,2965,2965,0.9821132825438887,0.9821132825438887
calibration_scale_camera_1201,1201,scale_camera,59,car_A.front_door,1,True,3075,True,True,True,True,3089,3089,3057,3057,0.9839073060830383,0.9839073060830383
calibration_scale_camera_1201,1201,scale_camera,60,car_A.front_door,1,True,3132,True,True,True,True,3156,3156,3123,3123,0.9867298578199052,0.9867298578199052
calibration_scale_camera_1201,1201,scale_camera,61,car_A.front_door,1,True,3190,True,True,True,True,3189,3189,3175,3175,0.9909488139825219,0.9909488139825219
calibration_scale_camera_1201,1201,scale_camera,62,car_A.front_door,1,True,3190,True,True,True,True,3238,3238,3188,3188,0.9839506172839506,0.9839506172839506
calibration_scale_camera_1201,1201,scale_camera,63,car_A.front_door,1,True,3304,True,True,True,True,3301,3301,3301,3301,0.99909200968523,0.99909200968523
calibration_scale_camera_1201,1201,scale_camera,1,car_A.window,2,True,2052,True,True,True,True,2050,2050,2050,2050,0.9990253411306043,0.9990253411306043
calibration_scale_camera_1201,1201,scale_camera,2,car_A.window,2,True,2052,True,True,True,True,2050,2050,2050,2050,0.9990253411306043,0.9990253411306043
calibration_scale_camera_1201,1201,scale_camera,3,car_A.window,2,True,2052,True,True,True,True,2050,2050,2050,2050,0.9990253411306043,0.9990253411306043
calibration_scale_camera_1201,1201,scale_camera,4,car_A.window,2,True,2089,True,True,True,True,2148,2148,2069,2069,0.9543357933579336,0.9543357933579336
calibration_scale_camera_1201,1201,scale_camera,5,car_A.window,2,True,2146,True,True,True,True,2187,2187,2138,2138,0.9740318906605923,0.9740318906605923
calibration_scale_camera_1201,1201,scale_camera,6,car_A.window,2,True,2147,True,True,True,True,2219,2219,2144,2144,0.9648964896489649,0.9648964896489649
calibration_scale_camera_1201,1201,scale_camera,7,car_A.window,2,True,2242,True,True,True,True,2240,2240,2218,2218,0.9796819787985865,0.9796819787985865
calibration_scale_camera_1201,1201,scale_camera,8,car_A.window,2,True,2276,True,True,True,True,2326,2326,2272,2272,0.975107296137339,0.975107296137339
calibration_scale_camera_1201,1201,scale_camera,9,car_A.window,2,True,2279,True,True,True,True,2323,2323,2260,2260,0.9649871904355252,0.9649871904355252
calibration_scale_camera_1201,1201,scale_camera,10,car_A.window,2,True,2336,True,True,True,True,2359,2359,2321,2321,0.9776748104465038,0.9776748104465038
calibration_scale_camera_1201,1201,scale_camera,11,car_A.window,2,True,2378,True,True,True,True,2431,2431,2362,2362,0.9652635880670208,0.9652635880670208
calibration_scale_camera_1201,1201,scale_camera,12,car_A.window,2,True,2413,True,True,True,True,2467,2467,2399,2399,0.9669488109633212,0.9669488109633212
calibration_scale_camera_1201,1201,scale_camera,13,car_A.window,2,True,2472,True,True,True,True,2459,2459,2436,2436,0.9763527054108216,0.9763527054108216
calibration_scale_camera_1201,1201,scale_camera,14,car_A.window,2,True,2472,True,True,True,True,2460,2460,2435,2435,0.9751702042450942,0.9751702042450942
calibration_scale_camera_1201,1201,scale_camera,15,car_A.window,2,True,2513,True,True,True,True,2529,2529,2484,2484,0.9710711493354183,0.9710711493354183
calibration_scale_camera_1201,1201,scale_camera,16,car_A.window,2,True,2478,True,True,True,True,2546,2546,2462,2462,0.960967993754879,0.960967993754879
calibration_scale_camera_1201,1201,scale_camera,17,car_A.window,2,True,2478,True,True,True,True,2546,2546,2461,2461,0.9602028872415138,0.9602028872415138
calibration_scale_camera_1201,1201,scale_camera,18,car_A.window,2,True,2478,True,True,True,True,2540,2540,2462,2462,0.9632237871674492,0.9632237871674492
calibration_scale_camera_1201,1201,scale_camera,19,car_A.window,2,True,2478,True,True,True,True,2534,2534,2455,2455,0.9601095033242081,0.9601095033242081
calibration_scale_camera_1201,1201,scale_camera,20,car_A.window,2,True,2478,True,True,True,True,2532,2532,2457,2457,0.9623971797884842,0.9623971797884842
calibration_scale_camera_1201,1201,scale_camera,21,car_A.window,2,True,2513,True,True,True,True,2524,2524,2484,2484,0.972972972972973,0.972972972972973
calibration_scale_camera_1201,1201,scale_camera,22,car_A.window,2,True,2472,True,True,True,True,2505,2505,2451,2451,0.9703087885985748,0.9703087885985748
calibration_scale_camera_1201,1201,scale_camera,23,car_A.window,2,True,2472,True,True,True,True,2501,2501,2454,2454,0.9741961095672886,0.9741961095672886
calibration_scale_camera_1201,1201,scale_camera,24,car_A.window,2,True,2413,True,True,True,True,2458,2458,2393,2393,0.9656981436642453,0.9656981436642453
calibration_scale_camera_1201,1201,scale_camera,25,car_A.window,2,True,2378,True,True,True,True,2428,2428,2356,2356,0.9616326530612245,0.9616326530612245
calibration_scale_camera_1201,1201,scale_camera,26,car_A.window,2,True,2336,True,True,True,True,2387,2387,2322,2322,0.9670970428987922,0.9670970428987922
calibration_scale_camera_1201,1201,scale_camera,27,car_A.window,2,True,2279,True,True,True,True,2348,2348,2259,2259,0.9539695945945946,0.9539695945945946
calibration_scale_camera_1201,1201,scale_camera,28,car_A.window,2,True,2276,True,True,True,True,2319,2319,2268,2268,0.974645466265578,0.974645466265578
calibration_scale_camera_1201,1201,scale_camera,29,car_A.window,2,True,2242,True,True,True,True,2257,2257,2222,2222,0.9758454106280193,0.9758454106280193
calibration_scale_camera_1201,1201,scale_camera,30,car_A.window,2,True,2147,True,True,True,True,2212,2212,2139,2139,0.9635135135135136,0.9635135135135136
calibration_scale_camera_1201,1201,scale_camera,31,car_A.window,2,True,2146,True,True,True,True,2172,2172,2141,2141,0.9834634818557648,0.9834634818557648
calibration_scale_camera_1201,1201,scale_camera,32,car_A.window,2,True,2089,True,True,True,True,2120,2120,2082,2082,0.9788434414668548,0.9788434414668548
calibration_scale_camera_1201,1201,scale_camera,33,car_A.window,2,True,2052,True,True,True,True,2072,2072,2050,2050,0.9884281581485053,0.9884281581485053
calibration_scale_camera_1201,1201,scale_camera,34,car_A.window,2,True,2015,True,True,True,True,2066,2066,2002,2002,0.9629629629629629,0.9629629629629629
calibration_scale_camera_1201,1201,scale_camera,35,car_A.window,2,True,1958,True,True,True,True,1997,1997,1945,1945,0.9676616915422885,0.9676616915422885
calibration_scale_camera_1201,1201,scale_camera,36,car_A.window,2,True,1961,True,True,True,True,1971,1971,1953,1953,0.9868620515411825,0.9868620515411825
calibration_scale_camera_1201,1201,scale_camera,37,car_A.window,2,True,1869,True,True,True,True,1933,1933,1863,1863,0.960804538421867,0.960804538421867
calibration_scale_camera_1201,1201,scale_camera,38,car_A.window,2,True,1835,True,True,True,True,1884,1884,1831,1831,0.9698093220338984,0.9698093220338984
calibration_scale_camera_1201,1201,scale_camera,39,car_A.window,2,True,1830,True,True,True,True,1856,1856,1819,1819,0.9742903053026245,0.9742903053026245
calibration_scale_camera_1201,1201,scale_camera,40,car_A.window,2,True,1777,True,True,True,True,1824,1824,1768,1768,0.9645390070921985,0.9645390070921985
calibration_scale_camera_1201,1201,scale_camera,41,car_A.window,2,True,1746,True,True,True,True,1788,1788,1740,1740,0.9698996655518395,0.9698996655518395
calibration_scale_camera_1201,1201,scale_camera,42,car_A.window,2,True,1716,True,True,True,True,1762,1762,1712,1712,0.9694224235560589,0.9694224235560589
calibration_scale_camera_1201,1201,scale_camera,43,car_A.window,2,True,1663,True,True,True,True,1735,1735,1661,1661,0.9562464018422567,0.9562464018422567
calibration_scale_camera_1201,1201,scale_camera,44,car_A.window,2,True,1665,True,True,True,True,1745,1745,1662,1662,0.9508009153318078,0.9508009153318078
calibration_scale_camera_1201,1201,scale_camera,45,car_A.window,2,True,1634,True,True,True,True,1718,1718,1632,1632,0.9488372093023256,0.9488372093023256
calibration_scale_camera_1201,1201,scale_camera,46,car_A.window,2,True,1661,True,True,True,True,1678,1678,1648,1648,0.9745712596096984,0.9745712596096984
calibration_scale_camera_1201,1201,scale_camera,47,car_A.window,2,True,1658,True,True,True,True,1718,1718,1655,1655,0.9616502033701336,0.9616502033701336
calibration_scale_camera_1201,1201,scale_camera,48,car_A.window,2,True,1661,True,True,True,True,1680,1680,1650,1650,0.9757539917208752,0.9757539917208752
calibration_scale_camera_1201,1201,scale_camera,49,car_A.window,2,True,1658,True,True,True,True,1686,1686,1651,1651,0.9751919669226226,0.9751919669226226
calibration_scale_camera_1201,1201,scale_camera,50,car_A.window,2,True,1661,True,True,True,True,1688,1688,1652,1652,0.9734826163818503,0.9734826163818503
calibration_scale_camera_1201,1201,scale_camera,51,car_A.window,2,True,1634,True,True,True,True,1694,1694,1631,1631,0.9611078373600471,0.9611078373600471
calibration_scale_camera_1201,1201,scale_camera,52,car_A.window,2,True,1665,True,True,True,True,1706,1706,1656,1656,0.965597667638484,0.965597667638484
calibration_scale_camera_1201,1201,scale_camera,53,car_A.window,2,True,1663,True,True,True,True,1714,1714,1658,1658,0.9645142524723677,0.9645142524723677
calibration_scale_camera_1201,1201,scale_camera,54,car_A.window,2,True,1716,True,True,True,True,1742,1742,1711,1711,0.9793932455638237,0.9793932455638237
calibration_scale_camera_1201,1201,scale_camera,55,car_A.window,2,True,1746,True,True,True,True,1772,1772,1741,1741,0.979741136747327,0.979741136747327
calibration_scale_camera_1201,1201,scale_camera,56,car_A.window,2,True,1777,True,True,True,True,1812,1812,1771,1771,0.9741474147414741,0.9741474147414741
calibration_scale_camera_1201,1201,scale_camera,57,car_A.window,2,True,1830,True,True,True,True,1827,1827,1816,1816,0.986420423682781,0.986420423682781
calibration_scale_camera_1201,1201,scale_camera,58,car_A.window,2,True,1835,True,True,True,True,1862,1862,1833,1833,0.9833690987124464,0.9833690987124464
calibration_scale_camera_1201,1201,scale_camera,59,car_A.window,2,True,1869,True,True,True,True,1909,1909,1858,1858,0.9677083333333333,0.9677083333333333
calibration_scale_camera_1201,1201,scale_camera,60,car_A.window,2,True,1961,True,True,True,True,1949,1949,1944,1944,0.9888097660223805,0.9888097660223805
calibration_scale_camera_1201,1201,scale_camera,61,car_A.window,2,True,1958,True,True,True,True,1963,1963,1951,1951,0.9903553299492386,0.9903553299492386
calibration_scale_camera_1201,1201,scale_camera,62,car_A.window,2,True,2015,True,True,True,True,2019,2019,1995,1995,0.9784207945071113,0.9784207945071113
calibration_scale_camera_1201,1201,scale_camera,63,car_A.window,2,True,2052,True,True,True,True,2050,2050,2050,2050,0.9990253411306043,0.9990253411306043
calibration_scale_camera_1201,1201,scale_camera,1,car_B.front_door,3,True,3304,True,True,True,True,3301,3301,3301,3301,0.99909200968523,0.99909200968523
calibration_scale_camera_1201,1201,scale_camera,2,car_B.front_door,3,True,3304,True,True,True,True,3301,3301,3301,3301,0.99909200968523,0.99909200968523
calibration_scale_camera_1201,1201,scale_camera,3,car_B.front_door,3,True,3304,True,True,True,True,3301,3301,3301,3301,0.99909200968523,0.99909200968523
calibration_scale_camera_1201,1201,scale_camera,4,car_B.front_door,3,True,3190,True,True,True,True,3239,3239,3187,3187,0.9830351634793337,0.9830351634793337
calibration_scale_camera_1201,1201,scale_camera,5,car_B.front_door,3,True,3190,True,True,True,True,3172,3172,3161,3161,0.9875039050296782,0.9875039050296782
calibration_scale_camera_1201,1201,scale_camera,6,car_B.front_door,3,True,3132,True,True,True,True,3151,3151,3116,3116,0.9838964319545311,0.9838964319545311
calibration_scale_camera_1201,1201,scale_camera,7,car_B.front_door,3,True,3075,True,True,True,True,3087,3087,3053,3053,0.9819877774203924,0.9819877774203924
calibration_scale_camera_1201,1201,scale_camera,8,car_B.front_door,3,True,2967,True,True,True,True,3011,3011,2965,2965,0.9840690341851974,0.9840690341851974
calibration_scale_camera_1201,1201,scale_camera,9,car_B.front_door,3,True,2916,True,True,True,True,2948,2948,2909,2909,0.9844331641285956,0.9844331641285956
calibration_scale_camera_1201,1201,scale_camera,10,car_B.front_door,3,True,2858,True,True,True,True,2912,2912,2852,2852,0.9773817683344757,0.9773817683344757
calibration_scale_camera_1201,1201,scale_camera,11,car_B.front_door,3,True,2806,True,True,True,True,2859,2859,2799,2799,0.9766224703419399,0.9766224703419399
calibration_scale_camera_1201,1201,scale_camera,12,car_B.front_door,3,True,2805,True,True,True,True,2813,2813,2793,2793,0.9886725663716814,0.9886725663716814
calibration_scale_camera_1201,1201,scale_camera,13,car_B.front_door,3,True,2753,True,True,True,True,2779,2779,2745,2745,0.984930032292788,0.984930032292788
calibration_scale_camera_1201,1201,scale_camera,14,car_B.front_door,3,True,2753,True,True,True,True,2775,2775,2748,2748,0.9884892086330935,0.9884892086330935
calibration_scale_camera_1201,1201,scale_camera,15,car_B.front_door,3,True,2651,True,True,True,True,2715,2715,2650,2650,0.975699558173785,0.975699558173785
calibration_scale_camera_1201,1201,scale_camera,16,car_B.front_door,3,True,2648,True,True,True,True,2697,2697,2646,2646,0.9803630974434976,0.9803630974434976
calibration_scale_camera_1201,1201,scale_camera,17,car_B.front_door,3,True,2648,True,True,True,True,2695,2695,2644,2644,0.9796220822526862,0.9796220822526862
calibration_scale_camera_1201,1201,scale_camera,18,car_B.front_door,3,True,2647,True,True,True,True,2706,2706,2642,2642,0.9745481372187385,0.9745481372187385
calibration_scale_camera_1201,1201,scale_camera,19,car_B.front_door,3,True,2648,True,True,True,True,2706,2706,2646,2646,0.9771048744460856,0.9771048744460856
calibration_scale_camera_1201,1201,scale_camera,20,car_B.front_door,3,True,2648,True,True,True,True,2698,2698,2645,2645,0.9792669381710477,0.9792669381710477
calibration_scale_camera_1201,1201,scale_camera,21,car_B.front_door,3,True,2651,True,True,True,True,2717,2717,2651,2651,0.9757085020242915,0.9757085020242915
calibration_scale_camera_1201,1201,scale_camera,22,car_B.front_door,3,True,2753,True,True,True,True,2769,2769,2742,2742,0.9863309352517986,0.9863309352517986
calibration_scale_camera_1201,1201,scale_camera,23,car_B.front_door,3,True,2753,True,True,True,True,2771,2771,2747,2747,0.9891969751530428,0.9891969751530428
calibration_scale_camera_1201,1201,scale_camera,24,car_B.front_door,3,True,2805,True,True,True,True,2809,2809,2789,2789,0.9872566371681416,0.9872566371681416
calibration_scale_camera_1201,1201,scale_camera,25,car_B.front_door,3,True,2806,True,True,True,True,2857,2857,2802,2802,0.9793778399161133,0.9793778399161133
calibration_scale_camera_1201,1201,scale_camera,26,car_B.front_door,3,True,2858,True,True,True,True,2896,2896,2847,2847,0.9793601651186791,0.9793601651186791
calibration_scale_camera_1201,1201,scale_camera,27,car_B.front_door,3,True,2916,True,True,True,True,2948,2948,2903,2903,0.9804120229652145,0.9804120229652145
calibration_scale_camera_1201,1201,scale_camera,28,car_B.front_door,3,True,2967,True,True,True,True,3002,3002,2964,2964,0.9863560732113145,0.9863560732113145
calibration_scale_camera_1201,1201,scale_camera,29,car_B.front_door,3,True,3075,True,True,True,True,3099,3099,3064,3064,0.985209003215434,0.985209003215434
calibration_scale_camera_1201,1201,scale_camera,30,car_B.front_door,3,True,3132,True,True,True,True,3133,3133,3106,3106,0.9832225387780943,0.9832225387780943
calibration_scale_camera_1201,1201,scale_camera,31,car_B.front_door,3,True,3190,True,True,True,True,3187,3187,3172,3172,0.9897035881435258,0.9897035881435258
calibration_scale_camera_1201,1201,scale_camera,32,car_B.front_door,3,True,3190,True,True,True,True,3255,3255,3189,3189,0.9794226044226044,0.9794226044226044
calibration_scale_camera_1201,1201,scale_camera,33,car_B.front_door,3,True,3304,True,True,True,True,3301,3301,3301,3301,0.99909200968523,0.99909200968523
calibration_scale_camera_1201,1201,scale_camera,34,car_B.front_door,3,True,3420,True,True,True,True,3402,3402,3393,3393,0.989501312335958,0.989501312335958
calibration_scale_camera_1201,1201,scale_camera,35,car_B.front_door,3,True,3420,True,True,True,True,3468,3468,3412,3412,0.9815880322209436,0.9815880322209436
calibration_scale_camera_1201,1201,scale_camera,36,car_B.front_door,3,True,3481,True,True,True,True,3525,3525,3455,3455,0.9729653618698958,0.9729653618698958
calibration_scale_camera_1201,1201,scale_camera,37,car_B.front_door,3,True,3535,True,True,True,True,3576,3576,3532,3532,0.9868678401788209,0.9868678401788209
calibration_scale_camera_1201,1201,scale_camera,38,car_B.front_door,3,True,3659,True,True,True,True,3682,3682,3630,3630,0.9781729991915926,0.9781729991915926
calibration_scale_camera_1201,1201,scale_camera,39,car_B.front_door,3,True,3713,True,True,True,True,3739,3739,3705,3705,0.988791032826261,0.988791032826261
calibration_scale_camera_1201,1201,scale_camera,40,car_B.front_door,3,True,3777,True,True,True,True,3792,3792,3755,3755,0.9845306764551652,0.9845306764551652
calibration_scale_camera_1201,1201,scale_camera,41,car_B.front_door,3,True,3842,True,True,True,True,3851,3851,3809,3809,0.9806900102986612,0.9806900102986612
calibration_scale_camera_1201,1201,scale_camera,42,car_B.front_door,3,True,3837,True,True,True,True,3894,3894,3833,3833,0.9833247819394562,0.9833247819394562
calibration_scale_camera_1201,1201,scale_camera,43,car_B.front_door,3,True,3904,True,True,True,True,3936,3936,3891,3891,0.9853127374018739,0.9853127374018739
calibration_scale_camera_1201,1201,scale_camera,44,car_B.front_door,3,True,3904,True,True,True,True,3930,3930,3887,3887,0.9847985812009121,0.9847985812009121
calibration_scale_camera_1201,1201,scale_camera,45,car_B.front_door,3,True,4034,True,True,True,True,4012,4012,3988,3988,0.9827501232134056,0.9827501232134056
calibration_scale_camera_1201,1201,scale_camera,46,car_B.front_door,3,True,4031,True,True,True,True,4022,4022,3987,3987,0.9805705853418594,0.9805705853418594
calibration_scale_camera_1201,1201,scale_camera,47,car_B.front_door,3,True,4031,True,True,True,True,4024,4024,3991,3991,0.9820374015748031,0.9820374015748031
calibration_scale_camera_1201,1201,scale_camera,48,car_B.front_door,3,True,4031,True,True,True,True,4021,4021,3989,3989,0.9817868570022151,0.9817868570022151
calibration_scale_camera_1201,1201,scale_camera,49,car_B.front_door,3,True,4031,True,True,True,True,4026,4026,3995,3995,0.9835056622353521,0.9835056622353521
calibration_scale_camera_1201,1201,scale_camera,50,car_B.front_door,3,True,4031,True,True,True,True,4016,4016,3986,3986,0.9815316424525978,0.9815316424525978
calibration_scale_camera_1201,1201,scale_camera,51,car_B.front_door,3,True,4034,True,True,True,True,3997,3997,3980,3980,0.9824734633423846,0.9824734633423846
calibration_scale_camera_1201,1201,scale_camera,52,car_B.front_door,3,True,3904,True,True,True,True,3931,3931,3885,3885,0.9835443037974684,0.9835443037974684
calibration_scale_camera_1201,1201,scale_camera,53,car_B.front_door,3,True,3904,True,True,True,True,3933,3933,3887,3887,0.9840506329113924,0.9840506329113924
calibration_scale_camera_1201,1201,scale_camera,54,car_B.front_door,3,True,3837,True,True,True,True,3890,3890,3831,3831,0.9833162217659137,0.9833162217659137
calibration_scale_camera_1201,1201,scale_camera,55,car_B.front_door,3,True,3842,True,True,True,True,3853,3853,3813,3813,0.982225656877898,0.982225656877898
calibration_scale_camera_1201,1201,scale_camera,56,car_B.front_door,3,True,3777,True,True,True,True,3789,3789,3749,3749,0.9821849620120513,0.9821849620120513
calibration_scale_camera_1201,1201,scale_camera,57,car_B.front_door,3,True,3713,True,True,True,True,3735,3735,3703,3703,0.9887850467289719,0.9887850467289719
calibration_scale_camera_1201,1201,scale_camera,58,car_B.front_door,3,True,3659,True,True,True,True,3697,3697,3636,3636,0.9774193548387097,0.9774193548387097
calibration_scale_camera_1201,1201,scale_camera,59,car_B.front_door,3,True,3535,True,True,True,True,3611,3611,3532,3532,0.9773104593248478,0.9773104593248478
calibration_scale_camera_1201,1201,scale_camera,60,car_B.front_door,3,True,3481,True,True,True,True,3521,3521,3457,3457,0.9751763046544428,0.9751763046544428
calibration_scale_camera_1201,1201,scale_camera,61,car_B.front_door,3,True,3420,True,True,True,True,3500,3500,3417,3417,0.9754496146160434,0.9754496146160434
calibration_scale_camera_1201,1201,scale_camera,62,car_B.front_door,3,True,3420,True,True,True,True,3418,3418,3400,3400,0.9889470622454916,0.9889470622454916
calibration_scale_camera_1201,1201,scale_camera,63,car_B.front_door,3,True,3304,True,True,True,True,3308,3308,3302,3302,0.997583081570997,0.997583081570997
calibration_scale_camera_1201,1201,scale_camera,1,car_B.window,4,True,2052,True,True,True,True,2051,2051,2051,2051,0.9995126705653021,0.9995126705653021
calibration_scale_camera_1201,1201,scale_camera,2,car_B.window,4,True,2052,True,True,True,True,2051,2051,2051,2051,0.9995126705653021,0.9995126705653021
calibration_scale_camera_1201,1201,scale_camera,3,car_B.window,4,True,2052,True,True,True,True,2051,2051,2051,2051,0.9995126705653021,0.9995126705653021
calibration_scale_camera_1201,1201,scale_camera,4,car_B.window,4,True,2015,True,True,True,True,2031,2031,2003,2003,0.9804209495839452,0.9804209495839452
calibration_scale_camera_1201,1201,scale_camera,5,car_B.window,4,True,1958,True,True,True,True,1980,1980,1948,1948,0.978894472361809,0.978894472361809
calibration_scale_camera_1201,1201,scale_camera,6,car_B.window,4,True,1961,True,True,True,True,1938,1938,1933,1933,0.9832146490335707,0.9832146490335707
calibration_scale_camera_1201,1201,scale_camera,7,car_B.window,4,True,1869,True,True,True,True,1893,1893,1853,1853,0.9706652697747512,0.9706652697747512
calibration_scale_camera_1201,1201,scale_camera,8,car_B.window,4,True,1835,True,True,True,True,1850,1850,1833,1833,0.9897408207343412,0.9897408207343412
calibration_scale_camera_1201,1201,scale_camera,9,car_B.window,4,True,1830,True,True,True,True,1813,1813,1802,1802,0.9788158609451385,0.9788158609451385
calibration_scale_camera_1201,1201,scale_camera,10,car_B.window,4,True,1777,True,True,True,True,1796,1796,1765,1765,0.9762168141592921,0.9762168141592921
calibration_scale_camera_1201,1201,scale_camera,11,car_B.window,4,True,1746,True,True,True,True,1756,1756,1734,1734,0.9807692307692307,0.9807692307692307
calibration_scale_camera_1201,1201,scale_camera,12,car_B.window,4,True,1716,True,True,True,True,1725,1725,1707,1707,0.9844290657439446,0.9844290657439446
calibration_scale_camera_1201,1201,scale_camera,13,car_B.window,4,True,1663,True,True,True,True,1700,1700,1654,1654,0.967817437097718,0.967817437097718
calibration_scale_camera_1201,1201,scale_camera,14,car_B.window,4,True,1665,True,True,True,True,1702,1702,1655,1655,0.9667056074766355,0.9667056074766355
calibration_scale_camera_1201,1201,scale_camera,15,car_B.window,4,True,1634,True,True,True,True,1676,1676,1632,1632,0.9725864123957092,0.9725864123957092
calibration_scale_camera_1201,1201,scale_camera,16,car_B.window,4,True,1661,True,True,True,True,1675,1675,1647,1647,0.9751332149200711,0.9751332149200711
calibration_scale_camera_1201,1201,scale_camera,17,car_B.window,4,True,1658,True,True,True,True,1677,1677,1645,1645,0.9733727810650887,0.9733727810650887
calibration_scale_camera_1201,1201,scale_camera,18,car_B.window,4,True,1661,True,True,True,True,1669,1669,1643,1643,0.973918197984588,0.973918197984588
calibration_scale_camera_1201,1201,scale_camera,19,car_B.window,4,True,1658,True,True,True,True,1673,1673,1646,1646,0.9768545994065282,0.9768545994065282
calibration_scale_camera_1201,1201,scale_camera,20,car_B.window,4,True,1661,True,True,True,True,1678,1678,1650,1650,0.9769094138543517,0.9769094138543517
calibration_scale_camera_1201,1201,scale_camera,21,car_B.window,4,True,1634,True,True,True,True,1676,1676,1633,1633,0.97376267143709,0.97376267143709
calibration_scale_camera_1201,1201,scale_camera,22,car_B.window,4,True,1665,True,True,True,True,1701,1701,1653,1653,0.9649737302977233,0.9649737302977233
calibration_scale_camera_1201,1201,scale_camera,23,car_B.window,4,True,1663,True,True,True,True,1696,1696,1655,1655,0.971244131455399,0.971244131455399
calibration_scale_camera_1201,1201,scale_camera,24,car_B.window,4,True,1716,True,True,True,True,1728,1728,1709,1709,0.985014409221902,0.985014409221902
calibration_scale_camera_1201,1201,scale_camera,25,car_B.window,4,True,1746,True,True,True,True,1757,1757,1732,1732,0.9779785431959345,0.9779785431959345
calibration_scale_camera_1201,1201,scale_camera,26,car_B.window,4,True,1777,True,True,True,True,1803,1803,1764,1764,0.9713656387665198,0.9713656387665198
calibration_scale_camera_1201,1201,scale_camera,27,car_B.window,4,True,1830,True,True,True,True,1822,1822,1814,1814,0.9869423286180631,0.9869423286180631
calibration_scale_camera_1201,1201,scale_camera,28,car_B.window,4,True,1835,True,True,True,True,1859,1859,1831,1831,0.9828234031132582,0.9828234031132582
calibration_scale_camera_1201,1201,scale_camera,29,car_B.window,4,True,1869,True,True,True,True,1902,1902,1857,1857,0.9702194357366771,0.9702194357366771
calibration_scale_camera_1201,1201,scale_camera,30,car_B.window,4,True,1961,True,True,True,True,1961,1961,1945,1945,0.9838138593829034,0.9838138593829034
calibration_scale_camera_1201,1201,scale_camera,31,car_B.window,4,True,1958,True,True,True,True,1978,1978,1945,1945,0.9768960321446509,0.9768960321446509
calibration_scale_camera_1201,1201,scale_camera,32,car_B.window,4,True,2015,True,True,True,True,2032,2032,1998,1998,0.9751098096632503,0.9751098096632503
calibration_scale_camera_1201,1201,scale_camera,33,car_B.window,4,True,2052,True,True,True,True,2050,2050,2050,2050,0.9990253411306043,0.9990253411306043
calibration_scale_camera_1201,1201,scale_camera,34,car_B.window,4,True,2089,True,True,True,True,2093,2093,2067,2067,0.9773049645390071,0.9773049645390071
calibration_scale_camera_1201,1201,scale_camera,35,car_B.window,4,True,2146,True,True,True,True,2142,2142,2131,2131,0.9879462216040797,0.9879462216040797
calibration_scale_camera_1201,1201,scale_camera,36,car_B.window,4,True,2147,True,True,True,True,2188,2188,2140,2140,0.9749430523917996,0.9749430523917996
calibration_scale_camera_1201,1201,scale_camera,37,car_B.window,4,True,2242,True,True,True,True,2236,2236,2219,2219,0.9822930500221337,0.9822930500221337
calibration_scale_camera_1201,1201,scale_camera,38,car_B.window,4,True,2276,True,True,True,True,2279,2279,2259,2259,0.9838850174216028,0.9838850174216028
calibration_scale_camera_1201,1201,scale_camera,39,car_B.window,4,True,2279,True,True,True,True,2326,2326,2262,2262,0.9654289372599232,0.9654289372599232
calibration_scale_camera_1201,1201,scale_camera,40,car_B.window,4,True,2336,True,True,True,True,2351,2351,2322,2322,0.9818181818181818,0.9818181818181818
calibration_scale_camera_1201,1201,scale_camera,41,car_B.window,4,True,2378,True,True,True,True,2396,2396,2360,2360,0.9776304888152444,0.9776304888152444
calibration_scale_camera_1201,1201,scale_camera,42,car_B.window,4,True,2413,True,True,True,True,2419,2419,2387,2387,0.9762781186094069,0.9762781186094069
calibration_scale_camera_1201,1201,scale_camera,43,car_B.window,4,True,2472,True,True,True,True,2459,2459,2442,2442,0.9811169144234633,0.9811169144234633
calibration_scale_camera_1201,1201,scale_camera,44,car_B.window,4,True,2472,True,True,True,True,2463,2463,2443,2443,0.9803370786516854,0.9803370786516854
calibration_scale_camera_1201,1201,scale_camera,45,car_B.window,4,True,2513,True,True,True,True,2483,2483,2471,2471,0.9786138613861386,0.9786138613861386
calibration_scale_camera_1201,1201,scale_camera,46,car_B.window,4,True,2478,True,True,True,True,2495,2495,2451,2451,0.971847739888977,0.971847739888977
calibration_scale_camera_1201,1201,scale_camera,47,car_B.window,4,True,2478,True,True,True,True,2489,2489,2448,2448,0.9718142119888845,0.9718142119888845
calibration_scale_camera_1201,1201,scale_camera,48,car_B.window,4,True,2478,True,True,True,True,2493,2493,2452,2452,0.9734021437078205,0.9734021437078205
calibration_scale_camera_1201,1201,scale_camera,49,car_B.window,4,True,2478,True,True,True,True,2487,2487,2447,2447,0.971803018268467,0.971803018268467
calibration_scale_camera_1201,1201,scale_camera,50,car_B.window,4,True,2478,True,True,True,True,2496,2496,2453,2453,0.9730265767552558,0.9730265767552558
calibration_scale_camera_1201,1201,scale_camera,51,car_B.window,4,True,2513,True,True,True,True,2487,2487,2471,2471,0.9770660340055358,0.9770660340055358
calibration_scale_camera_1201,1201,scale_camera,52,car_B.window,4,True,2472,True,True,True,True,2462,2462,2442,2442,0.9799357945425361,0.9799357945425361
calibration_scale_camera_1201,1201,scale_camera,53,car_B.window,4,True,2472,True,True,True,True,2458,2458,2442,2442,0.9815112540192926,0.9815112540192926
calibration_scale_camera_1201,1201,scale_camera,54,car_B.window,4,True,2413,True,True,True,True,2427,2427,2393,2393,0.9779321618308132,0.9779321618308132
calibration_scale_camera_1201,1201,scale_camera,55,car_B.window,4,True,2378,True,True,True,True,2396,2396,2360,2360,0.9776304888152444,0.9776304888152444
calibration_scale_camera_1201,1201,scale_camera,56,car_B.window,4,True,2336,True,True,True,True,2354,2354,2322,2322,0.9805743243243243,0.9805743243243243
calibration_scale_camera_1201,1201,scale_camera,57,car_B.window,4,True,2279,True,True,True,True,2324,2324,2260,2260,0.9645753307725139,0.9645753307725139
calibration_scale_camera_1201,1201,scale_camera,58,car_B.window,4,True,2276,True,True,True,True,2286,2286,2264,2264,0.9852045256744996,0.9852045256744996
calibration_scale_camera_1201,1201,scale_camera,59,car_B.window,4,True,2242,True,True,True,True,2238,2238,2223,2223,0.9849357554275587,0.9849357554275587
calibration_scale_camera_1201,1201,scale_camera,60,car_B.window,4,True,2147,True,True,True,True,2186,2186,2141,2141,0.9767335766423357,0.9767335766423357
calibration_scale_camera_1201,1201,scale_camera,61,car_B.window,4,True,2146,True,True,True,True,2160,2160,2143,2143,0.9907535829865927,0.9907535829865927
calibration_scale_camera_1201,1201,scale_camera,62,car_B.window,4,True,2089,True,True,True,True,2104,2104,2078,2078,0.9825059101654846,0.9825059101654846
calibration_scale_camera_1201,1201,scale_camera,63,car_B.window,4,True,2052,True,True,True,True,2050,2050,2050,2050,0.9990253411306043,0.9990253411306043
